INSERT INTO variant_attributes (variant_id, attr_key, attr_value, group_key) VALUES (1124, 'KOLI_AGIRLIGI', '~16,2 kg.', 'adet_agirlik');
INSERT INTO product_variants (id, product_id, variant_code, sort_order) VALUES (1125, 65, 'SKP-L90-D/120-M14', 1125);
INSERT INTO variant_attributes (variant_id, attr_key, attr_value, group_key) VALUES (1125, 'KABLO_KESITI', '120', 'kunye_filtre');
INSERT INTO variant_attributes (variant_id, attr_key, attr_value, group_key) VALUES (1125, 'CIVATA', 'M14', 'kunye_filtre');
INSERT INTO variant_attributes (variant_id, attr_key, attr_value, group_key) VALUES (1125, 'd1', '15.5', 'boyut');
INSERT INTO variant_attributes (variant_id, attr_key, attr_value, group_key) VALUES (1125, 'd4', '21', 'boyut');
INSERT INTO variant_attributes (variant_id, attr_key, attr_value, group_key) VALUES (1125, 'a', '35', 'boyut');
INSERT INTO variant_attributes (variant_id, attr_key, attr_value, group_key) VALUES (1125, 'd2', '15', 'boyut');
INSERT INTO variant_attributes (variant_id, attr_key, attr_value, group_key) VALUES (1125, 'b', '32', 'boyut');
INSERT INTO variant_attributes (variant_id, attr_key, attr_value, group_key) VALUES (1125, 'c1', '18', 'boyut');
INSERT INTO variant_attributes (variant_id, attr_key, attr_value, group_key) VALUES (1125, 'L3', '20', 'boyut');
INSERT INTO variant_attributes (variant_id, attr_key, attr_value, group_key) VALUES (1125, 'KUTU_ADEDI', '25', 'adet_agirlik');
INSERT INTO variant_attributes (variant_id, attr_key, attr_value, group_key) VALUES (1125, 'KUTU_AGIRLIGI', '~2,7 kg.', 'adet_agirlik');
INSERT INTO variant_attributes (variant_id, attr_key, attr_value, group_key) VALUES (1125, 'KOLI_ADEDI', '150.0', 'adet_agirlik');
INSERT INTO variant_attributes (variant_id, attr_key, attr_value, group_key) VALUES (1125, 'KOLI_AGIRLIGI', '~16,2 kg.', 'adet_agirlik');
INSERT INTO product_variants (id, product_id, variant_code, sort_order) VALUES (1126, 65, 'SKP-L90-D/120-M16', 1126);
INSERT INTO variant_attributes (variant_id, attr_key, attr_value, group_key) VALUES (1126, 'KABLO_KESITI', '120', 'kunye_filtre');
INSERT INTO variant_attributes (variant_id, attr_key, attr_value, group_key) VALUES (1126, 'CIVATA', 'M16', 'kunye_filtre');
INSERT INTO variant_attributes (variant_id, attr_key, attr_value, group_key) VALUES (1126, 'd1', '15.5', 'boyut');
INSERT INTO variant_attributes (variant_id, attr_key, attr_value, group_key) VALUES (1126, 'd4', '21', 'boyut');
INSERT INTO variant_attributes (variant_id, attr_key, attr_value, group_key) VALUES (1126, 'a', '35', 'boyut');
INSERT INTO variant_attributes (variant_id, attr_key, attr_value, group_key) VALUES (1126, 'd2', '17', 'boyut');
INSERT INTO variant_attributes (variant_id, attr_key, attr_value, group_key) VALUES (1126, 'b', '32', 'boyut');
INSERT INTO variant_attributes (variant_id, attr_key, attr_value, group_key) VALUES (1126, 'c1', '19', 'boyut');
INSERT INTO variant_attributes (variant_id, attr_key, attr_value, group_key) VALUES (1126, 'L3', '22', 'boyut');
INSERT INTO variant_attributes (variant_id, attr_key, attr_value, group_key) VALUES (1126, 'KUTU_ADEDI', '25', 'adet_agirlik');
INSERT INTO variant_attributes (variant_id, attr_key, attr_value, group_key) VALUES (1126, 'KUTU_AGIRLIGI', '~2,7 kg.', 'adet_agirlik');
INSERT INTO variant_attributes (variant_id, attr_key, attr_value, group_key) VALUES (1126, 'KOLI_ADEDI', '150.0', 'adet_agirlik');
INSERT INTO variant_attributes (variant_id, attr_key, attr_value, group_key) VALUES (1126, 'KOLI_AGIRLIGI', '~16,2 kg.', 'adet_agirlik');
INSERT INTO product_variants (id, product_id, variant_code, sort_order) VALUES (1127, 65, 'SKP-L90-D/120-M20', 1127);
INSERT INTO variant_attributes (variant_id, attr_key, attr_value, group_key) VALUES (1127, 'KABLO_KESITI', '120', 'kunye_filtre');
INSERT INTO variant_attributes (variant_id, attr_key, attr_value, group_key) VALUES (1127, 'CIVATA', 'M20', 'kunye_filtre');
INSERT INTO variant_attributes (variant_id, attr_key, attr_value, group_key) VALUES (1127, 'd1', '15.5', 'boyut');
INSERT INTO variant_attributes (variant_id, attr_key, attr_value, group_key) VALUES (1127, 'd4', '21', 'boyut');
INSERT INTO variant_attributes (variant_id, attr_key, attr_value, group_key) VALUES (1127, 'a', '35', 'boyut');
INSERT INTO variant_attributes (variant_id, attr_key, attr_value, group_key) VALUES (1127, 'd2', '21', 'boyut');
INSERT INTO variant_attributes (variant_id, attr_key, attr_value, group_key) VALUES (1127, 'b', '38', 'boyut');
INSERT INTO variant_attributes (variant_id, attr_key, attr_value, group_key) VALUES (1127, 'c1', '21', 'boyut');
INSERT INTO variant_attributes (variant_id, attr_key, attr_value, group_key) VALUES (1127, 'L3', '24', 'boyut');
INSERT INTO variant_attributes (variant_id, attr_key, attr_value, group_key) VALUES (1127, 'KUTU_ADEDI', '25', 'adet_agirlik');
INSERT INTO variant_attributes (variant_id, attr_key, attr_value, group_key) VALUES (1127, 'KUTU_AGIRLIGI', '~2,8 kg.', 'adet_agirlik');
INSERT INTO variant_attributes (variant_id, attr_key, attr_value, group_key) VALUES (1127, 'KOLI_ADEDI', '150.0', 'adet_agirlik');
INSERT INTO variant_attributes (variant_id, attr_key, attr_value, group_key) VALUES (1127, 'KOLI_AGIRLIGI', '~16,8 kg.', 'adet_agirlik');
INSERT INTO product_variants (id, product_id, variant_code, sort_order) VALUES (1128, 65, 'SKP-L90-D/150-M10', 1128);
INSERT INTO variant_attributes (variant_id, attr_key, attr_value, group_key) VALUES (1128, 'KABLO_KESITI', '150', 'kunye_filtre');
INSERT INTO variant_attributes (variant_id, attr_key, attr_value, group_key) VALUES (1128, 'CIVATA', 'M10', 'kunye_filtre');
INSERT INTO variant_attributes (variant_id, attr_key, attr_value, group_key) VALUES (1128, 'd1', '17', 'boyut');
INSERT INTO variant_attributes (variant_id, attr_key, attr_value, group_key) VALUES (1128, 'd4', '23.5', 'boyut');
INSERT INTO variant_attributes (variant_id, attr_key, attr_value, group_key) VALUES (1128, 'a', '35', 'boyut');
INSERT INTO variant_attributes (variant_id, attr_key, attr_value, group_key) VALUES (1128, 'd2', '10.5', 'boyut');
INSERT INTO variant_attributes (variant_id, attr_key, attr_value, group_key) VALUES (1128, 'b', '34', 'boyut');
INSERT INTO variant_attributes (variant_id, attr_key, attr_value, group_key) VALUES (1128, 'c1', '15', 'boyut');
INSERT INTO variant_attributes (variant_id, attr_key, attr_value, group_key) VALUES (1128, 'L3', '17', 'boyut');
INSERT INTO variant_attributes (variant_id, attr_key, attr_value, group_key) VALUES (1128, 'KUTU_ADEDI', '15', 'adet_agirlik');
INSERT INTO variant_attributes (variant_id, attr_key, attr_value, group_key) VALUES (1128, 'KUTU_AGIRLIGI', '~2,1 kg.', 'adet_agirlik');
INSERT INTO variant_attributes (variant_id, attr_key, attr_value, group_key) VALUES (1128, 'KOLI_ADEDI', '90.0', 'adet_agirlik');
INSERT INTO variant_attributes (variant_id, attr_key, attr_value, group_key) VALUES (1128, 'KOLI_AGIRLIGI', '~12,6 kg.', 'adet_agirlik');
INSERT INTO product_variants (id, product_id, variant_code, sort_order) VALUES (1129, 65, 'SKP-L90-D/150-M12', 1129);
INSERT INTO variant_attributes (variant_id, attr_key, attr_value, group_key) VALUES (1129, 'KABLO_KESITI', '150', 'kunye_filtre');
INSERT INTO variant_attributes (variant_id, attr_key, attr_value, group_key) VALUES (1129, 'CIVATA', 'M12', 'kunye_filtre');
INSERT INTO variant_attributes (variant_id, attr_key, attr_value, group_key) VALUES (1129, 'd1', '17', 'boyut');
INSERT INTO variant_attributes (variant_id, attr_key, attr_value, group_key) VALUES (1129, 'd4', '23.5', 'boyut');
INSERT INTO variant_attributes (variant_id, attr_key, attr_value, group_key) VALUES (1129, 'a', '35', 'boyut');
INSERT INTO variant_attributes (variant_id, attr_key, attr_value, group_key) VALUES (1129, 'd2', '13', 'boyut');
INSERT INTO variant_attributes (variant_id, attr_key, attr_value, group_key) VALUES (1129, 'b', '34', 'boyut');
INSERT INTO variant_attributes (variant_id, attr_key, attr_value, group_key) VALUES (1129, 'c1', '16', 'boyut');
INSERT INTO variant_attributes (variant_id, attr_key, attr_value, group_key) VALUES (1129, 'L3', '18', 'boyut');
INSERT INTO variant_attributes (variant_id, attr_key, attr_value, group_key) VALUES (1129, 'KUTU_ADEDI', '15', 'adet_agirlik');
INSERT INTO variant_attributes (variant_id, attr_key, attr_value, group_key) VALUES (1129, 'KUTU_AGIRLIGI', '~2,1 kg.', 'adet_agirlik');
INSERT INTO variant_attributes (variant_id, attr_key, attr_value, group_key) VALUES (1129, 'KOLI_ADEDI', '90.0', 'adet_agirlik');
INSERT INTO variant_attributes (variant_id, attr_key, attr_value, group_key) VALUES (1129, 'KOLI_AGIRLIGI', '~12,6 kg.', 'adet_agirlik');
INSERT INTO product_variants (id, product_id, variant_code, sort_order) VALUES (1130, 65, 'SKP-L90-D/150-M14', 1130);
INSERT INTO variant_attributes (variant_id, attr_key, attr_value, group_key) VALUES (1130, 'KABLO_KESITI', '150', 'kunye_filtre');
INSERT INTO variant_attributes (variant_id, attr_key, attr_value, group_key) VALUES (1130, 'CIVATA', 'M14', 'kunye_filtre');
INSERT INTO variant_attributes (variant_id, attr_key, attr_value, group_key) VALUES (1130, 'd1', '17', 'boyut');
INSERT INTO variant_attributes (variant_id, attr_key, attr_value, group_key) VALUES (1130, 'd4', '23.5', 'boyut');
INSERT INTO variant_attributes (variant_id, attr_key, attr_value, group_key) VALUES (1130, 'a', '35', 'boyut');
INSERT INTO variant_attributes (variant_id, attr_key, attr_value, group_key) VALUES (1130, 'd2', '15', 'boyut');
INSERT INTO variant_attributes (variant_id, attr_key, attr_value, group_key) VALUES (1130, 'b', '34', 'boyut');
INSERT INTO variant_attributes (variant_id, attr_key, attr_value, group_key) VALUES (1130, 'c1', '19', 'boyut');
INSERT INTO variant_attributes (variant_id, attr_key, attr_value, group_key) VALUES (1130, 'L3', '20', 'boyut');
INSERT INTO variant_attributes (variant_id, attr_key, attr_value, group_key) VALUES (1130, 'KUTU_ADEDI', '15', 'adet_agirlik');
INSERT INTO variant_attributes (variant_id, attr_key, attr_value, group_key) VALUES (1130, 'KUTU_AGIRLIGI', '~2,3 kg.', 'adet_agirlik');
INSERT INTO variant_attributes (variant_id, attr_key, attr_value, group_key) VALUES (1130, 'KOLI_ADEDI', '90.0', 'adet_agirlik');
INSERT INTO variant_attributes (variant_id, attr_key, attr_value, group_key) VALUES (1130, 'KOLI_AGIRLIGI', '~13,8 kg.', 'adet_agirlik');
INSERT INTO product_variants (id, product_id, variant_code, sort_order) VALUES (1131, 65, 'SKP-L90-D/150-M16', 1131);
INSERT INTO variant_attributes (variant_id, attr_key, attr_value, group_key) VALUES (1131, 'KABLO_KESITI', '150', 'kunye_filtre');
INSERT INTO variant_attributes (variant_id, attr_key, attr_value, group_key) VALUES (1131, 'CIVATA', 'M16', 'kunye_filtre');
INSERT INTO variant_attributes (variant_id, attr_key, attr_value, group_key) VALUES (1131, 'd1', '17', 'boyut');
INSERT INTO variant_attributes (variant_id, attr_key, attr_value, group_key) VALUES (1131, 'd4', '23.5', 'boyut');
INSERT INTO variant_attributes (variant_id, attr_key, attr_value, group_key) VALUES (1131, 'a', '35', 'boyut');
INSERT INTO variant_attributes (variant_id, attr_key, attr_value, group_key) VALUES (1131, 'd2', '17', 'boyut');
INSERT INTO variant_attributes (variant_id, attr_key, attr_value, group_key) VALUES (1131, 'b', '34', 'boyut');
INSERT INTO variant_attributes (variant_id, attr_key, attr_value, group_key) VALUES (1131, 'c1', '19', 'boyut');
INSERT INTO variant_attributes (variant_id, attr_key, attr_value, group_key) VALUES (1131, 'L3', '22', 'boyut');
INSERT INTO variant_attributes (variant_id, attr_key, attr_value, group_key) VALUES (1131, 'KUTU_ADEDI', '15', 'adet_agirlik');
INSERT INTO variant_attributes (variant_id, attr_key, attr_value, group_key) VALUES (1131, 'KUTU_AGIRLIGI', '~2,3 kg.', 'adet_agirlik');
INSERT INTO variant_attributes (variant_id, attr_key, attr_value, group_key) VALUES (1131, 'KOLI_ADEDI', '90.0', 'adet_agirlik');
INSERT INTO variant_attributes (variant_id, attr_key, attr_value, group_key) VALUES (1131, 'KOLI_AGIRLIGI', '~13,8 kg.', 'adet_agirlik');
INSERT INTO product_variants (id, product_id, variant_code, sort_order) VALUES (1132, 65, 'SKP-L90-D/150-M20', 1132);
INSERT INTO variant_attributes (variant_id, attr_key, attr_value, group_key) VALUES (1132, 'KABLO_KESITI', '150', 'kunye_filtre');
INSERT INTO variant_attributes (variant_id, attr_key, attr_value, group_key) VALUES (1132, 'CIVATA', 'M20', 'kunye_filtre');
INSERT INTO variant_attributes (variant_id, attr_key, attr_value, group_key) VALUES (1132, 'd1', '17', 'boyut');
INSERT INTO variant_attributes (variant_id, attr_key, attr_value, group_key) VALUES (1132, 'd4', '23.5', 'boyut');
INSERT INTO variant_attributes (variant_id, attr_key, attr_value, group_key) VALUES (1132, 'a', '35', 'boyut');
INSERT INTO variant_attributes (variant_id, attr_key, attr_value, group_key) VALUES (1132, 'd2', '21', 'boyut');
INSERT INTO variant_attributes (variant_id, attr_key, attr_value, group_key) VALUES (1132, 'b', '40', 'boyut');
INSERT INTO variant_attributes (variant_id, attr_key, attr_value, group_key) VALUES (1132, 'c1', '21', 'boyut');
INSERT INTO variant_attributes (variant_id, attr_key, attr_value, group_key) VALUES (1132, 'L3', '24', 'boyut');
INSERT INTO variant_attributes (variant_id, attr_key, attr_value, group_key) VALUES (1132, 'KUTU_ADEDI', '15', 'adet_agirlik');
INSERT INTO variant_attributes (variant_id, attr_key, attr_value, group_key) VALUES (1132, 'KUTU_AGIRLIGI', '~2,4 kg.', 'adet_agirlik');
INSERT INTO variant_attributes (variant_id, attr_key, attr_value, group_key) VALUES (1132, 'KOLI_ADEDI', '90.0', 'adet_agirlik');
INSERT INTO variant_attributes (variant_id, attr_key, attr_value, group_key) VALUES (1132, 'KOLI_AGIRLIGI', '~14,4 kg.', 'adet_agirlik');
INSERT INTO product_variants (id, product_id, variant_code, sort_order) VALUES (1133, 65, 'SKP-L90-D/185-M10', 1133);
INSERT INTO variant_attributes (variant_id, attr_key, attr_value, group_key) VALUES (1133, 'KABLO_KESITI', '185', 'kunye_filtre');
INSERT INTO variant_attributes (variant_id, attr_key, attr_value, group_key) VALUES (1133, 'CIVATA', 'M10', 'kunye_filtre');
INSERT INTO variant_attributes (variant_id, attr_key, attr_value, group_key) VALUES (1133, 'd1', '19', 'boyut');
INSERT INTO variant_attributes (variant_id, attr_key, attr_value, group_key) VALUES (1133, 'd4', '25.5', 'boyut');
INSERT INTO variant_attributes (variant_id, attr_key, attr_value, group_key) VALUES (1133, 'a', '40', 'boyut');
INSERT INTO variant_attributes (variant_id, attr_key, attr_value, group_key) VALUES (1133, 'd2', '10.5', 'boyut');
INSERT INTO variant_attributes (variant_id, attr_key, attr_value, group_key) VALUES (1133, 'b', '37', 'boyut');
INSERT INTO variant_attributes (variant_id, attr_key, attr_value, group_key) VALUES (1133, 'c1', '15', 'boyut');
INSERT INTO variant_attributes (variant_id, attr_key, attr_value, group_key) VALUES (1133, 'L3', '22', 'boyut');
INSERT INTO variant_attributes (variant_id, attr_key, attr_value, group_key) VALUES (1133, 'KUTU_ADEDI', '15', 'adet_agirlik');
INSERT INTO variant_attributes (variant_id, attr_key, attr_value, group_key) VALUES (1133, 'KUTU_AGIRLIGI', '~2,8 kg.', 'adet_agirlik');
INSERT INTO variant_attributes (variant_id, attr_key, attr_value, group_key) VALUES (1133, 'KOLI_ADEDI', '90.0', 'adet_agirlik');
INSERT INTO variant_attributes (variant_id, attr_key, attr_value, group_key) VALUES (1133, 'KOLI_AGIRLIGI', '~16,8 kg.', 'adet_agirlik');
INSERT INTO product_variants (id, product_id, variant_code, sort_order) VALUES (1134, 65, 'SKP-L90-D/185-M12', 1134);
INSERT INTO variant_attributes (variant_id, attr_key, attr_value, group_key) VALUES (1134, 'KABLO_KESITI', '185', 'kunye_filtre');
INSERT INTO variant_attributes (variant_id, attr_key, attr_value, group_key) VALUES (1134, 'CIVATA', 'M12', 'kunye_filtre');
INSERT INTO variant_attributes (variant_id, attr_key, attr_value, group_key) VALUES (1134, 'd1', '19', 'boyut');
INSERT INTO variant_attributes (variant_id, attr_key, attr_value, group_key) VALUES (1134, 'd4', '25.5', 'boyut');
INSERT INTO variant_attributes (variant_id, attr_key, attr_value, group_key) VALUES (1134, 'a', '40', 'boyut');
INSERT INTO variant_attributes (variant_id, attr_key, attr_value, group_key) VALUES (1134, 'd2', '13', 'boyut');
INSERT INTO variant_attributes (variant_id, attr_key, attr_value, group_key) VALUES (1134, 'b', '37', 'boyut');
INSERT INTO variant_attributes (variant_id, attr_key, attr_value, group_key) VALUES (1134, 'c1', '16', 'boyut');
INSERT INTO variant_attributes (variant_id, attr_key, attr_value, group_key) VALUES (1134, 'L3', '22', 'boyut');
INSERT INTO variant_attributes (variant_id, attr_key, attr_value, group_key) VALUES (1134, 'KUTU_ADEDI', '15', 'adet_agirlik');
INSERT INTO variant_attributes (variant_id, attr_key, attr_value, group_key) VALUES (1134, 'KUTU_AGIRLIGI', '~2,8 kg.', 'adet_agirlik');
INSERT INTO variant_attributes (variant_id, attr_key, attr_value, group_key) VALUES (1134, 'KOLI_ADEDI', '90.0', 'adet_agirlik');
INSERT INTO variant_attributes (variant_id, attr_key, attr_value, group_key) VALUES (1134, 'KOLI_AGIRLIGI', '~16,8 kg.', 'adet_agirlik');
INSERT INTO product_variants (id, product_id, variant_code, sort_order) VALUES (1135, 65, 'SKP-L90-D/185-M14', 1135);
INSERT INTO variant_attributes (variant_id, attr_key, attr_value, group_key) VALUES (1135, 'KABLO_KESITI', '185', 'kunye_filtre');
INSERT INTO variant_attributes (variant_id, attr_key, attr_value, group_key) VALUES (1135, 'CIVATA', 'M14', 'kunye_filtre');
INSERT INTO variant_attributes (variant_id, attr_key, attr_value, group_key) VALUES (1135, 'd1', '19', 'boyut');
INSERT INTO variant_attributes (variant_id, attr_key, attr_value, group_key) VALUES (1135, 'd4', '25.5', 'boyut');
INSERT INTO variant_attributes (variant_id, attr_key, attr_value, group_key) VALUES (1135, 'a', '40', 'boyut');
INSERT INTO variant_attributes (variant_id, attr_key, attr_value, group_key) VALUES (1135, 'd2', '15', 'boyut');
INSERT INTO variant_attributes (variant_id, attr_key, attr_value, group_key) VALUES (1135, 'b', '37', 'boyut');
INSERT INTO variant_attributes (variant_id, attr_key, attr_value, group_key) VALUES (1135, 'c1', '19', 'boyut');
INSERT INTO variant_attributes (variant_id, attr_key, attr_value, group_key) VALUES (1135, 'L3', '22', 'boyut');
INSERT INTO variant_attributes (variant_id, attr_key, attr_value, group_key) VALUES (1135, 'KUTU_ADEDI', '15', 'adet_agirlik');
INSERT INTO variant_attributes (variant_id, attr_key, attr_value, group_key) VALUES (1135, 'KUTU_AGIRLIGI', '~2,9 kg.', 'adet_agirlik');
INSERT INTO variant_attributes (variant_id, attr_key, attr_value, group_key) VALUES (1135, 'KOLI_ADEDI', '90.0', 'adet_agirlik');
INSERT INTO variant_attributes (variant_id, attr_key, attr_value, group_key) VALUES (1135, 'KOLI_AGIRLIGI', '~17,4 kg.', 'adet_agirlik');
INSERT INTO product_variants (id, product_id, variant_code, sort_order) VALUES (1136, 65, 'SKP-L90-D/185-M16', 1136);
INSERT INTO variant_attributes (variant_id, attr_key, attr_value, group_key) VALUES (1136, 'KABLO_KESITI', '185', 'kunye_filtre');
INSERT INTO variant_attributes (variant_id, attr_key, attr_value, group_key) VALUES (1136, 'CIVATA', 'M16', 'kunye_filtre');
INSERT INTO variant_attributes (variant_id, attr_key, attr_value, group_key) VALUES (1136, 'd1', '19', 'boyut');
INSERT INTO variant_attributes (variant_id, attr_key, attr_value, group_key) VALUES (1136, 'd4', '25.5', 'boyut');
INSERT INTO variant_attributes (variant_id, attr_key, attr_value, group_key) VALUES (1136, 'a', '40', 'boyut');
INSERT INTO variant_attributes (variant_id, attr_key, attr_value, group_key) VALUES (1136, 'd2', '17', 'boyut');
INSERT INTO variant_attributes (variant_id, attr_key, attr_value, group_key) VALUES (1136, 'b', '37', 'boyut');
INSERT INTO variant_attributes (variant_id, attr_key, attr_value, group_key) VALUES (1136, 'c1', '19', 'boyut');
INSERT INTO variant_attributes (variant_id, attr_key, attr_value, group_key) VALUES (1136, 'L3', '22', 'boyut');
INSERT INTO variant_attributes (variant_id, attr_key, attr_value, group_key) VALUES (1136, 'KUTU_ADEDI', '15', 'adet_agirlik');
INSERT INTO variant_attributes (variant_id, attr_key, attr_value, group_key) VALUES (1136, 'KUTU_AGIRLIGI', '~2,9 kg.', 'adet_agirlik');
INSERT INTO variant_attributes (variant_id, attr_key, attr_value, group_key) VALUES (1136, 'KOLI_ADEDI', '90.0', 'adet_agirlik');
INSERT INTO variant_attributes (variant_id, attr_key, attr_value, group_key) VALUES (1136, 'KOLI_AGIRLIGI', '~17,4 kg.', 'adet_agirlik');
INSERT INTO product_variants (id, product_id, variant_code, sort_order) VALUES (1137, 65, 'SKP-L90-D/185-M20', 1137);
INSERT INTO variant_attributes (variant_id, attr_key, attr_value, group_key) VALUES (1137, 'KABLO_KESITI', '185', 'kunye_filtre');
INSERT INTO variant_attributes (variant_id, attr_key, attr_value, group_key) VALUES (1137, 'CIVATA', 'M20', 'kunye_filtre');
INSERT INTO variant_attributes (variant_id, attr_key, attr_value, group_key) VALUES (1137, 'd1', '19', 'boyut');
INSERT INTO variant_attributes (variant_id, attr_key, attr_value, group_key) VALUES (1137, 'd4', '25.5', 'boyut');
INSERT INTO variant_attributes (variant_id, attr_key, attr_value, group_key) VALUES (1137, 'a', '40', 'boyut');
INSERT INTO variant_attributes (variant_id, attr_key, attr_value, group_key) VALUES (1137, 'd2', '21', 'boyut');
INSERT INTO variant_attributes (variant_id, attr_key, attr_value, group_key) VALUES (1137, 'b', '40', 'boyut');
INSERT INTO variant_attributes (variant_id, attr_key, attr_value, group_key) VALUES (1137, 'c1', '21', 'boyut');
INSERT INTO variant_attributes (variant_id, attr_key, attr_value, group_key) VALUES (1137, 'L3', '24', 'boyut');
INSERT INTO variant_attributes (variant_id, attr_key, attr_value, group_key) VALUES (1137, 'KUTU_ADEDI', '15', 'adet_agirlik');
INSERT INTO variant_attributes (variant_id, attr_key, attr_value, group_key) VALUES (1137, 'KUTU_AGIRLIGI', '~2,8 kg.', 'adet_agirlik');
INSERT INTO variant_attributes (variant_id, attr_key, attr_value, group_key) VALUES (1137, 'KOLI_ADEDI', '90.0', 'adet_agirlik');
INSERT INTO variant_attributes (variant_id, attr_key, attr_value, group_key) VALUES (1137, 'KOLI_AGIRLIGI', '~16,8 kg.', 'adet_agirlik');
INSERT INTO product_variants (id, product_id, variant_code, sort_order) VALUES (1138, 65, 'SKP-L90-D/240-M12', 1138);
INSERT INTO variant_attributes (variant_id, attr_key, attr_value, group_key) VALUES (1138, 'KABLO_KESITI', '240', 'kunye_filtre');
INSERT INTO variant_attributes (variant_id, attr_key, attr_value, group_key) VALUES (1138, 'CIVATA', 'M12', 'kunye_filtre');
INSERT INTO variant_attributes (variant_id, attr_key, attr_value, group_key) VALUES (1138, 'd1', '21.5', 'boyut');
INSERT INTO variant_attributes (variant_id, attr_key, attr_value, group_key) VALUES (1138, 'd4', '29', 'boyut');
INSERT INTO variant_attributes (variant_id, attr_key, attr_value, group_key) VALUES (1138, 'a', '40', 'boyut');
INSERT INTO variant_attributes (variant_id, attr_key, attr_value, group_key) VALUES (1138, 'd2', '13', 'boyut');
INSERT INTO variant_attributes (variant_id, attr_key, attr_value, group_key) VALUES (1138, 'b', '42', 'boyut');
INSERT INTO variant_attributes (variant_id, attr_key, attr_value, group_key) VALUES (1138, 'c1', '16', 'boyut');
INSERT INTO variant_attributes (variant_id, attr_key, attr_value, group_key) VALUES (1138, 'L3', '22', 'boyut');
INSERT INTO variant_attributes (variant_id, attr_key, attr_value, group_key) VALUES (1138, 'KUTU_ADEDI', '8', 'adet_agirlik');
INSERT INTO variant_attributes (variant_id, attr_key, attr_value, group_key) VALUES (1138, 'KUTU_AGIRLIGI', '~2,0 kg.', 'adet_agirlik');
INSERT INTO variant_attributes (variant_id, attr_key, attr_value, group_key) VALUES (1138, 'KOLI_ADEDI', '48.0', 'adet_agirlik');
INSERT INTO variant_attributes (variant_id, attr_key, attr_value, group_key) VALUES (1138, 'KOLI_AGIRLIGI', '~12,0 kg.', 'adet_agirlik');
INSERT INTO product_variants (id, product_id, variant_code, sort_order) VALUES (1139, 65, 'SKP-L90-D/240-M14', 1139);
INSERT INTO variant_attributes (variant_id, attr_key, attr_value, group_key) VALUES (1139, 'KABLO_KESITI', '240', 'kunye_filtre');
INSERT INTO variant_attributes (variant_id, attr_key, attr_value, group_key) VALUES (1139, 'CIVATA', 'M14', 'kunye_filtre');
INSERT INTO variant_attributes (variant_id, attr_key, attr_value, group_key) VALUES (1139, 'd1', '21.5', 'boyut');
INSERT INTO variant_attributes (variant_id, attr_key, attr_value, group_key) VALUES (1139, 'd4', '29', 'boyut');
INSERT INTO variant_attributes (variant_id, attr_key, attr_value, group_key) VALUES (1139, 'a', '40', 'boyut');
INSERT INTO variant_attributes (variant_id, attr_key, attr_value, group_key) VALUES (1139, 'd2', '15', 'boyut');
INSERT INTO variant_attributes (variant_id, attr_key, attr_value, group_key) VALUES (1139, 'b', '42', 'boyut');
INSERT INTO variant_attributes (variant_id, attr_key, attr_value, group_key) VALUES (1139, 'c1', '19', 'boyut');
INSERT INTO variant_attributes (variant_id, attr_key, attr_value, group_key) VALUES (1139, 'L3', '22', 'boyut');
INSERT INTO variant_attributes (variant_id, attr_key, attr_value, group_key) VALUES (1139, 'KUTU_ADEDI', '8', 'adet_agirlik');
INSERT INTO variant_attributes (variant_id, attr_key, attr_value, group_key) VALUES (1139, 'KUTU_AGIRLIGI', '~2,1 kg.', 'adet_agirlik');
INSERT INTO variant_attributes (variant_id, attr_key, attr_value, group_key) VALUES (1139, 'KOLI_ADEDI', '48.0', 'adet_agirlik');
INSERT INTO variant_attributes (variant_id, attr_key, attr_value, group_key) VALUES (1139, 'KOLI_AGIRLIGI', '~12,6 kg.', 'adet_agirlik');
INSERT INTO product_variants (id, product_id, variant_code, sort_order) VALUES (1140, 65, 'SKP-L90-D/240-M16', 1140);
INSERT INTO variant_attributes (variant_id, attr_key, attr_value, group_key) VALUES (1140, 'KABLO_KESITI', '240', 'kunye_filtre');
INSERT INTO variant_attributes (variant_id, attr_key, attr_value, group_key) VALUES (1140, 'CIVATA', 'M16', 'kunye_filtre');
INSERT INTO variant_attributes (variant_id, attr_key, attr_value, group_key) VALUES (1140, 'd1', '21.5', 'boyut');
INSERT INTO variant_attributes (variant_id, attr_key, attr_value, group_key) VALUES (1140, 'd4', '29', 'boyut');
INSERT INTO variant_attributes (variant_id, attr_key, attr_value, group_key) VALUES (1140, 'a', '40', 'boyut');
INSERT INTO variant_attributes (variant_id, attr_key, attr_value, group_key) VALUES (1140, 'd2', '17', 'boyut');
INSERT INTO variant_attributes (variant_id, attr_key, attr_value, group_key) VALUES (1140, 'b', '42', 'boyut');
INSERT INTO variant_attributes (variant_id, attr_key, attr_value, group_key) VALUES (1140, 'c1', '19', 'boyut');
INSERT INTO variant_attributes (variant_id, attr_key, attr_value, group_key) VALUES (1140, 'L3', '22', 'boyut');
INSERT INTO variant_attributes (variant_id, attr_key, attr_value, group_key) VALUES (1140, 'KUTU_ADEDI', '8', 'adet_agirlik');
INSERT INTO variant_attributes (variant_id, attr_key, attr_value, group_key) VALUES (1140, 'KUTU_AGIRLIGI', '~2,0 kg.', 'adet_agirlik');
INSERT INTO variant_attributes (variant_id, attr_key, attr_value, group_key) VALUES (1140, 'KOLI_ADEDI', '48.0', 'adet_agirlik');
INSERT INTO variant_attributes (variant_id, attr_key, attr_value, group_key) VALUES (1140, 'KOLI_AGIRLIGI', '~12,0 kg.', 'adet_agirlik');
INSERT INTO product_variants (id, product_id, variant_code, sort_order) VALUES (1141, 65, 'SKP-L90-D/240-M20', 1141);
INSERT INTO variant_attributes (variant_id, attr_key, attr_value, group_key) VALUES (1141, 'KABLO_KESITI', '240', 'kunye_filtre');
INSERT INTO variant_attributes (variant_id, attr_key, attr_value, group_key) VALUES (1141, 'CIVATA', 'M20', 'kunye_filtre');
INSERT INTO variant_attributes (variant_id, attr_key, attr_value, group_key) VALUES (1141, 'd1', '21.5', 'boyut');
INSERT INTO variant_attributes (variant_id, attr_key, attr_value, group_key) VALUES (1141, 'd4', '29', 'boyut');
INSERT INTO variant_attributes (variant_id, attr_key, attr_value, group_key) VALUES (1141, 'a', '40', 'boyut');
INSERT INTO variant_attributes (variant_id, attr_key, attr_value, group_key) VALUES (1141, 'd2', '21', 'boyut');
INSERT INTO variant_attributes (variant_id, attr_key, attr_value, group_key) VALUES (1141, 'b', '45', 'boyut');
INSERT INTO variant_attributes (variant_id, attr_key, attr_value, group_key) VALUES (1141, 'c1', '21', 'boyut');
INSERT INTO variant_attributes (variant_id, attr_key, attr_value, group_key) VALUES (1141, 'L3', '24', 'boyut');
INSERT INTO variant_attributes (variant_id, attr_key, attr_value, group_key) VALUES (1141, 'KUTU_ADEDI', '8', 'adet_agirlik');
INSERT INTO variant_attributes (variant_id, attr_key, attr_value, group_key) VALUES (1141, 'KUTU_AGIRLIGI', '~2,0 kg.', 'adet_agirlik');
INSERT INTO variant_attributes (variant_id, attr_key, attr_value, group_key) VALUES (1141, 'KOLI_ADEDI', '48.0', 'adet_agirlik');
INSERT INTO variant_attributes (variant_id, attr_key, attr_value, group_key) VALUES (1141, 'KOLI_AGIRLIGI', '~12,0 kg.', 'adet_agirlik');
INSERT INTO product_variants (id, product_id, variant_code, sort_order) VALUES (1142, 43, 'SP-6T/S-006', 1142);
INSERT INTO variant_attributes (variant_id, attr_key, attr_value, group_key) VALUES (1142, 'KABLO_KESITI', '6', 'kunye_filtre');
INSERT INTO product_variants (id, product_id, variant_code, sort_order) VALUES (1143, 43, 'SP-6T/S-010', 1143);
INSERT INTO variant_attributes (variant_id, attr_key, attr_value, group_key) VALUES (1143, 'KABLO_KESITI', '10', 'kunye_filtre');
INSERT INTO product_variants (id, product_id, variant_code, sort_order) VALUES (1144, 43, 'SP-6T/S-016', 1144);
INSERT INTO variant_attributes (variant_id, attr_key, attr_value, group_key) VALUES (1144, 'KABLO_KESITI', '16', 'kunye_filtre');
INSERT INTO product_variants (id, product_id, variant_code, sort_order) VALUES (1145, 43, 'SP-6T/S-025', 1145);
INSERT INTO variant_attributes (variant_id, attr_key, attr_value, group_key) VALUES (1145, 'KABLO_KESITI', '25', 'kunye_filtre');
INSERT INTO product_variants (id, product_id, variant_code, sort_order) VALUES (1146, 43, 'SP-6T/S-035', 1146);
INSERT INTO variant_attributes (variant_id, attr_key, attr_value, group_key) VALUES (1146, 'KABLO_KESITI', '35', 'kunye_filtre');
INSERT INTO product_variants (id, product_id, variant_code, sort_order) VALUES (1147, 43, 'SP-6T/S-050', 1147);
INSERT INTO variant_attributes (variant_id, attr_key, attr_value, group_key) VALUES (1147, 'KABLO_KESITI', '50', 'kunye_filtre');
INSERT INTO product_variants (id, product_id, variant_code, sort_order) VALUES (1148, 43, 'SP-6T/S-070', 1148);
INSERT INTO variant_attributes (variant_id, attr_key, attr_value, group_key) VALUES (1148, 'KABLO_KESITI', '70', 'kunye_filtre');
INSERT INTO product_variants (id, product_id, variant_code, sort_order) VALUES (1149, 43, 'SP-6T/S-095', 1149);
INSERT INTO variant_attributes (variant_id, attr_key, attr_value, group_key) VALUES (1149, 'KABLO_KESITI', '95', 'kunye_filtre');
INSERT INTO product_variants (id, product_id, variant_code, sort_order) VALUES (1150, 43, 'SP-6T/S-120', 1150);
INSERT INTO variant_attributes (variant_id, attr_key, attr_value, group_key) VALUES (1150, 'KABLO_KESITI', '120', 'kunye_filtre');
INSERT INTO product_variants (id, product_id, variant_code, sort_order) VALUES (1151, 43, 'SP-6T/S-150', 1151);
INSERT INTO variant_attributes (variant_id, attr_key, attr_value, group_key) VALUES (1151, 'KABLO_KESITI', '150', 'kunye_filtre');
INSERT INTO product_variants (id, product_id, variant_code, sort_order) VALUES (1152, 43, 'SP-6T/S-185', 1152);
INSERT INTO variant_attributes (variant_id, attr_key, attr_value, group_key) VALUES (1152, 'KABLO_KESITI', '185', 'kunye_filtre');
INSERT INTO product_variants (id, product_id, variant_code, sort_order) VALUES (1153, 43, 'SP-6T/S-240', 1153);
INSERT INTO variant_attributes (variant_id, attr_key, attr_value, group_key) VALUES (1153, 'KABLO_KESITI', '240', 'kunye_filtre');
INSERT INTO product_variants (id, product_id, variant_code, sort_order) VALUES (1154, 43, 'SP-6T/S-300', 1154);
INSERT INTO variant_attributes (variant_id, attr_key, attr_value, group_key) VALUES (1154, 'KABLO_KESITI', '300', 'kunye_filtre');
INSERT INTO product_variants (id, product_id, variant_code, sort_order) VALUES (1155, 42, 'SP-6T/D-006', 1155);
INSERT INTO variant_attributes (variant_id, attr_key, attr_value, group_key) VALUES (1155, 'KABLO_KESITI', '6', 'kunye_filtre');
INSERT INTO product_variants (id, product_id, variant_code, sort_order) VALUES (1156, 42, 'SP-6T/D-010', 1156);
INSERT INTO variant_attributes (variant_id, attr_key, attr_value, group_key) VALUES (1156, 'KABLO_KESITI', '10', 'kunye_filtre');
INSERT INTO product_variants (id, product_id, variant_code, sort_order) VALUES (1157, 42, 'SP-6T/D-016', 1157);
INSERT INTO variant_attributes (variant_id, attr_key, attr_value, group_key) VALUES (1157, 'KABLO_KESITI', '16', 'kunye_filtre');
INSERT INTO product_variants (id, product_id, variant_code, sort_order) VALUES (1158, 42, 'SP-6T/D-025', 1158);
INSERT INTO variant_attributes (variant_id, attr_key, attr_value, group_key) VALUES (1158, 'KABLO_KESITI', '25', 'kunye_filtre');
INSERT INTO product_variants (id, product_id, variant_code, sort_order) VALUES (1159, 42, 'SP-6T/D-035', 1159);
INSERT INTO variant_attributes (variant_id, attr_key, attr_value, group_key) VALUES (1159, 'KABLO_KESITI', '35', 'kunye_filtre');
INSERT INTO product_variants (id, product_id, variant_code, sort_order) VALUES (1160, 42, 'SP-6T/D-050', 1160);
INSERT INTO variant_attributes (variant_id, attr_key, attr_value, group_key) VALUES (1160, 'KABLO_KESITI', '50', 'kunye_filtre');
INSERT INTO product_variants (id, product_id, variant_code, sort_order) VALUES (1161, 42, 'SP-6T/D-070', 1161);
INSERT INTO variant_attributes (variant_id, attr_key, attr_value, group_key) VALUES (1161, 'KABLO_KESITI', '70', 'kunye_filtre');
INSERT INTO product_variants (id, product_id, variant_code, sort_order) VALUES (1162, 42, 'SP-6T/D-095', 1162);
INSERT INTO variant_attributes (variant_id, attr_key, attr_value, group_key) VALUES (1162, 'KABLO_KESITI', '95', 'kunye_filtre');
INSERT INTO product_variants (id, product_id, variant_code, sort_order) VALUES (1163, 42, 'SP-6T/D-120', 1163);
INSERT INTO variant_attributes (variant_id, attr_key, attr_value, group_key) VALUES (1163, 'KABLO_KESITI', '120', 'kunye_filtre');
INSERT INTO product_variants (id, product_id, variant_code, sort_order) VALUES (1164, 42, 'SP-6T/D-150', 1164);
INSERT INTO variant_attributes (variant_id, attr_key, attr_value, group_key) VALUES (1164, 'KABLO_KESITI', '150', 'kunye_filtre');
INSERT INTO product_variants (id, product_id, variant_code, sort_order) VALUES (1165, 42, 'SP-6T/D-185', 1165);
INSERT INTO variant_attributes (variant_id, attr_key, attr_value, group_key) VALUES (1165, 'KABLO_KESITI', '185', 'kunye_filtre');
INSERT INTO product_variants (id, product_id, variant_code, sort_order) VALUES (1166, 42, 'SP-6T/D-240', 1166);
INSERT INTO variant_attributes (variant_id, attr_key, attr_value, group_key) VALUES (1166, 'KABLO_KESITI', '240', 'kunye_filtre');
INSERT INTO product_variants (id, product_id, variant_code, sort_order) VALUES (1167, 42, 'SP-6T/D-300', 1167);
INSERT INTO variant_attributes (variant_id, attr_key, attr_value, group_key) VALUES (1167, 'KABLO_KESITI', '300', 'kunye_filtre');
INSERT INTO product_variants (id, product_id, variant_code, sort_order) VALUES (1168, 40, 'SP-6T/AL-010', 1168);
INSERT INTO variant_attributes (variant_id, attr_key, attr_value, group_key) VALUES (1168, 'KABLO_KESITI', '10', 'kunye_filtre');
INSERT INTO product_variants (id, product_id, variant_code, sort_order) VALUES (1169, 40, 'SP-6T/AL-016', 1169);
INSERT INTO variant_attributes (variant_id, attr_key, attr_value, group_key) VALUES (1169, 'KABLO_KESITI', '16', 'kunye_filtre');
INSERT INTO product_variants (id, product_id, variant_code, sort_order) VALUES (1170, 40, 'SP-6T/AL-025', 1170);
INSERT INTO variant_attributes (variant_id, attr_key, attr_value, group_key) VALUES (1170, 'KABLO_KESITI', '25', 'kunye_filtre');
INSERT INTO product_variants (id, product_id, variant_code, sort_order) VALUES (1171, 40, 'SP-6T/AL-035', 1171);
INSERT INTO variant_attributes (variant_id, attr_key, attr_value, group_key) VALUES (1171, 'KABLO_KESITI', '35', 'kunye_filtre');
INSERT INTO product_variants (id, product_id, variant_code, sort_order) VALUES (1172, 40, 'SP-6T/AL-050', 1172);
INSERT INTO variant_attributes (variant_id, attr_key, attr_value, group_key) VALUES (1172, 'KABLO_KESITI', '50', 'kunye_filtre');
INSERT INTO product_variants (id, product_id, variant_code, sort_order) VALUES (1173, 40, 'SP-6T/AL-070', 1173);
INSERT INTO variant_attributes (variant_id, attr_key, attr_value, group_key) VALUES (1173, 'KABLO_KESITI', '70', 'kunye_filtre');
INSERT INTO product_variants (id, product_id, variant_code, sort_order) VALUES (1174, 40, 'SP-6T/AL-095', 1174);
INSERT INTO variant_attributes (variant_id, attr_key, attr_value, group_key) VALUES (1174, 'KABLO_KESITI', '95', 'kunye_filtre');
INSERT INTO product_variants (id, product_id, variant_code, sort_order) VALUES (1175, 40, 'SP-6T/AL-120', 1175);
INSERT INTO variant_attributes (variant_id, attr_key, attr_value, group_key) VALUES (1175, 'KABLO_KESITI', '120', 'kunye_filtre');
INSERT INTO product_variants (id, product_id, variant_code, sort_order) VALUES (1176, 40, 'SP-6T/AL-150', 1176);
INSERT INTO variant_attributes (variant_id, attr_key, attr_value, group_key) VALUES (1176, 'KABLO_KESITI', '150', 'kunye_filtre');
INSERT INTO product_variants (id, product_id, variant_code, sort_order) VALUES (1177, 40, 'SP-6T/AL-185', 1177);
INSERT INTO variant_attributes (variant_id, attr_key, attr_value, group_key) VALUES (1177, 'KABLO_KESITI', '185', 'kunye_filtre');
INSERT INTO product_variants (id, product_id, variant_code, sort_order) VALUES (1178, 40, 'SP-6T/AL-240', 1178);
INSERT INTO variant_attributes (variant_id, attr_key, attr_value, group_key) VALUES (1178, 'KABLO_KESITI', '240', 'kunye_filtre');
INSERT INTO product_variants (id, product_id, variant_code, sort_order) VALUES (1179, 40, 'SP-6T/AL-300', 1179);
INSERT INTO variant_attributes (variant_id, attr_key, attr_value, group_key) VALUES (1179, 'KABLO_KESITI', '300', 'kunye_filtre');
INSERT INTO product_variants (id, product_id, variant_code, sort_order) VALUES (1180, 41, 'SP-6T/B-035', 1180);
INSERT INTO variant_attributes (variant_id, attr_key, attr_value, group_key) VALUES (1180, 'KABLO_KESITI', '16 - 25 - 35', 'kunye_filtre');
INSERT INTO product_variants (id, product_id, variant_code, sort_order) VALUES (1181, 41, 'SP-6T/B-095', 1181);
INSERT INTO variant_attributes (variant_id, attr_key, attr_value, group_key) VALUES (1181, 'KABLO_KESITI', '50 - 70 - 95', 'kunye_filtre');
INSERT INTO product_variants (id, product_id, variant_code, sort_order) VALUES (1182, 41, 'SP-6T/B-150', 1182);
INSERT INTO variant_attributes (variant_id, attr_key, attr_value, group_key) VALUES (1182, 'KABLO_KESITI', '120 - 150', 'kunye_filtre');
INSERT INTO product_variants (id, product_id, variant_code, sort_order) VALUES (1183, 41, 'SP-6T/B-240', 1183);
INSERT INTO variant_attributes (variant_id, attr_key, attr_value, group_key) VALUES (1183, 'KABLO_KESITI', '185 - 240', 'kunye_filtre');
INSERT INTO product_variants (id, product_id, variant_code, sort_order) VALUES (1184, 41, 'SP-6T/B-300', 1184);
INSERT INTO variant_attributes (variant_id, attr_key, attr_value, group_key) VALUES (1184, 'KABLO_KESITI', '300', 'kunye_filtre');
INSERT INTO product_variants (id, product_id, variant_code, sort_order) VALUES (1185, 38, 'SP-13T/D-016', 1185);
INSERT INTO variant_attributes (variant_id, attr_key, attr_value, group_key) VALUES (1185, 'KABLO_KESITI', '16', 'kunye_filtre');
INSERT INTO product_variants (id, product_id, variant_code, sort_order) VALUES (1186, 38, 'SP-13T/D-025', 1186);
INSERT INTO variant_attributes (variant_id, attr_key, attr_value, group_key) VALUES (1186, 'KABLO_KESITI', '25', 'kunye_filtre');
INSERT INTO product_variants (id, product_id, variant_code, sort_order) VALUES (1187, 38, 'SP-13T/D-035', 1187);
INSERT INTO variant_attributes (variant_id, attr_key, attr_value, group_key) VALUES (1187, 'KABLO_KESITI', '35', 'kunye_filtre');
INSERT INTO product_variants (id, product_id, variant_code, sort_order) VALUES (1188, 38, 'SP-13T/D-050', 1188);
INSERT INTO variant_attributes (variant_id, attr_key, attr_value, group_key) VALUES (1188, 'KABLO_KESITI', '50', 'kunye_filtre');
INSERT INTO product_variants (id, product_id, variant_code, sort_order) VALUES (1189, 38, 'SP-13T/D-070', 1189);
INSERT INTO variant_attributes (variant_id, attr_key, attr_value, group_key) VALUES (1189, 'KABLO_KESITI', '70', 'kunye_filtre');
INSERT INTO product_variants (id, product_id, variant_code, sort_order) VALUES (1190, 38, 'SP-13T/D-095', 1190);
INSERT INTO variant_attributes (variant_id, attr_key, attr_value, group_key) VALUES (1190, 'KABLO_KESITI', '95', 'kunye_filtre');
INSERT INTO product_variants (id, product_id, variant_code, sort_order) VALUES (1191, 38, 'SP-13T/D-120', 1191);
INSERT INTO variant_attributes (variant_id, attr_key, attr_value, group_key) VALUES (1191, 'KABLO_KESITI', '120', 'kunye_filtre');
INSERT INTO product_variants (id, product_id, variant_code, sort_order) VALUES (1192, 38, 'SP-13T/D-150', 1192);
INSERT INTO variant_attributes (variant_id, attr_key, attr_value, group_key) VALUES (1192, 'KABLO_KESITI', '150', 'kunye_filtre');
INSERT INTO product_variants (id, product_id, variant_code, sort_order) VALUES (1193, 38, 'SP-13T/D-185', 1193);
INSERT INTO variant_attributes (variant_id, attr_key, attr_value, group_key) VALUES (1193, 'KABLO_KESITI', '185', 'kunye_filtre');
INSERT INTO product_variants (id, product_id, variant_code, sort_order) VALUES (1194, 38, 'SP-13T/D-240', 1194);
INSERT INTO variant_attributes (variant_id, attr_key, attr_value, group_key) VALUES (1194, 'KABLO_KESITI', '240', 'kunye_filtre');
INSERT INTO product_variants (id, product_id, variant_code, sort_order) VALUES (1195, 38, 'SP-13T/D-300', 1195);
INSERT INTO variant_attributes (variant_id, attr_key, attr_value, group_key) VALUES (1195, 'KABLO_KESITI', '300', 'kunye_filtre');
INSERT INTO product_variants (id, product_id, variant_code, sort_order) VALUES (1196, 38, 'SP-13T/D-400', 1196);
INSERT INTO variant_attributes (variant_id, attr_key, attr_value, group_key) VALUES (1196, 'KABLO_KESITI', '400', 'kunye_filtre');
INSERT INTO product_variants (id, product_id, variant_code, sort_order) VALUES (1197, 39, 'SP-13T/S-016', 1197);
INSERT INTO variant_attributes (variant_id, attr_key, attr_value, group_key) VALUES (1197, 'KABLO_KESITI', '16', 'kunye_filtre');
INSERT INTO product_variants (id, product_id, variant_code, sort_order) VALUES (1198, 39, 'SP-13T/S-025', 1198);
INSERT INTO variant_attributes (variant_id, attr_key, attr_value, group_key) VALUES (1198, 'KABLO_KESITI', '25', 'kunye_filtre');
INSERT INTO product_variants (id, product_id, variant_code, sort_order) VALUES (1199, 39, 'SP-13T/S-035', 1199);
INSERT INTO variant_attributes (variant_id, attr_key, attr_value, group_key) VALUES (1199, 'KABLO_KESITI', '35', 'kunye_filtre');
INSERT INTO product_variants (id, product_id, variant_code, sort_order) VALUES (1200, 39, 'SP-13T/S-050', 1200);
INSERT INTO variant_attributes (variant_id, attr_key, attr_value, group_key) VALUES (1200, 'KABLO_KESITI', '50', 'kunye_filtre');
INSERT INTO product_variants (id, product_id, variant_code, sort_order) VALUES (1201, 39, 'SP-13T/S-070', 1201);
INSERT INTO variant_attributes (variant_id, attr_key, attr_value, group_key) VALUES (1201, 'KABLO_KESITI', '70', 'kunye_filtre');
INSERT INTO product_variants (id, product_id, variant_code, sort_order) VALUES (1202, 39, 'SP-13T/S-095', 1202);
INSERT INTO variant_attributes (variant_id, attr_key, attr_value, group_key) VALUES (1202, 'KABLO_KESITI', '95', 'kunye_filtre');
INSERT INTO product_variants (id, product_id, variant_code, sort_order) VALUES (1203, 39, 'SP-13T/S-120', 1203);
INSERT INTO variant_attributes (variant_id, attr_key, attr_value, group_key) VALUES (1203, 'KABLO_KESITI', '120', 'kunye_filtre');
INSERT INTO product_variants (id, product_id, variant_code, sort_order) VALUES (1204, 39, 'SP-13T/S-150', 1204);
INSERT INTO variant_attributes (variant_id, attr_key, attr_value, group_key) VALUES (1204, 'KABLO_KESITI', '150', 'kunye_filtre');
INSERT INTO product_variants (id, product_id, variant_code, sort_order) VALUES (1205, 39, 'SP-13T/S-185', 1205);
INSERT INTO variant_attributes (variant_id, attr_key, attr_value, group_key) VALUES (1205, 'KABLO_KESITI', '185', 'kunye_filtre');
INSERT INTO product_variants (id, product_id, variant_code, sort_order) VALUES (1206, 39, 'SP-13T/S-240', 1206);
INSERT INTO variant_attributes (variant_id, attr_key, attr_value, group_key) VALUES (1206, 'KABLO_KESITI', '240', 'kunye_filtre');
INSERT INTO product_variants (id, product_id, variant_code, sort_order) VALUES (1207, 39, 'SP-13T/S-300', 1207);
INSERT INTO variant_attributes (variant_id, attr_key, attr_value, group_key) VALUES (1207, 'KABLO_KESITI', '300', 'kunye_filtre');
INSERT INTO product_variants (id, product_id, variant_code, sort_order) VALUES (1208, 39, 'SP-13T/S-400', 1208);
INSERT INTO variant_attributes (variant_id, attr_key, attr_value, group_key) VALUES (1208, 'KABLO_KESITI', '400', 'kunye_filtre');
INSERT INTO product_variants (id, product_id, variant_code, sort_order) VALUES (1209, 11, 'SP-KBB/2,5x100', 1209);
INSERT INTO variant_attributes (variant_id, attr_key, attr_value, group_key) VALUES (1209, 'BOYUTLAR', '2,5x100', 'boyut');
INSERT INTO variant_attributes (variant_id, attr_key, attr_value, group_key) VALUES (1209, 'MUKAVEMET', '80 N / 8 kg', 'ek_ozellik');
INSERT INTO variant_attributes (variant_id, attr_key, attr_value, group_key) VALUES (1209, 'RENK', 'Beyaz', 'ek_ozellik');
INSERT INTO variant_attributes (variant_id, attr_key, attr_value, group_key) VALUES (1209, 'POSET_ADEDI', '100.0', 'adet_agirlik');
INSERT INTO variant_attributes (variant_id, attr_key, attr_value, group_key) VALUES (1209, 'CUVAL_ADEDI', '1000.0', 'adet_agirlik');
INSERT INTO variant_attributes (variant_id, attr_key, attr_value, group_key) VALUES (1209, 'KOLI_ADEDI', '50000.0', 'adet_agirlik');
INSERT INTO variant_attributes (variant_id, attr_key, attr_value, group_key) VALUES (1209, 'KOLI_AGIRLIGI', '~15,0 kg.', 'adet_agirlik');
INSERT INTO product_variants (id, product_id, variant_code, sort_order) VALUES (1210, 11, 'SP-KBB/2,5x142', 1210);
INSERT INTO variant_attributes (variant_id, attr_key, attr_value, group_key) VALUES (1210, 'BOYUTLAR', '2,5x142', 'boyut');
INSERT INTO variant_attributes (variant_id, attr_key, attr_value, group_key) VALUES (1210, 'MUKAVEMET', '80 N / 8 kg', 'ek_ozellik');
INSERT INTO variant_attributes (variant_id, attr_key, attr_value, group_key) VALUES (1210, 'RENK', 'Beyaz', 'ek_ozellik');
INSERT INTO variant_attributes (variant_id, attr_key, attr_value, group_key) VALUES (1210, 'POSET_ADEDI', '100.0', 'adet_agirlik');
INSERT INTO variant_attributes (variant_id, attr_key, attr_value, group_key) VALUES (1210, 'CUVAL_ADEDI', '1000.0', 'adet_agirlik');
INSERT INTO variant_attributes (variant_id, attr_key, attr_value, group_key) VALUES (1210, 'KOLI_ADEDI', '25000.0', 'adet_agirlik');
INSERT INTO variant_attributes (variant_id, attr_key, attr_value, group_key) VALUES (1210, 'KOLI_AGIRLIGI', '~11,2 kg.', 'adet_agirlik');
INSERT INTO product_variants (id, product_id, variant_code, sort_order) VALUES (1211, 11, 'SP-KBB/2,5x203', 1211);
INSERT INTO variant_attributes (variant_id, attr_key, attr_value, group_key) VALUES (1211, 'BOYUTLAR', '2,5x203', 'boyut');
INSERT INTO variant_attributes (variant_id, attr_key, attr_value, group_key) VALUES (1211, 'MUKAVEMET', '80 N / 8 kg', 'ek_ozellik');
INSERT INTO variant_attributes (variant_id, attr_key, attr_value, group_key) VALUES (1211, 'RENK', 'Beyaz', 'ek_ozellik');
INSERT INTO variant_attributes (variant_id, attr_key, attr_value, group_key) VALUES (1211, 'POSET_ADEDI', '100.0', 'adet_agirlik');
INSERT INTO variant_attributes (variant_id, attr_key, attr_value, group_key) VALUES (1211, 'CUVAL_ADEDI', '1000.0', 'adet_agirlik');
INSERT INTO variant_attributes (variant_id, attr_key, attr_value, group_key) VALUES (1211, 'KOLI_ADEDI', '20000.0', 'adet_agirlik');
INSERT INTO variant_attributes (variant_id, attr_key, attr_value, group_key) VALUES (1211, 'KOLI_AGIRLIGI', '~12,8 kg.', 'adet_agirlik');
INSERT INTO product_variants (id, product_id, variant_code, sort_order) VALUES (1212, 11, 'SP-KBB/3,6x150', 1212);
INSERT INTO variant_attributes (variant_id, attr_key, attr_value, group_key) VALUES (1212, 'BOYUTLAR', '3,6x150', 'boyut');
INSERT INTO variant_attributes (variant_id, attr_key, attr_value, group_key) VALUES (1212, 'MUKAVEMET', '180 N / 18 kg', 'ek_ozellik');
INSERT INTO variant_attributes (variant_id, attr_key, attr_value, group_key) VALUES (1212, 'RENK', 'Beyaz', 'ek_ozellik');
INSERT INTO variant_attributes (variant_id, attr_key, attr_value, group_key) VALUES (1212, 'POSET_ADEDI', '100.0', 'adet_agirlik');
INSERT INTO variant_attributes (variant_id, attr_key, attr_value, group_key) VALUES (1212, 'CUVAL_ADEDI', '1000.0', 'adet_agirlik');
INSERT INTO variant_attributes (variant_id, attr_key, attr_value, group_key) VALUES (1212, 'KOLI_ADEDI', '20000.0', 'adet_agirlik');
INSERT INTO variant_attributes (variant_id, attr_key, attr_value, group_key) VALUES (1212, 'KOLI_AGIRLIGI', '~14,0 kg.', 'adet_agirlik');
INSERT INTO product_variants (id, product_id, variant_code, sort_order) VALUES (1213, 11, 'SP-KBB/3,6x200', 1213);
INSERT INTO variant_attributes (variant_id, attr_key, attr_value, group_key) VALUES (1213, 'BOYUTLAR', '3,6x200', 'boyut');
INSERT INTO variant_attributes (variant_id, attr_key, attr_value, group_key) VALUES (1213, 'MUKAVEMET', '180 N / 18 kg', 'ek_ozellik');
INSERT INTO variant_attributes (variant_id, attr_key, attr_value, group_key) VALUES (1213, 'RENK', 'Beyaz', 'ek_ozellik');
INSERT INTO variant_attributes (variant_id, attr_key, attr_value, group_key) VALUES (1213, 'POSET_ADEDI', '100.0', 'adet_agirlik');
INSERT INTO variant_attributes (variant_id, attr_key, attr_value, group_key) VALUES (1213, 'CUVAL_ADEDI', '1000.0', 'adet_agirlik');
INSERT INTO variant_attributes (variant_id, attr_key, attr_value, group_key) VALUES (1213, 'KOLI_ADEDI', '20000.0', 'adet_agirlik');
INSERT INTO variant_attributes (variant_id, attr_key, attr_value, group_key) VALUES (1213, 'KOLI_AGIRLIGI', '~19,0 kg.', 'adet_agirlik');
INSERT INTO product_variants (id, product_id, variant_code, sort_order) VALUES (1214, 11, 'SP-KBB/3,6x250', 1214);
INSERT INTO variant_attributes (variant_id, attr_key, attr_value, group_key) VALUES (1214, 'BOYUTLAR', '3,6x250', 'boyut');
INSERT INTO variant_attributes (variant_id, attr_key, attr_value, group_key) VALUES (1214, 'MUKAVEMET', '180 N / 18 kg', 'ek_ozellik');
INSERT INTO variant_attributes (variant_id, attr_key, attr_value, group_key) VALUES (1214, 'RENK', 'Beyaz', 'ek_ozellik');
INSERT INTO variant_attributes (variant_id, attr_key, attr_value, group_key) VALUES (1214, 'POSET_ADEDI', '100.0', 'adet_agirlik');
INSERT INTO variant_attributes (variant_id, attr_key, attr_value, group_key) VALUES (1214, 'CUVAL_ADEDI', '1000.0', 'adet_agirlik');
INSERT INTO variant_attributes (variant_id, attr_key, attr_value, group_key) VALUES (1214, 'KOLI_ADEDI', '10000.0', 'adet_agirlik');
INSERT INTO variant_attributes (variant_id, attr_key, attr_value, group_key) VALUES (1214, 'KOLI_AGIRLIGI', '~12,5 kg.', 'adet_agirlik');
INSERT INTO product_variants (id, product_id, variant_code, sort_order) VALUES (1215, 11, 'SP-KBB/3,6x292', 1215);
INSERT INTO variant_attributes (variant_id, attr_key, attr_value, group_key) VALUES (1215, 'BOYUTLAR', '3,6x292', 'boyut');
INSERT INTO variant_attributes (variant_id, attr_key, attr_value, group_key) VALUES (1215, 'MUKAVEMET', '180 N / 18 kg', 'ek_ozellik');
INSERT INTO variant_attributes (variant_id, attr_key, attr_value, group_key) VALUES (1215, 'RENK', 'Beyaz', 'ek_ozellik');
INSERT INTO variant_attributes (variant_id, attr_key, attr_value, group_key) VALUES (1215, 'POSET_ADEDI', '100.0', 'adet_agirlik');
INSERT INTO variant_attributes (variant_id, attr_key, attr_value, group_key) VALUES (1215, 'CUVAL_ADEDI', '1000.0', 'adet_agirlik');
INSERT INTO variant_attributes (variant_id, attr_key, attr_value, group_key) VALUES (1215, 'KOLI_ADEDI', '10000.0', 'adet_agirlik');
INSERT INTO variant_attributes (variant_id, attr_key, attr_value, group_key) VALUES (1215, 'KOLI_AGIRLIGI', '~15,2 kg.', 'adet_agirlik');
INSERT INTO product_variants (id, product_id, variant_code, sort_order) VALUES (1216, 11, 'SP-KBB/3,6x368', 1216);
INSERT INTO variant_attributes (variant_id, attr_key, attr_value, group_key) VALUES (1216, 'BOYUTLAR', '3,6x368', 'boyut');
INSERT INTO variant_attributes (variant_id, attr_key, attr_value, group_key) VALUES (1216, 'MUKAVEMET', '180 N / 18 kg', 'ek_ozellik');
INSERT INTO variant_attributes (variant_id, attr_key, attr_value, group_key) VALUES (1216, 'RENK', 'Beyaz', 'ek_ozellik');
INSERT INTO variant_attributes (variant_id, attr_key, attr_value, group_key) VALUES (1216, 'POSET_ADEDI', '100.0', 'adet_agirlik');
INSERT INTO variant_attributes (variant_id, attr_key, attr_value, group_key) VALUES (1216, 'CUVAL_ADEDI', '1000.0', 'adet_agirlik');
INSERT INTO variant_attributes (variant_id, attr_key, attr_value, group_key) VALUES (1216, 'KOLI_ADEDI', '10000.0', 'adet_agirlik');
INSERT INTO variant_attributes (variant_id, attr_key, attr_value, group_key) VALUES (1216, 'KOLI_AGIRLIGI', '~17,5 kg.', 'adet_agirlik');
INSERT INTO product_variants (id, product_id, variant_code, sort_order) VALUES (1217, 11, 'SP-KBB/4,8x190', 1217);
INSERT INTO variant_attributes (variant_id, attr_key, attr_value, group_key) VALUES (1217, 'BOYUTLAR', '4,8x190', 'boyut');
INSERT INTO variant_attributes (variant_id, attr_key, attr_value, group_key) VALUES (1217, 'MUKAVEMET', '230 N / 23 kg', 'ek_ozellik');
INSERT INTO variant_attributes (variant_id, attr_key, attr_value, group_key) VALUES (1217, 'RENK', 'Beyaz', 'ek_ozellik');
INSERT INTO variant_attributes (variant_id, attr_key, attr_value, group_key) VALUES (1217, 'POSET_ADEDI', '100.0', 'adet_agirlik');
INSERT INTO variant_attributes (variant_id, attr_key, attr_value, group_key) VALUES (1217, 'CUVAL_ADEDI', '1000.0', 'adet_agirlik');
INSERT INTO variant_attributes (variant_id, attr_key, attr_value, group_key) VALUES (1217, 'KOLI_ADEDI', '10000.0', 'adet_agirlik');
INSERT INTO variant_attributes (variant_id, attr_key, attr_value, group_key) VALUES (1217, 'KOLI_AGIRLIGI', '~13,0 kg.', 'adet_agirlik');
INSERT INTO product_variants (id, product_id, variant_code, sort_order) VALUES (1218, 11, 'SP-KBB/4,8x250', 1218);
INSERT INTO variant_attributes (variant_id, attr_key, attr_value, group_key) VALUES (1218, 'BOYUTLAR', '4,8x250', 'boyut');
INSERT INTO variant_attributes (variant_id, attr_key, attr_value, group_key) VALUES (1218, 'MUKAVEMET', '230 N / 23 kg', 'ek_ozellik');
INSERT INTO variant_attributes (variant_id, attr_key, attr_value, group_key) VALUES (1218, 'RENK', 'Beyaz', 'ek_ozellik');
INSERT INTO variant_attributes (variant_id, attr_key, attr_value, group_key) VALUES (1218, 'POSET_ADEDI', '100.0', 'adet_agirlik');
INSERT INTO variant_attributes (variant_id, attr_key, attr_value, group_key) VALUES (1218, 'CUVAL_ADEDI', '1000.0', 'adet_agirlik');
INSERT INTO variant_attributes (variant_id, attr_key, attr_value, group_key) VALUES (1218, 'KOLI_ADEDI', '10000.0', 'adet_agirlik');
INSERT INTO variant_attributes (variant_id, attr_key, attr_value, group_key) VALUES (1218, 'KOLI_AGIRLIGI', '~15,0 kg.', 'adet_agirlik');
INSERT INTO product_variants (id, product_id, variant_code, sort_order) VALUES (1219, 11, 'SP-KBB/4,8x300', 1219);
INSERT INTO variant_attributes (variant_id, attr_key, attr_value, group_key) VALUES (1219, 'BOYUTLAR', '4,8x300', 'boyut');
INSERT INTO variant_attributes (variant_id, attr_key, attr_value, group_key) VALUES (1219, 'MUKAVEMET', '230 N / 23 kg', 'ek_ozellik');
INSERT INTO variant_attributes (variant_id, attr_key, attr_value, group_key) VALUES (1219, 'RENK', 'Beyaz', 'ek_ozellik');
INSERT INTO variant_attributes (variant_id, attr_key, attr_value, group_key) VALUES (1219, 'POSET_ADEDI', '100.0', 'adet_agirlik');
INSERT INTO variant_attributes (variant_id, attr_key, attr_value, group_key) VALUES (1219, 'CUVAL_ADEDI', '1000.0', 'adet_agirlik');
INSERT INTO variant_attributes (variant_id, attr_key, attr_value, group_key) VALUES (1219, 'KOLI_ADEDI', '10000.0', 'adet_agirlik');
INSERT INTO variant_attributes (variant_id, attr_key, attr_value, group_key) VALUES (1219, 'KOLI_AGIRLIGI', '~20,0 kg.', 'adet_agirlik');
INSERT INTO product_variants (id, product_id, variant_code, sort_order) VALUES (1220, 11, 'SP-KBB/4,8x368', 1220);
INSERT INTO variant_attributes (variant_id, attr_key, attr_value, group_key) VALUES (1220, 'BOYUTLAR', '4,8x368', 'boyut');
INSERT INTO variant_attributes (variant_id, attr_key, attr_value, group_key) VALUES (1220, 'MUKAVEMET', '230 N / 23 kg', 'ek_ozellik');
INSERT INTO variant_attributes (variant_id, attr_key, attr_value, group_key) VALUES (1220, 'RENK', 'Beyaz', 'ek_ozellik');
INSERT INTO variant_attributes (variant_id, attr_key, attr_value, group_key) VALUES (1220, 'POSET_ADEDI', '100.0', 'adet_agirlik');
INSERT INTO variant_attributes (variant_id, attr_key, attr_value, group_key) VALUES (1220, 'CUVAL_ADEDI', '1000.0', 'adet_agirlik');
INSERT INTO variant_attributes (variant_id, attr_key, attr_value, group_key) VALUES (1220, 'KOLI_ADEDI', '5000.0', 'adet_agirlik');
INSERT INTO variant_attributes (variant_id, attr_key, attr_value, group_key) VALUES (1220, 'KOLI_AGIRLIGI', '~12,8 kg.', 'adet_agirlik');
INSERT INTO product_variants (id, product_id, variant_code, sort_order) VALUES (1221, 11, 'SP-KBB/7,6x300', 1221);
INSERT INTO variant_attributes (variant_id, attr_key, attr_value, group_key) VALUES (1221, 'BOYUTLAR', '7,6x300', 'boyut');
INSERT INTO variant_attributes (variant_id, attr_key, attr_value, group_key) VALUES (1221, 'MUKAVEMET', '540 N / 55 kg', 'ek_ozellik');
INSERT INTO variant_attributes (variant_id, attr_key, attr_value, group_key) VALUES (1221, 'RENK', 'Beyaz', 'ek_ozellik');
INSERT INTO variant_attributes (variant_id, attr_key, attr_value, group_key) VALUES (1221, 'POSET_ADEDI', '100.0', 'adet_agirlik');
INSERT INTO variant_attributes (variant_id, attr_key, attr_value, group_key) VALUES (1221, 'CUVAL_ADEDI', '500.0', 'adet_agirlik');
INSERT INTO variant_attributes (variant_id, attr_key, attr_value, group_key) VALUES (1221, 'KOLI_ADEDI', '5000.0', 'adet_agirlik');
INSERT INTO variant_attributes (variant_id, attr_key, attr_value, group_key) VALUES (1221, 'KOLI_AGIRLIGI', '~19,5 kg.', 'adet_agirlik');
INSERT INTO product_variants (id, product_id, variant_code, sort_order) VALUES (1222, 11, 'SP-KBB/7,6x380', 1222);
INSERT INTO variant_attributes (variant_id, attr_key, attr_value, group_key) VALUES (1222, 'BOYUTLAR', '7,6x380', 'boyut');
INSERT INTO variant_attributes (variant_id, attr_key, attr_value, group_key) VALUES (1222, 'MUKAVEMET', '540 N / 55 kg', 'ek_ozellik');
INSERT INTO variant_attributes (variant_id, attr_key, attr_value, group_key) VALUES (1222, 'RENK', 'Beyaz', 'ek_ozellik');
INSERT INTO variant_attributes (variant_id, attr_key, attr_value, group_key) VALUES (1222, 'POSET_ADEDI', '100.0', 'adet_agirlik');
INSERT INTO variant_attributes (variant_id, attr_key, attr_value, group_key) VALUES (1222, 'CUVAL_ADEDI', '500.0', 'adet_agirlik');
INSERT INTO variant_attributes (variant_id, attr_key, attr_value, group_key) VALUES (1222, 'KOLI_ADEDI', '5000.0', 'adet_agirlik');
INSERT INTO variant_attributes (variant_id, attr_key, attr_value, group_key) VALUES (1222, 'KOLI_AGIRLIGI', '~24,0 kg.', 'adet_agirlik');
INSERT INTO product_variants (id, product_id, variant_code, sort_order) VALUES (1223, 11, 'SP-KBB/7,6x450', 1223);
INSERT INTO variant_attributes (variant_id, attr_key, attr_value, group_key) VALUES (1223, 'BOYUTLAR', '7,6x450', 'boyut');
INSERT INTO variant_attributes (variant_id, attr_key, attr_value, group_key) VALUES (1223, 'MUKAVEMET', '540 N / 55 kg', 'ek_ozellik');
INSERT INTO variant_attributes (variant_id, attr_key, attr_value, group_key) VALUES (1223, 'RENK', 'Beyaz', 'ek_ozellik');
INSERT INTO variant_attributes (variant_id, attr_key, attr_value, group_key) VALUES (1223, 'POSET_ADEDI', '100.0', 'adet_agirlik');
INSERT INTO variant_attributes (variant_id, attr_key, attr_value, group_key) VALUES (1223, 'CUVAL_ADEDI', '100.0', 'adet_agirlik');
INSERT INTO variant_attributes (variant_id, attr_key, attr_value, group_key) VALUES (1223, 'KOLI_ADEDI', '2000.0', 'adet_agirlik');
INSERT INTO variant_attributes (variant_id, attr_key, attr_value, group_key) VALUES (1223, 'KOLI_AGIRLIGI', '~12,1 kg.', 'adet_agirlik');
INSERT INTO product_variants (id, product_id, variant_code, sort_order) VALUES (1224, 11, 'SP-KBB/7,6x550', 1224);
INSERT INTO variant_attributes (variant_id, attr_key, attr_value, group_key) VALUES (1224, 'BOYUTLAR', '7,6x550', 'boyut');
INSERT INTO variant_attributes (variant_id, attr_key, attr_value, group_key) VALUES (1224, 'MUKAVEMET', '540 N / 55 kg', 'ek_ozellik');
INSERT INTO variant_attributes (variant_id, attr_key, attr_value, group_key) VALUES (1224, 'RENK', 'Beyaz', 'ek_ozellik');
INSERT INTO variant_attributes (variant_id, attr_key, attr_value, group_key) VALUES (1224, 'POSET_ADEDI', '100.0', 'adet_agirlik');
INSERT INTO variant_attributes (variant_id, attr_key, attr_value, group_key) VALUES (1224, 'CUVAL_ADEDI', '100.0', 'adet_agirlik');
INSERT INTO variant_attributes (variant_id, attr_key, attr_value, group_key) VALUES (1224, 'KOLI_ADEDI', '1000.0', 'adet_agirlik');
INSERT INTO variant_attributes (variant_id, attr_key, attr_value, group_key) VALUES (1224, 'KOLI_AGIRLIGI', '~16,0 kg.', 'adet_agirlik');
INSERT INTO product_variants (id, product_id, variant_code, sort_order) VALUES (1225, 11, 'SP-KBB/8,8x762', 1225);
INSERT INTO variant_attributes (variant_id, attr_key, attr_value, group_key) VALUES (1225, 'BOYUTLAR', '8,8x762', 'boyut');
INSERT INTO variant_attributes (variant_id, attr_key, attr_value, group_key) VALUES (1225, 'MUKAVEMET', '800 N / 81 kg', 'ek_ozellik');
INSERT INTO variant_attributes (variant_id, attr_key, attr_value, group_key) VALUES (1225, 'RENK', 'Beyaz', 'ek_ozellik');
INSERT INTO variant_attributes (variant_id, attr_key, attr_value, group_key) VALUES (1225, 'POSET_ADEDI', '100.0', 'adet_agirlik');
INSERT INTO variant_attributes (variant_id, attr_key, attr_value, group_key) VALUES (1225, 'CUVAL_ADEDI', '100.0', 'adet_agirlik');
INSERT INTO variant_attributes (variant_id, attr_key, attr_value, group_key) VALUES (1225, 'KOLI_ADEDI', '1000.0', 'adet_agirlik');
INSERT INTO variant_attributes (variant_id, attr_key, attr_value, group_key) VALUES (1225, 'KOLI_AGIRLIGI', '~12,6 kg.', 'adet_agirlik');
INSERT INTO product_variants (id, product_id, variant_code, sort_order) VALUES (1226, 11, 'SP-KBB/8,8x1020', 1226);
INSERT INTO variant_attributes (variant_id, attr_key, attr_value, group_key) VALUES (1226, 'BOYUTLAR', '8,8x1020', 'boyut');
INSERT INTO variant_attributes (variant_id, attr_key, attr_value, group_key) VALUES (1226, 'MUKAVEMET', '800 N / 81 kg', 'ek_ozellik');
INSERT INTO variant_attributes (variant_id, attr_key, attr_value, group_key) VALUES (1226, 'RENK', 'Beyaz', 'ek_ozellik');
INSERT INTO variant_attributes (variant_id, attr_key, attr_value, group_key) VALUES (1226, 'POSET_ADEDI', '100.0', 'adet_agirlik');
INSERT INTO variant_attributes (variant_id, attr_key, attr_value, group_key) VALUES (1226, 'CUVAL_ADEDI', '100.0', 'adet_agirlik');
INSERT INTO variant_attributes (variant_id, attr_key, attr_value, group_key) VALUES (1226, 'KOLI_ADEDI', '1000.0', 'adet_agirlik');
INSERT INTO variant_attributes (variant_id, attr_key, attr_value, group_key) VALUES (1226, 'KOLI_AGIRLIGI', '~16,0 kg.', 'adet_agirlik');
INSERT INTO product_variants (id, product_id, variant_code, sort_order) VALUES (1227, 12, 'SP-KBS/2,5x100', 1227);
INSERT INTO variant_attributes (variant_id, attr_key, attr_value, group_key) VALUES (1227, 'BOYUTLAR', '2,5x100', 'boyut');
INSERT INTO variant_attributes (variant_id, attr_key, attr_value, group_key) VALUES (1227, 'MUKAVEMET', '80 N / 8 kg', 'ek_ozellik');
INSERT INTO variant_attributes (variant_id, attr_key, attr_value, group_key) VALUES (1227, 'RENK', 'Siyah', 'ek_ozellik');
INSERT INTO variant_attributes (variant_id, attr_key, attr_value, group_key) VALUES (1227, 'POSET_ADEDI', '100.0', 'adet_agirlik');
INSERT INTO variant_attributes (variant_id, attr_key, attr_value, group_key) VALUES (1227, 'CUVAL_ADEDI', '1000.0', 'adet_agirlik');
INSERT INTO variant_attributes (variant_id, attr_key, attr_value, group_key) VALUES (1227, 'KOLI_ADEDI', '50000.0', 'adet_agirlik');
INSERT INTO variant_attributes (variant_id, attr_key, attr_value, group_key) VALUES (1227, 'KOLI_AGIRLIGI', '~15,0 kg.', 'adet_agirlik');
INSERT INTO product_variants (id, product_id, variant_code, sort_order) VALUES (1228, 12, 'SP-KBS/2,5x142', 1228);
INSERT INTO variant_attributes (variant_id, attr_key, attr_value, group_key) VALUES (1228, 'BOYUTLAR', '2,5x142', 'boyut');
INSERT INTO variant_attributes (variant_id, attr_key, attr_value, group_key) VALUES (1228, 'MUKAVEMET', '80 N / 8 kg', 'ek_ozellik');
INSERT INTO variant_attributes (variant_id, attr_key, attr_value, group_key) VALUES (1228, 'RENK', 'Siyah', 'ek_ozellik');
INSERT INTO variant_attributes (variant_id, attr_key, attr_value, group_key) VALUES (1228, 'POSET_ADEDI', '100.0', 'adet_agirlik');
INSERT INTO variant_attributes (variant_id, attr_key, attr_value, group_key) VALUES (1228, 'CUVAL_ADEDI', '1000.0', 'adet_agirlik');
INSERT INTO variant_attributes (variant_id, attr_key, attr_value, group_key) VALUES (1228, 'KOLI_ADEDI', '25000.0', 'adet_agirlik');
INSERT INTO variant_attributes (variant_id, attr_key, attr_value, group_key) VALUES (1228, 'KOLI_AGIRLIGI', '~11,2 kg.', 'adet_agirlik');
INSERT INTO product_variants (id, product_id, variant_code, sort_order) VALUES (1229, 12, 'SP-KBS/2,5x203', 1229);
INSERT INTO variant_attributes (variant_id, attr_key, attr_value, group_key) VALUES (1229, 'BOYUTLAR', '2,5x203', 'boyut');
INSERT INTO variant_attributes (variant_id, attr_key, attr_value, group_key) VALUES (1229, 'MUKAVEMET', '80 N / 8 kg', 'ek_ozellik');
INSERT INTO variant_attributes (variant_id, attr_key, attr_value, group_key) VALUES (1229, 'RENK', 'Siyah', 'ek_ozellik');
INSERT INTO variant_attributes (variant_id, attr_key, attr_value, group_key) VALUES (1229, 'POSET_ADEDI', '100.0', 'adet_agirlik');
INSERT INTO variant_attributes (variant_id, attr_key, attr_value, group_key) VALUES (1229, 'CUVAL_ADEDI', '1000.0', 'adet_agirlik');
INSERT INTO variant_attributes (variant_id, attr_key, attr_value, group_key) VALUES (1229, 'KOLI_ADEDI', '20000.0', 'adet_agirlik');
INSERT INTO variant_attributes (variant_id, attr_key, attr_value, group_key) VALUES (1229, 'KOLI_AGIRLIGI', '~12,8 kg.', 'adet_agirlik');
INSERT INTO product_variants (id, product_id, variant_code, sort_order) VALUES (1230, 12, 'SP-KBS/3,6x150', 1230);
INSERT INTO variant_attributes (variant_id, attr_key, attr_value, group_key) VALUES (1230, 'BOYUTLAR', '3,6x150', 'boyut');
INSERT INTO variant_attributes (variant_id, attr_key, attr_value, group_key) VALUES (1230, 'MUKAVEMET', '180 N / 18 kg', 'ek_ozellik');
INSERT INTO variant_attributes (variant_id, attr_key, attr_value, group_key) VALUES (1230, 'RENK', 'Siyah', 'ek_ozellik');
INSERT INTO variant_attributes (variant_id, attr_key, attr_value, group_key) VALUES (1230, 'POSET_ADEDI', '100.0', 'adet_agirlik');
INSERT INTO variant_attributes (variant_id, attr_key, attr_value, group_key) VALUES (1230, 'CUVAL_ADEDI', '1000.0', 'adet_agirlik');
INSERT INTO variant_attributes (variant_id, attr_key, attr_value, group_key) VALUES (1230, 'KOLI_ADEDI', '20000.0', 'adet_agirlik');
INSERT INTO variant_attributes (variant_id, attr_key, attr_value, group_key) VALUES (1230, 'KOLI_AGIRLIGI', '~14,0 kg.', 'adet_agirlik');
INSERT INTO product_variants (id, product_id, variant_code, sort_order) VALUES (1231, 12, 'SP-KBS/3,6x200', 1231);
INSERT INTO variant_attributes (variant_id, attr_key, attr_value, group_key) VALUES (1231, 'BOYUTLAR', '3,6x200', 'boyut');
INSERT INTO variant_attributes (variant_id, attr_key, attr_value, group_key) VALUES (1231, 'MUKAVEMET', '180 N / 18 kg', 'ek_ozellik');
INSERT INTO variant_attributes (variant_id, attr_key, attr_value, group_key) VALUES (1231, 'RENK', 'Siyah', 'ek_ozellik');
INSERT INTO variant_attributes (variant_id, attr_key, attr_value, group_key) VALUES (1231, 'POSET_ADEDI', '100.0', 'adet_agirlik');
INSERT INTO variant_attributes (variant_id, attr_key, attr_value, group_key) VALUES (1231, 'CUVAL_ADEDI', '1000.0', 'adet_agirlik');
INSERT INTO variant_attributes (variant_id, attr_key, attr_value, group_key) VALUES (1231, 'KOLI_ADEDI', '20000.0', 'adet_agirlik');
INSERT INTO variant_attributes (variant_id, attr_key, attr_value, group_key) VALUES (1231, 'KOLI_AGIRLIGI', '~19,0 kg.', 'adet_agirlik');
INSERT INTO product_variants (id, product_id, variant_code, sort_order) VALUES (1232, 12, 'SP-KBS/3,6x250', 1232);
INSERT INTO variant_attributes (variant_id, attr_key, attr_value, group_key) VALUES (1232, 'BOYUTLAR', '3,6x250', 'boyut');
INSERT INTO variant_attributes (variant_id, attr_key, attr_value, group_key) VALUES (1232, 'MUKAVEMET', '180 N / 18 kg', 'ek_ozellik');
INSERT INTO variant_attributes (variant_id, attr_key, attr_value, group_key) VALUES (1232, 'RENK', 'Siyah', 'ek_ozellik');
INSERT INTO variant_attributes (variant_id, attr_key, attr_value, group_key) VALUES (1232, 'POSET_ADEDI', '100.0', 'adet_agirlik');
INSERT INTO variant_attributes (variant_id, attr_key, attr_value, group_key) VALUES (1232, 'CUVAL_ADEDI', '1000.0', 'adet_agirlik');
INSERT INTO variant_attributes (variant_id, attr_key, attr_value, group_key) VALUES (1232, 'KOLI_ADEDI', '10000.0', 'adet_agirlik');
INSERT INTO variant_attributes (variant_id, attr_key, attr_value, group_key) VALUES (1232, 'KOLI_AGIRLIGI', '~12,5 kg.', 'adet_agirlik');
INSERT INTO product_variants (id, product_id, variant_code, sort_order) VALUES (1233, 12, 'SP-KBS/3,6x292', 1233);
INSERT INTO variant_attributes (variant_id, attr_key, attr_value, group_key) VALUES (1233, 'BOYUTLAR', '3,6x292', 'boyut');
INSERT INTO variant_attributes (variant_id, attr_key, attr_value, group_key) VALUES (1233, 'MUKAVEMET', '180 N / 18 kg', 'ek_ozellik');
INSERT INTO variant_attributes (variant_id, attr_key, attr_value, group_key) VALUES (1233, 'RENK', 'Siyah', 'ek_ozellik');
INSERT INTO variant_attributes (variant_id, attr_key, attr_value, group_key) VALUES (1233, 'POSET_ADEDI', '100.0', 'adet_agirlik');
INSERT INTO variant_attributes (variant_id, attr_key, attr_value, group_key) VALUES (1233, 'CUVAL_ADEDI', '1000.0', 'adet_agirlik');
INSERT INTO variant_attributes (variant_id, attr_key, attr_value, group_key) VALUES (1233, 'KOLI_ADEDI', '10000.0', 'adet_agirlik');
INSERT INTO variant_attributes (variant_id, attr_key, attr_value, group_key) VALUES (1233, 'KOLI_AGIRLIGI', '~15,2 kg.', 'adet_agirlik');
INSERT INTO product_variants (id, product_id, variant_code, sort_order) VALUES (1234, 12, 'SP-KBS/3,6x368', 1234);
INSERT INTO variant_attributes (variant_id, attr_key, attr_value, group_key) VALUES (1234, 'BOYUTLAR', '3,6x368', 'boyut');
INSERT INTO variant_attributes (variant_id, attr_key, attr_value, group_key) VALUES (1234, 'MUKAVEMET', '180 N / 18 kg', 'ek_ozellik');
INSERT INTO variant_attributes (variant_id, attr_key, attr_value, group_key) VALUES (1234, 'RENK', 'Siyah', 'ek_ozellik');
INSERT INTO variant_attributes (variant_id, attr_key, attr_value, group_key) VALUES (1234, 'POSET_ADEDI', '100.0', 'adet_agirlik');
INSERT INTO variant_attributes (variant_id, attr_key, attr_value, group_key) VALUES (1234, 'CUVAL_ADEDI', '1000.0', 'adet_agirlik');
INSERT INTO variant_attributes (variant_id, attr_key, attr_value, group_key) VALUES (1234, 'KOLI_ADEDI', '10000.0', 'adet_agirlik');
INSERT INTO variant_attributes (variant_id, attr_key, attr_value, group_key) VALUES (1234, 'KOLI_AGIRLIGI', '~17,5 kg.', 'adet_agirlik');
INSERT INTO product_variants (id, product_id, variant_code, sort_order) VALUES (1235, 12, 'SP-KBS/4,8x190', 1235);
INSERT INTO variant_attributes (variant_id, attr_key, attr_value, group_key) VALUES (1235, 'BOYUTLAR', '4,8x190', 'boyut');
INSERT INTO variant_attributes (variant_id, attr_key, attr_value, group_key) VALUES (1235, 'MUKAVEMET', '230 N / 23 kg', 'ek_ozellik');
INSERT INTO variant_attributes (variant_id, attr_key, attr_value, group_key) VALUES (1235, 'RENK', 'Siyah', 'ek_ozellik');
INSERT INTO variant_attributes (variant_id, attr_key, attr_value, group_key) VALUES (1235, 'POSET_ADEDI', '100.0', 'adet_agirlik');
INSERT INTO variant_attributes (variant_id, attr_key, attr_value, group_key) VALUES (1235, 'CUVAL_ADEDI', '1000.0', 'adet_agirlik');
INSERT INTO variant_attributes (variant_id, attr_key, attr_value, group_key) VALUES (1235, 'KOLI_ADEDI', '10000.0', 'adet_agirlik');
INSERT INTO variant_attributes (variant_id, attr_key, attr_value, group_key) VALUES (1235, 'KOLI_AGIRLIGI', '~13,0 kg.', 'adet_agirlik');
INSERT INTO product_variants (id, product_id, variant_code, sort_order) VALUES (1236, 12, 'SP-KBS/4,8x250', 1236);
INSERT INTO variant_attributes (variant_id, attr_key, attr_value, group_key) VALUES (1236, 'BOYUTLAR', '4,8x250', 'boyut');
INSERT INTO variant_attributes (variant_id, attr_key, attr_value, group_key) VALUES (1236, 'MUKAVEMET', '230 N / 23 kg', 'ek_ozellik');
INSERT INTO variant_attributes (variant_id, attr_key, attr_value, group_key) VALUES (1236, 'RENK', 'Siyah', 'ek_ozellik');
INSERT INTO variant_attributes (variant_id, attr_key, attr_value, group_key) VALUES (1236, 'POSET_ADEDI', '100.0', 'adet_agirlik');
INSERT INTO variant_attributes (variant_id, attr_key, attr_value, group_key) VALUES (1236, 'CUVAL_ADEDI', '1000.0', 'adet_agirlik');
INSERT INTO variant_attributes (variant_id, attr_key, attr_value, group_key) VALUES (1236, 'KOLI_ADEDI', '10000.0', 'adet_agirlik');
INSERT INTO variant_attributes (variant_id, attr_key, attr_value, group_key) VALUES (1236, 'KOLI_AGIRLIGI', '~15,0 kg.', 'adet_agirlik');
INSERT INTO product_variants (id, product_id, variant_code, sort_order) VALUES (1237, 12, 'SP-KBS/4,8x300', 1237);
INSERT INTO variant_attributes (variant_id, attr_key, attr_value, group_key) VALUES (1237, 'BOYUTLAR', '4,8x300', 'boyut');
INSERT INTO variant_attributes (variant_id, attr_key, attr_value, group_key) VALUES (1237, 'MUKAVEMET', '230 N / 23 kg', 'ek_ozellik');
INSERT INTO variant_attributes (variant_id, attr_key, attr_value, group_key) VALUES (1237, 'RENK', 'Siyah', 'ek_ozellik');
INSERT INTO variant_attributes (variant_id, attr_key, attr_value, group_key) VALUES (1237, 'POSET_ADEDI', '100.0', 'adet_agirlik');
INSERT INTO variant_attributes (variant_id, attr_key, attr_value, group_key) VALUES (1237, 'CUVAL_ADEDI', '1000.0', 'adet_agirlik');
INSERT INTO variant_attributes (variant_id, attr_key, attr_value, group_key) VALUES (1237, 'KOLI_ADEDI', '10000.0', 'adet_agirlik');
INSERT INTO variant_attributes (variant_id, attr_key, attr_value, group_key) VALUES (1237, 'KOLI_AGIRLIGI', '~20,0 kg.', 'adet_agirlik');
INSERT INTO product_variants (id, product_id, variant_code, sort_order) VALUES (1238, 12, 'SP-KBS/4,8x368', 1238);
INSERT INTO variant_attributes (variant_id, attr_key, attr_value, group_key) VALUES (1238, 'BOYUTLAR', '4,8x368', 'boyut');
INSERT INTO variant_attributes (variant_id, attr_key, attr_value, group_key) VALUES (1238, 'MUKAVEMET', '230 N / 23 kg', 'ek_ozellik');
INSERT INTO variant_attributes (variant_id, attr_key, attr_value, group_key) VALUES (1238, 'RENK', 'Siyah', 'ek_ozellik');
INSERT INTO variant_attributes (variant_id, attr_key, attr_value, group_key) VALUES (1238, 'POSET_ADEDI', '100.0', 'adet_agirlik');
INSERT INTO variant_attributes (variant_id, attr_key, attr_value, group_key) VALUES (1238, 'CUVAL_ADEDI', '1000.0', 'adet_agirlik');
INSERT INTO variant_attributes (variant_id, attr_key, attr_value, group_key) VALUES (1238, 'KOLI_ADEDI', '5000.0', 'adet_agirlik');
INSERT INTO variant_attributes (variant_id, attr_key, attr_value, group_key) VALUES (1238, 'KOLI_AGIRLIGI', '~12,8 kg.', 'adet_agirlik');
INSERT INTO product_variants (id, product_id, variant_code, sort_order) VALUES (1239, 12, 'SP-KBS/7,6x300', 1239);
INSERT INTO variant_attributes (variant_id, attr_key, attr_value, group_key) VALUES (1239, 'BOYUTLAR', '7,6x300', 'boyut');
INSERT INTO variant_attributes (variant_id, attr_key, attr_value, group_key) VALUES (1239, 'MUKAVEMET', '540 N / 55 kg', 'ek_ozellik');
INSERT INTO variant_attributes (variant_id, attr_key, attr_value, group_key) VALUES (1239, 'RENK', 'Siyah', 'ek_ozellik');
INSERT INTO variant_attributes (variant_id, attr_key, attr_value, group_key) VALUES (1239, 'POSET_ADEDI', '100.0', 'adet_agirlik');
INSERT INTO variant_attributes (variant_id, attr_key, attr_value, group_key) VALUES (1239, 'CUVAL_ADEDI', '500.0', 'adet_agirlik');
INSERT INTO variant_attributes (variant_id, attr_key, attr_value, group_key) VALUES (1239, 'KOLI_ADEDI', '5000.0', 'adet_agirlik');
INSERT INTO variant_attributes (variant_id, attr_key, attr_value, group_key) VALUES (1239, 'KOLI_AGIRLIGI', '~19,5 kg.', 'adet_agirlik');
INSERT INTO product_variants (id, product_id, variant_code, sort_order) VALUES (1240, 12, 'SP-KBS/7,6x380', 1240);
INSERT INTO variant_attributes (variant_id, attr_key, attr_value, group_key) VALUES (1240, 'BOYUTLAR', '7,6x380', 'boyut');
INSERT INTO variant_attributes (variant_id, attr_key, attr_value, group_key) VALUES (1240, 'MUKAVEMET', '540 N / 55 kg', 'ek_ozellik');
INSERT INTO variant_attributes (variant_id, attr_key, attr_value, group_key) VALUES (1240, 'RENK', 'Siyah', 'ek_ozellik');
INSERT INTO variant_attributes (variant_id, attr_key, attr_value, group_key) VALUES (1240, 'POSET_ADEDI', '100.0', 'adet_agirlik');
INSERT INTO variant_attributes (variant_id, attr_key, attr_value, group_key) VALUES (1240, 'CUVAL_ADEDI', '500.0', 'adet_agirlik');
INSERT INTO variant_attributes (variant_id, attr_key, attr_value, group_key) VALUES (1240, 'KOLI_ADEDI', '5000.0', 'adet_agirlik');
INSERT INTO variant_attributes (variant_id, attr_key, attr_value, group_key) VALUES (1240, 'KOLI_AGIRLIGI', '~24,0 kg.', 'adet_agirlik');
INSERT INTO product_variants (id, product_id, variant_code, sort_order) VALUES (1241, 12, 'SP-KBS/7,6x450', 1241);
INSERT INTO variant_attributes (variant_id, attr_key, attr_value, group_key) VALUES (1241, 'BOYUTLAR', '7,6x450', 'boyut');
INSERT INTO variant_attributes (variant_id, attr_key, attr_value, group_key) VALUES (1241, 'MUKAVEMET', '540 N / 55 kg', 'ek_ozellik');
INSERT INTO variant_attributes (variant_id, attr_key, attr_value, group_key) VALUES (1241, 'RENK', 'Siyah', 'ek_ozellik');
INSERT INTO variant_attributes (variant_id, attr_key, attr_value, group_key) VALUES (1241, 'POSET_ADEDI', '100.0', 'adet_agirlik');
INSERT INTO variant_attributes (variant_id, attr_key, attr_value, group_key) VALUES (1241, 'CUVAL_ADEDI', '100.0', 'adet_agirlik');
INSERT INTO variant_attributes (variant_id, attr_key, attr_value, group_key) VALUES (1241, 'KOLI_ADEDI', '2000.0', 'adet_agirlik');
INSERT INTO variant_attributes (variant_id, attr_key, attr_value, group_key) VALUES (1241, 'KOLI_AGIRLIGI', '~12,1 kg.', 'adet_agirlik');
INSERT INTO product_variants (id, product_id, variant_code, sort_order) VALUES (1242, 12, 'SP-KBS/7,6x550', 1242);
INSERT INTO variant_attributes (variant_id, attr_key, attr_value, group_key) VALUES (1242, 'BOYUTLAR', '7,6x550', 'boyut');
INSERT INTO variant_attributes (variant_id, attr_key, attr_value, group_key) VALUES (1242, 'MUKAVEMET', '540 N / 55 kg', 'ek_ozellik');
INSERT INTO variant_attributes (variant_id, attr_key, attr_value, group_key) VALUES (1242, 'RENK', 'Siyah', 'ek_ozellik');
INSERT INTO variant_attributes (variant_id, attr_key, attr_value, group_key) VALUES (1242, 'POSET_ADEDI', '100.0', 'adet_agirlik');
INSERT INTO variant_attributes (variant_id, attr_key, attr_value, group_key) VALUES (1242, 'CUVAL_ADEDI', '100.0', 'adet_agirlik');
INSERT INTO variant_attributes (variant_id, attr_key, attr_value, group_key) VALUES (1242, 'KOLI_ADEDI', '1000.0', 'adet_agirlik');
INSERT INTO variant_attributes (variant_id, attr_key, attr_value, group_key) VALUES (1242, 'KOLI_AGIRLIGI', '~16,0 kg.', 'adet_agirlik');
INSERT INTO product_variants (id, product_id, variant_code, sort_order) VALUES (1243, 12, 'SP-KBS/8,8x762', 1243);
INSERT INTO variant_attributes (variant_id, attr_key, attr_value, group_key) VALUES (1243, 'BOYUTLAR', '8,8x762', 'boyut');
INSERT INTO variant_attributes (variant_id, attr_key, attr_value, group_key) VALUES (1243, 'MUKAVEMET', '800 N / 81 kg', 'ek_ozellik');
INSERT INTO variant_attributes (variant_id, attr_key, attr_value, group_key) VALUES (1243, 'RENK', 'Siyah', 'ek_ozellik');
INSERT INTO variant_attributes (variant_id, attr_key, attr_value, group_key) VALUES (1243, 'POSET_ADEDI', '100.0', 'adet_agirlik');
INSERT INTO variant_attributes (variant_id, attr_key, attr_value, group_key) VALUES (1243, 'CUVAL_ADEDI', '100.0', 'adet_agirlik');
INSERT INTO variant_attributes (variant_id, attr_key, attr_value, group_key) VALUES (1243, 'KOLI_ADEDI', '1000.0', 'adet_agirlik');
INSERT INTO variant_attributes (variant_id, attr_key, attr_value, group_key) VALUES (1243, 'KOLI_AGIRLIGI', '~12,6 kg.', 'adet_agirlik');
INSERT INTO product_variants (id, product_id, variant_code, sort_order) VALUES (1244, 12, 'SP-KBS/8,8x1020', 1244);
INSERT INTO variant_attributes (variant_id, attr_key, attr_value, group_key) VALUES (1244, 'BOYUTLAR', '8,8x1020', 'boyut');
INSERT INTO variant_attributes (variant_id, attr_key, attr_value, group_key) VALUES (1244, 'MUKAVEMET', '800 N / 81 kg', 'ek_ozellik');
INSERT INTO variant_attributes (variant_id, attr_key, attr_value, group_key) VALUES (1244, 'RENK', 'Siyah', 'ek_ozellik');
INSERT INTO variant_attributes (variant_id, attr_key, attr_value, group_key) VALUES (1244, 'POSET_ADEDI', '100.0', 'adet_agirlik');
INSERT INTO variant_attributes (variant_id, attr_key, attr_value, group_key) VALUES (1244, 'CUVAL_ADEDI', '100.0', 'adet_agirlik');
INSERT INTO variant_attributes (variant_id, attr_key, attr_value, group_key) VALUES (1244, 'KOLI_ADEDI', '1000.0', 'adet_agirlik');
INSERT INTO variant_attributes (variant_id, attr_key, attr_value, group_key) VALUES (1244, 'KOLI_AGIRLIGI', '~16,0 kg.', 'adet_agirlik');
INSERT INTO product_variants (id, product_id, variant_code, sort_order) VALUES (1245, 13, 'SP-VKB-1', 1245);
INSERT INTO variant_attributes (variant_id, attr_key, attr_value, group_key) VALUES (1245, 'BOYUTLAR', '16x10,5', 'boyut');
INSERT INTO variant_attributes (variant_id, attr_key, attr_value, group_key) VALUES (1245, 'RENK', 'Beyaz', 'ek_ozellik');
INSERT INTO variant_attributes (variant_id, attr_key, attr_value, group_key) VALUES (1245, 'PAKET_ADEDI', '100.0', 'adet_agirlik');
INSERT INTO variant_attributes (variant_id, attr_key, attr_value, group_key) VALUES (1245, 'CUVAL_ADEDI', '500.0', 'adet_agirlik');
INSERT INTO variant_attributes (variant_id, attr_key, attr_value, group_key) VALUES (1245, 'KOLI_ADEDI', '15000.0', 'adet_agirlik');
INSERT INTO variant_attributes (variant_id, attr_key, attr_value, group_key) VALUES (1245, 'KOLI_AGIRLIGI', '~15,6 kg.', 'adet_agirlik');
INSERT INTO product_variants (id, product_id, variant_code, sort_order) VALUES (1246, 13, 'SP-VKB-2', 1246);
INSERT INTO variant_attributes (variant_id, attr_key, attr_value, group_key) VALUES (1246, 'BOYUTLAR', '22x14,5', 'boyut');
INSERT INTO variant_attributes (variant_id, attr_key, attr_value, group_key) VALUES (1246, 'RENK', 'Beyaz', 'ek_ozellik');
INSERT INTO variant_attributes (variant_id, attr_key, attr_value, group_key) VALUES (1246, 'PAKET_ADEDI', '100.0', 'adet_agirlik');
INSERT INTO variant_attributes (variant_id, attr_key, attr_value, group_key) VALUES (1246, 'CUVAL_ADEDI', '500.0', 'adet_agirlik');
INSERT INTO variant_attributes (variant_id, attr_key, attr_value, group_key) VALUES (1246, 'KOLI_ADEDI', '5000.0', 'adet_agirlik');
INSERT INTO variant_attributes (variant_id, attr_key, attr_value, group_key) VALUES (1246, 'KOLI_AGIRLIGI', '~11,0 kg.', 'adet_agirlik');
INSERT INTO product_variants (id, product_id, variant_code, sort_order) VALUES (1247, 13, 'SP-VKS-1', 1247);
INSERT INTO variant_attributes (variant_id, attr_key, attr_value, group_key) VALUES (1247, 'BOYUTLAR', '16x10,5', 'boyut');
INSERT INTO variant_attributes (variant_id, attr_key, attr_value, group_key) VALUES (1247, 'RENK', 'Siyah', 'ek_ozellik');
INSERT INTO variant_attributes (variant_id, attr_key, attr_value, group_key) VALUES (1247, 'PAKET_ADEDI', '100.0', 'adet_agirlik');
INSERT INTO variant_attributes (variant_id, attr_key, attr_value, group_key) VALUES (1247, 'CUVAL_ADEDI', '500.0', 'adet_agirlik');
INSERT INTO variant_attributes (variant_id, attr_key, attr_value, group_key) VALUES (1247, 'KOLI_ADEDI', '15000.0', 'adet_agirlik');
INSERT INTO variant_attributes (variant_id, attr_key, attr_value, group_key) VALUES (1247, 'KOLI_AGIRLIGI', '~15,6 kg.', 'adet_agirlik');
INSERT INTO product_variants (id, product_id, variant_code, sort_order) VALUES (1248, 13, 'SP-VKS-2', 1248);
INSERT INTO variant_attributes (variant_id, attr_key, attr_value, group_key) VALUES (1248, 'BOYUTLAR', '22x14,5', 'boyut');
INSERT INTO variant_attributes (variant_id, attr_key, attr_value, group_key) VALUES (1248, 'RENK', 'Siyah', 'ek_ozellik');
INSERT INTO variant_attributes (variant_id, attr_key, attr_value, group_key) VALUES (1248, 'PAKET_ADEDI', '100.0', 'adet_agirlik');
INSERT INTO variant_attributes (variant_id, attr_key, attr_value, group_key) VALUES (1248, 'CUVAL_ADEDI', '500.0', 'adet_agirlik');
INSERT INTO variant_attributes (variant_id, attr_key, attr_value, group_key) VALUES (1248, 'KOLI_ADEDI', '5000.0', 'adet_agirlik');
INSERT INTO variant_attributes (variant_id, attr_key, attr_value, group_key) VALUES (1248, 'KOLI_AGIRLIGI', '~11,0 kg.', 'adet_agirlik');
INSERT INTO product_variants (id, product_id, variant_code, sort_order) VALUES (1249, 14, 'SP-YKB-1', 1249);
INSERT INTO variant_attributes (variant_id, attr_key, attr_value, group_key) VALUES (1249, 'BOYUTLAR', '19x19', 'boyut');
INSERT INTO variant_attributes (variant_id, attr_key, attr_value, group_key) VALUES (1249, 'RENK', 'Beyaz', 'ek_ozellik');
INSERT INTO variant_attributes (variant_id, attr_key, attr_value, group_key) VALUES (1249, 'PAKET_ADEDI', '100.0', 'adet_agirlik');
INSERT INTO variant_attributes (variant_id, attr_key, attr_value, group_key) VALUES (1249, 'CUVAL_ADEDI', '500.0', 'adet_agirlik');
INSERT INTO variant_attributes (variant_id, attr_key, attr_value, group_key) VALUES (1249, 'KOLI_ADEDI', '18000.0', 'adet_agirlik');
INSERT INTO variant_attributes (variant_id, attr_key, attr_value, group_key) VALUES (1249, 'KOLI_AGIRLIGI', '~15,7 kg.', 'adet_agirlik');
INSERT INTO product_variants (id, product_id, variant_code, sort_order) VALUES (1250, 14, 'SP-YKB-2', 1250);
INSERT INTO variant_attributes (variant_id, attr_key, attr_value, group_key) VALUES (1250, 'BOYUTLAR', '28x28', 'boyut');
INSERT INTO variant_attributes (variant_id, attr_key, attr_value, group_key) VALUES (1250, 'RENK', 'Beyaz', 'ek_ozellik');
INSERT INTO variant_attributes (variant_id, attr_key, attr_value, group_key) VALUES (1250, 'PAKET_ADEDI', '100.0', 'adet_agirlik');
INSERT INTO variant_attributes (variant_id, attr_key, attr_value, group_key) VALUES (1250, 'CUVAL_ADEDI', '500.0', 'adet_agirlik');
INSERT INTO variant_attributes (variant_id, attr_key, attr_value, group_key) VALUES (1250, 'KOLI_ADEDI', '7000.0', 'adet_agirlik');
INSERT INTO variant_attributes (variant_id, attr_key, attr_value, group_key) VALUES (1250, 'KOLI_AGIRLIGI', '~13,6 kg.', 'adet_agirlik');
INSERT INTO product_variants (id, product_id, variant_code, sort_order) VALUES (1251, 14, 'SP-YKS-1', 1251);
INSERT INTO variant_attributes (variant_id, attr_key, attr_value, group_key) VALUES (1251, 'BOYUTLAR', '19x19', 'boyut');
INSERT INTO variant_attributes (variant_id, attr_key, attr_value, group_key) VALUES (1251, 'RENK', 'Siyah', 'ek_ozellik');
INSERT INTO variant_attributes (variant_id, attr_key, attr_value, group_key) VALUES (1251, 'PAKET_ADEDI', '100.0', 'adet_agirlik');
INSERT INTO variant_attributes (variant_id, attr_key, attr_value, group_key) VALUES (1251, 'CUVAL_ADEDI', '500.0', 'adet_agirlik');
INSERT INTO variant_attributes (variant_id, attr_key, attr_value, group_key) VALUES (1251, 'KOLI_ADEDI', '18000.0', 'adet_agirlik');
INSERT INTO variant_attributes (variant_id, attr_key, attr_value, group_key) VALUES (1251, 'KOLI_AGIRLIGI', '~15,7 kg.', 'adet_agirlik');
INSERT INTO product_variants (id, product_id, variant_code, sort_order) VALUES (1252, 14, 'SP-YKS-2', 1252);
INSERT INTO variant_attributes (variant_id, attr_key, attr_value, group_key) VALUES (1252, 'BOYUTLAR', '28x28', 'boyut');
INSERT INTO variant_attributes (variant_id, attr_key, attr_value, group_key) VALUES (1252, 'RENK', 'Siyah', 'ek_ozellik');
INSERT INTO variant_attributes (variant_id, attr_key, attr_value, group_key) VALUES (1252, 'PAKET_ADEDI', '100.0', 'adet_agirlik');
INSERT INTO variant_attributes (variant_id, attr_key, attr_value, group_key) VALUES (1252, 'CUVAL_ADEDI', '500.0', 'adet_agirlik');
INSERT INTO variant_attributes (variant_id, attr_key, attr_value, group_key) VALUES (1252, 'KOLI_ADEDI', '7000.0', 'adet_agirlik');
INSERT INTO variant_attributes (variant_id, attr_key, attr_value, group_key) VALUES (1252, 'KOLI_AGIRLIGI', '~13,6 kg.', 'adet_agirlik');
INSERT INTO product_variants (id, product_id, variant_code, sort_order) VALUES (1253, 49, 'SEM-S1/002.5', 1253);
INSERT INTO variant_attributes (variant_id, attr_key, attr_value, group_key) VALUES (1253, 'KABLO_KESITI', '2.5', 'kunye_filtre');
INSERT INTO variant_attributes (variant_id, attr_key, attr_value, group_key) VALUES (1253, 'd1', '2,3', 'boyut');
INSERT INTO variant_attributes (variant_id, attr_key, attr_value, group_key) VALUES (1253, 'd4', '4,2', 'boyut');
INSERT INTO variant_attributes (variant_id, attr_key, attr_value, group_key) VALUES (1253, 'L', '25,0', 'boyut');
INSERT INTO variant_attributes (variant_id, attr_key, attr_value, group_key) VALUES (1253, 'KUTU_ADEDI', '700', 'adet_agirlik');
INSERT INTO variant_attributes (variant_id, attr_key, attr_value, group_key) VALUES (1253, 'KUTU_AGIRLIGI', '~1,4 kg.', 'adet_agirlik');
INSERT INTO variant_attributes (variant_id, attr_key, attr_value, group_key) VALUES (1253, 'KOLI_ADEDI', '4200.0', 'adet_agirlik');
INSERT INTO variant_attributes (variant_id, attr_key, attr_value, group_key) VALUES (1253, 'KOLI_AGIRLIGI', '~8,4 kg.', 'adet_agirlik');
INSERT INTO product_variants (id, product_id, variant_code, sort_order) VALUES (1254, 49, 'SEM-S1/004', 1254);
INSERT INTO variant_attributes (variant_id, attr_key, attr_value, group_key) VALUES (1254, 'KABLO_KESITI', '4', 'kunye_filtre');
INSERT INTO variant_attributes (variant_id, attr_key, attr_value, group_key) VALUES (1254, 'd1', '3,0', 'boyut');
INSERT INTO variant_attributes (variant_id, attr_key, attr_value, group_key) VALUES (1254, 'd4', '5,0', 'boyut');
INSERT INTO variant_attributes (variant_id, attr_key, attr_value, group_key) VALUES (1254, 'L', '25,0', 'boyut');
INSERT INTO variant_attributes (variant_id, attr_key, attr_value, group_key) VALUES (1254, 'KUTU_ADEDI', '600', 'adet_agirlik');
INSERT INTO variant_attributes (variant_id, attr_key, attr_value, group_key) VALUES (1254, 'KUTU_AGIRLIGI', '~1,6 kg.', 'adet_agirlik');
INSERT INTO variant_attributes (variant_id, attr_key, attr_value, group_key) VALUES (1254, 'KOLI_ADEDI', '3600.0', 'adet_agirlik');
INSERT INTO variant_attributes (variant_id, attr_key, attr_value, group_key) VALUES (1254, 'KOLI_AGIRLIGI', '~9,6 kg.', 'adet_agirlik');
INSERT INTO product_variants (id, product_id, variant_code, sort_order) VALUES (1255, 49, 'SEM-S1/006', 1255);
INSERT INTO variant_attributes (variant_id, attr_key, attr_value, group_key) VALUES (1255, 'KABLO_KESITI', '6', 'kunye_filtre');
INSERT INTO variant_attributes (variant_id, attr_key, attr_value, group_key) VALUES (1255, 'd1', '3,5', 'boyut');
INSERT INTO variant_attributes (variant_id, attr_key, attr_value, group_key) VALUES (1255, 'd4', '6,5', 'boyut');
INSERT INTO variant_attributes (variant_id, attr_key, attr_value, group_key) VALUES (1255, 'L', '25,0', 'boyut');
INSERT INTO variant_attributes (variant_id, attr_key, attr_value, group_key) VALUES (1255, 'KUTU_ADEDI', '600', 'adet_agirlik');
INSERT INTO variant_attributes (variant_id, attr_key, attr_value, group_key) VALUES (1255, 'KUTU_AGIRLIGI', '~3,0 kg.', 'adet_agirlik');
INSERT INTO variant_attributes (variant_id, attr_key, attr_value, group_key) VALUES (1255, 'KOLI_ADEDI', '3600.0', 'adet_agirlik');
INSERT INTO variant_attributes (variant_id, attr_key, attr_value, group_key) VALUES (1255, 'KOLI_AGIRLIGI', '~18,0 kg.', 'adet_agirlik');
INSERT INTO product_variants (id, product_id, variant_code, sort_order) VALUES (1256, 49, 'SEM-S1/010', 1256);
INSERT INTO variant_attributes (variant_id, attr_key, attr_value, group_key) VALUES (1256, 'KABLO_KESITI', '10', 'kunye_filtre');
INSERT INTO variant_attributes (variant_id, attr_key, attr_value, group_key) VALUES (1256, 'd1', '4,5', 'boyut');
INSERT INTO variant_attributes (variant_id, attr_key, attr_value, group_key) VALUES (1256, 'd4', '7,0', 'boyut');
INSERT INTO variant_attributes (variant_id, attr_key, attr_value, group_key) VALUES (1256, 'L', '30,0', 'boyut');
INSERT INTO variant_attributes (variant_id, attr_key, attr_value, group_key) VALUES (1256, 'KUTU_ADEDI', '400', 'adet_agirlik');
INSERT INTO variant_attributes (variant_id, attr_key, attr_value, group_key) VALUES (1256, 'KUTU_AGIRLIGI', '~2,9 kg.', 'adet_agirlik');
INSERT INTO variant_attributes (variant_id, attr_key, attr_value, group_key) VALUES (1256, 'KOLI_ADEDI', '2400.0', 'adet_agirlik');
INSERT INTO variant_attributes (variant_id, attr_key, attr_value, group_key) VALUES (1256, 'KOLI_AGIRLIGI', '~17,4 kg.', 'adet_agirlik');
INSERT INTO product_variants (id, product_id, variant_code, sort_order) VALUES (1257, 49, 'SEM-S1/016', 1257);
INSERT INTO variant_attributes (variant_id, attr_key, attr_value, group_key) VALUES (1257, 'KABLO_KESITI', '16', 'kunye_filtre');
INSERT INTO variant_attributes (variant_id, attr_key, attr_value, group_key) VALUES (1257, 'd1', '5,5', 'boyut');
INSERT INTO variant_attributes (variant_id, attr_key, attr_value, group_key) VALUES (1257, 'd4', '8,5', 'boyut');
INSERT INTO variant_attributes (variant_id, attr_key, attr_value, group_key) VALUES (1257, 'L', '35,0', 'boyut');
INSERT INTO variant_attributes (variant_id, attr_key, attr_value, group_key) VALUES (1257, 'KUTU_ADEDI', '300', 'adet_agirlik');
INSERT INTO variant_attributes (variant_id, attr_key, attr_value, group_key) VALUES (1257, 'KUTU_AGIRLIGI', '~3,0 kg.', 'adet_agirlik');
INSERT INTO variant_attributes (variant_id, attr_key, attr_value, group_key) VALUES (1257, 'KOLI_ADEDI', '1800.0', 'adet_agirlik');
INSERT INTO variant_attributes (variant_id, attr_key, attr_value, group_key) VALUES (1257, 'KOLI_AGIRLIGI', '~18,0 kg.', 'adet_agirlik');
INSERT INTO product_variants (id, product_id, variant_code, sort_order) VALUES (1258, 49, 'SEM-S1/025', 1258);
INSERT INTO variant_attributes (variant_id, attr_key, attr_value, group_key) VALUES (1258, 'KABLO_KESITI', '25', 'kunye_filtre');
INSERT INTO variant_attributes (variant_id, attr_key, attr_value, group_key) VALUES (1258, 'd1', '7,0', 'boyut');
INSERT INTO variant_attributes (variant_id, attr_key, attr_value, group_key) VALUES (1258, 'd4', '10,0', 'boyut');
INSERT INTO variant_attributes (variant_id, attr_key, attr_value, group_key) VALUES (1258, 'L', '40,0', 'boyut');
INSERT INTO variant_attributes (variant_id, attr_key, attr_value, group_key) VALUES (1258, 'KUTU_ADEDI', '200', 'adet_agirlik');
INSERT INTO variant_attributes (variant_id, attr_key, attr_value, group_key) VALUES (1258, 'KUTU_AGIRLIGI', '~2,8 kg.', 'adet_agirlik');
INSERT INTO variant_attributes (variant_id, attr_key, attr_value, group_key) VALUES (1258, 'KOLI_ADEDI', '1200.0', 'adet_agirlik');
INSERT INTO variant_attributes (variant_id, attr_key, attr_value, group_key) VALUES (1258, 'KOLI_AGIRLIGI', '~16,8 kg.', 'adet_agirlik');
INSERT INTO product_variants (id, product_id, variant_code, sort_order) VALUES (1259, 49, 'SEM-S1/035', 1259);
INSERT INTO variant_attributes (variant_id, attr_key, attr_value, group_key) VALUES (1259, 'KABLO_KESITI', '35', 'kunye_filtre');
INSERT INTO variant_attributes (variant_id, attr_key, attr_value, group_key) VALUES (1259, 'd1', '8,5', 'boyut');
INSERT INTO variant_attributes (variant_id, attr_key, attr_value, group_key) VALUES (1259, 'd4', '12,0', 'boyut');
INSERT INTO variant_attributes (variant_id, attr_key, attr_value, group_key) VALUES (1259, 'L', '45,0', 'boyut');
INSERT INTO variant_attributes (variant_id, attr_key, attr_value, group_key) VALUES (1259, 'KUTU_ADEDI', '125', 'adet_agirlik');
INSERT INTO variant_attributes (variant_id, attr_key, attr_value, group_key) VALUES (1259, 'KUTU_AGIRLIGI', '~2,8 kg.', 'adet_agirlik');
INSERT INTO variant_attributes (variant_id, attr_key, attr_value, group_key) VALUES (1259, 'KOLI_ADEDI', '750.0', 'adet_agirlik');
INSERT INTO variant_attributes (variant_id, attr_key, attr_value, group_key) VALUES (1259, 'KOLI_AGIRLIGI', '~16,8 kg.', 'adet_agirlik');
INSERT INTO product_variants (id, product_id, variant_code, sort_order) VALUES (1260, 49, 'SEM-S1/050', 1260);
INSERT INTO variant_attributes (variant_id, attr_key, attr_value, group_key) VALUES (1260, 'KABLO_KESITI', '50', 'kunye_filtre');
INSERT INTO variant_attributes (variant_id, attr_key, attr_value, group_key) VALUES (1260, 'd1', '10,0', 'boyut');
INSERT INTO variant_attributes (variant_id, attr_key, attr_value, group_key) VALUES (1260, 'd4', '14,0', 'boyut');
INSERT INTO variant_attributes (variant_id, attr_key, attr_value, group_key) VALUES (1260, 'L', '50,0', 'boyut');
INSERT INTO variant_attributes (variant_id, attr_key, attr_value, group_key) VALUES (1260, 'KUTU_ADEDI', '70', 'adet_agirlik');
INSERT INTO variant_attributes (variant_id, attr_key, attr_value, group_key) VALUES (1260, 'KUTU_AGIRLIGI', '~2,4 kg.', 'adet_agirlik');
INSERT INTO variant_attributes (variant_id, attr_key, attr_value, group_key) VALUES (1260, 'KOLI_ADEDI', '420.0', 'adet_agirlik');
INSERT INTO variant_attributes (variant_id, attr_key, attr_value, group_key) VALUES (1260, 'KOLI_AGIRLIGI', '~14,4 kg.', 'adet_agirlik');
INSERT INTO product_variants (id, product_id, variant_code, sort_order) VALUES (1261, 49, 'SEM-S1/070', 1261);
INSERT INTO variant_attributes (variant_id, attr_key, attr_value, group_key) VALUES (1261, 'KABLO_KESITI', '70', 'kunye_filtre');
INSERT INTO variant_attributes (variant_id, attr_key, attr_value, group_key) VALUES (1261, 'd1', '12,0', 'boyut');
INSERT INTO variant_attributes (variant_id, attr_key, attr_value, group_key) VALUES (1261, 'd4', '16,5', 'boyut');
INSERT INTO variant_attributes (variant_id, attr_key, attr_value, group_key) VALUES (1261, 'L', '55,0', 'boyut');
INSERT INTO variant_attributes (variant_id, attr_key, attr_value, group_key) VALUES (1261, 'KUTU_ADEDI', '60', 'adet_agirlik');
INSERT INTO variant_attributes (variant_id, attr_key, attr_value, group_key) VALUES (1261, 'KUTU_AGIRLIGI', '~2,9 kg.', 'adet_agirlik');
INSERT INTO variant_attributes (variant_id, attr_key, attr_value, group_key) VALUES (1261, 'KOLI_ADEDI', '360.0', 'adet_agirlik');
INSERT INTO variant_attributes (variant_id, attr_key, attr_value, group_key) VALUES (1261, 'KOLI_AGIRLIGI', '~17,4 kg.', 'adet_agirlik');
INSERT INTO product_variants (id, product_id, variant_code, sort_order) VALUES (1262, 49, 'SEM-S1/095', 1262);
INSERT INTO variant_attributes (variant_id, attr_key, attr_value, group_key) VALUES (1262, 'KABLO_KESITI', '95', 'kunye_filtre');
INSERT INTO variant_attributes (variant_id, attr_key, attr_value, group_key) VALUES (1262, 'd1', '13,5', 'boyut');
INSERT INTO variant_attributes (variant_id, attr_key, attr_value, group_key) VALUES (1262, 'd4', '18,0', 'boyut');
INSERT INTO variant_attributes (variant_id, attr_key, attr_value, group_key) VALUES (1262, 'L', '60,0', 'boyut');
INSERT INTO variant_attributes (variant_id, attr_key, attr_value, group_key) VALUES (1262, 'KUTU_ADEDI', '50', 'adet_agirlik');
INSERT INTO variant_attributes (variant_id, attr_key, attr_value, group_key) VALUES (1262, 'KUTU_AGIRLIGI', '~3,0 kg.', 'adet_agirlik');
INSERT INTO variant_attributes (variant_id, attr_key, attr_value, group_key) VALUES (1262, 'KOLI_ADEDI', '300.0', 'adet_agirlik');
INSERT INTO variant_attributes (variant_id, attr_key, attr_value, group_key) VALUES (1262, 'KOLI_AGIRLIGI', '~18,0 kg.', 'adet_agirlik');
INSERT INTO product_variants (id, product_id, variant_code, sort_order) VALUES (1263, 49, 'SEM-S1/120', 1263);
INSERT INTO variant_attributes (variant_id, attr_key, attr_value, group_key) VALUES (1263, 'KABLO_KESITI', '120', 'kunye_filtre');
INSERT INTO variant_attributes (variant_id, attr_key, attr_value, group_key) VALUES (1263, 'd1', '15,0', 'boyut');
INSERT INTO variant_attributes (variant_id, attr_key, attr_value, group_key) VALUES (1263, 'd4', '19,5', 'boyut');
INSERT INTO variant_attributes (variant_id, attr_key, attr_value, group_key) VALUES (1263, 'L', '65,0', 'boyut');
INSERT INTO variant_attributes (variant_id, attr_key, attr_value, group_key) VALUES (1263, 'KUTU_ADEDI', '40', 'adet_agirlik');
INSERT INTO variant_attributes (variant_id, attr_key, attr_value, group_key) VALUES (1263, 'KUTU_AGIRLIGI', '~2,8 kg.', 'adet_agirlik');
INSERT INTO variant_attributes (variant_id, attr_key, attr_value, group_key) VALUES (1263, 'KOLI_ADEDI', '240.0', 'adet_agirlik');
INSERT INTO variant_attributes (variant_id, attr_key, attr_value, group_key) VALUES (1263, 'KOLI_AGIRLIGI', '~16,8 kg.', 'adet_agirlik');
INSERT INTO product_variants (id, product_id, variant_code, sort_order) VALUES (1264, 49, 'SEM-S1/150', 1264);
INSERT INTO variant_attributes (variant_id, attr_key, attr_value, group_key) VALUES (1264, 'KABLO_KESITI', '150', 'kunye_filtre');
INSERT INTO variant_attributes (variant_id, attr_key, attr_value, group_key) VALUES (1264, 'd1', '16,5', 'boyut');
INSERT INTO variant_attributes (variant_id, attr_key, attr_value, group_key) VALUES (1264, 'd4', '21,0', 'boyut');
INSERT INTO variant_attributes (variant_id, attr_key, attr_value, group_key) VALUES (1264, 'L', '70,0', 'boyut');
INSERT INTO variant_attributes (variant_id, attr_key, attr_value, group_key) VALUES (1264, 'KUTU_ADEDI', '20', 'adet_agirlik');
INSERT INTO variant_attributes (variant_id, attr_key, attr_value, group_key) VALUES (1264, 'KUTU_AGIRLIGI', '~1,6 kg.', 'adet_agirlik');
INSERT INTO variant_attributes (variant_id, attr_key, attr_value, group_key) VALUES (1264, 'KOLI_ADEDI', '120.0', 'adet_agirlik');
INSERT INTO variant_attributes (variant_id, attr_key, attr_value, group_key) VALUES (1264, 'KOLI_AGIRLIGI', '~9,6 kg.', 'adet_agirlik');
INSERT INTO product_variants (id, product_id, variant_code, sort_order) VALUES (1265, 49, 'SEM-S1/185', 1265);
INSERT INTO variant_attributes (variant_id, attr_key, attr_value, group_key) VALUES (1265, 'KABLO_KESITI', '185', 'kunye_filtre');
INSERT INTO variant_attributes (variant_id, attr_key, attr_value, group_key) VALUES (1265, 'd1', '19,0', 'boyut');
INSERT INTO variant_attributes (variant_id, attr_key, attr_value, group_key) VALUES (1265, 'd4', '24,0', 'boyut');
INSERT INTO variant_attributes (variant_id, attr_key, attr_value, group_key) VALUES (1265, 'L', '75,0', 'boyut');
INSERT INTO variant_attributes (variant_id, attr_key, attr_value, group_key) VALUES (1265, 'KUTU_ADEDI', '20', 'adet_agirlik');
INSERT INTO variant_attributes (variant_id, attr_key, attr_value, group_key) VALUES (1265, 'KUTU_AGIRLIGI', '~2,0 kg.', 'adet_agirlik');
INSERT INTO variant_attributes (variant_id, attr_key, attr_value, group_key) VALUES (1265, 'KOLI_ADEDI', '120.0', 'adet_agirlik');
INSERT INTO variant_attributes (variant_id, attr_key, attr_value, group_key) VALUES (1265, 'KOLI_AGIRLIGI', '~12,0 kg.', 'adet_agirlik');
INSERT INTO product_variants (id, product_id, variant_code, sort_order) VALUES (1266, 49, 'SEM-S1/240', 1266);
INSERT INTO variant_attributes (variant_id, attr_key, attr_value, group_key) VALUES (1266, 'KABLO_KESITI', '240', 'kunye_filtre');
INSERT INTO variant_attributes (variant_id, attr_key, attr_value, group_key) VALUES (1266, 'd1', '21,0', 'boyut');
INSERT INTO variant_attributes (variant_id, attr_key, attr_value, group_key) VALUES (1266, 'd4', '26,0', 'boyut');
INSERT INTO variant_attributes (variant_id, attr_key, attr_value, group_key) VALUES (1266, 'L', '85,0', 'boyut');
INSERT INTO variant_attributes (variant_id, attr_key, attr_value, group_key) VALUES (1266, 'KUTU_ADEDI', '15', 'adet_agirlik');
INSERT INTO variant_attributes (variant_id, attr_key, attr_value, group_key) VALUES (1266, 'KUTU_AGIRLIGI', '~2,1 kg.', 'adet_agirlik');
INSERT INTO variant_attributes (variant_id, attr_key, attr_value, group_key) VALUES (1266, 'KOLI_ADEDI', '90.0', 'adet_agirlik');
INSERT INTO variant_attributes (variant_id, attr_key, attr_value, group_key) VALUES (1266, 'KOLI_AGIRLIGI', '~12,6 kg.', 'adet_agirlik');
INSERT INTO product_variants (id, product_id, variant_code, sort_order) VALUES (1267, 49, 'SEM-S1/300', 1267);
INSERT INTO variant_attributes (variant_id, attr_key, attr_value, group_key) VALUES (1267, 'KABLO_KESITI', '300', 'kunye_filtre');
INSERT INTO variant_attributes (variant_id, attr_key, attr_value, group_key) VALUES (1267, 'd1', '23,5', 'boyut');
INSERT INTO variant_attributes (variant_id, attr_key, attr_value, group_key) VALUES (1267, 'd4', '29,5', 'boyut');
INSERT INTO variant_attributes (variant_id, attr_key, attr_value, group_key) VALUES (1267, 'L', '100,0', 'boyut');
INSERT INTO variant_attributes (variant_id, attr_key, attr_value, group_key) VALUES (1267, 'KUTU_ADEDI', '10', 'adet_agirlik');
INSERT INTO variant_attributes (variant_id, attr_key, attr_value, group_key) VALUES (1267, 'KUTU_AGIRLIGI', '~2,2 kg.', 'adet_agirlik');
INSERT INTO variant_attributes (variant_id, attr_key, attr_value, group_key) VALUES (1267, 'KOLI_ADEDI', '60.0', 'adet_agirlik');
INSERT INTO variant_attributes (variant_id, attr_key, attr_value, group_key) VALUES (1267, 'KOLI_AGIRLIGI', '~13,2 kg.', 'adet_agirlik');
INSERT INTO product_variants (id, product_id, variant_code, sort_order) VALUES (1268, 49, 'SEM-S1/400', 1268);
INSERT INTO variant_attributes (variant_id, attr_key, attr_value, group_key) VALUES (1268, 'KABLO_KESITI', '400', 'kunye_filtre');
INSERT INTO variant_attributes (variant_id, attr_key, attr_value, group_key) VALUES (1268, 'd1', '27,0', 'boyut');
INSERT INTO variant_attributes (variant_id, attr_key, attr_value, group_key) VALUES (1268, 'd4', '34,0', 'boyut');
INSERT INTO variant_attributes (variant_id, attr_key, attr_value, group_key) VALUES (1268, 'L', '100,0', 'boyut');
INSERT INTO variant_attributes (variant_id, attr_key, attr_value, group_key) VALUES (1268, 'KUTU_ADEDI', '5', 'adet_agirlik');
INSERT INTO variant_attributes (variant_id, attr_key, attr_value, group_key) VALUES (1268, 'KUTU_AGIRLIGI', '~1,5 kg.', 'adet_agirlik');
INSERT INTO variant_attributes (variant_id, attr_key, attr_value, group_key) VALUES (1268, 'KOLI_ADEDI', '30.0', 'adet_agirlik');
INSERT INTO variant_attributes (variant_id, attr_key, attr_value, group_key) VALUES (1268, 'KOLI_AGIRLIGI', '~9,0 kg.', 'adet_agirlik');
INSERT INTO product_variants (id, product_id, variant_code, sort_order) VALUES (1269, 61, 'SKP-F/006-M04', 1269);
INSERT INTO variant_attributes (variant_id, attr_key, attr_value, group_key) VALUES (1269, 'KABLO_KESITI', '6', 'kunye_filtre');
INSERT INTO variant_attributes (variant_id, attr_key, attr_value, group_key) VALUES (1269, 'CIVATA', 'M4', 'kunye_filtre');
INSERT INTO variant_attributes (variant_id, attr_key, attr_value, group_key) VALUES (1269, 'd1', '4,0', 'boyut');
INSERT INTO variant_attributes (variant_id, attr_key, attr_value, group_key) VALUES (1269, 'd4', '5,5', 'boyut');
INSERT INTO variant_attributes (variant_id, attr_key, attr_value, group_key) VALUES (1269, 'a', '9,5', 'boyut');
INSERT INTO variant_attributes (variant_id, attr_key, attr_value, group_key) VALUES (1269, 'd2', '4,3', 'boyut');
INSERT INTO variant_attributes (variant_id, attr_key, attr_value, group_key) VALUES (1269, 'b', '9,0', 'boyut');
INSERT INTO variant_attributes (variant_id, attr_key, attr_value, group_key) VALUES (1269, 'c1', '6,5', 'boyut');
INSERT INTO variant_attributes (variant_id, attr_key, attr_value, group_key) VALUES (1269, 'c2', '6,5', 'boyut');
INSERT INTO variant_attributes (variant_id, attr_key, attr_value, group_key) VALUES (1269, 'L', '19,0', 'boyut');
INSERT INTO variant_attributes (variant_id, attr_key, attr_value, group_key) VALUES (1269, 'KUTU_ADEDI', '1000', 'adet_agirlik');
INSERT INTO variant_attributes (variant_id, attr_key, attr_value, group_key) VALUES (1269, 'KUTU_AGIRLIGI', '~2,3 kg.', 'adet_agirlik');
INSERT INTO variant_attributes (variant_id, attr_key, attr_value, group_key) VALUES (1269, 'KOLI_ADEDI', '8.0', 'adet_agirlik');
INSERT INTO variant_attributes (variant_id, attr_key, attr_value, group_key) VALUES (1269, 'KOLI_AGIRLIGI', '~18,4 kg', 'adet_agirlik');
INSERT INTO product_variants (id, product_id, variant_code, sort_order) VALUES (1270, 61, 'SKP-F/006-M05/SD', 1270);
INSERT INTO variant_attributes (variant_id, attr_key, attr_value, group_key) VALUES (1270, 'KABLO_KESITI', '6', 'kunye_filtre');
INSERT INTO variant_attributes (variant_id, attr_key, attr_value, group_key) VALUES (1270, 'CIVATA', 'M5', 'kunye_filtre');
INSERT INTO variant_attributes (variant_id, attr_key, attr_value, group_key) VALUES (1270, 'd1', '4,0', 'boyut');
INSERT INTO variant_attributes (variant_id, attr_key, attr_value, group_key) VALUES (1270, 'd4', '5,5', 'boyut');
INSERT INTO variant_attributes (variant_id, attr_key, attr_value, group_key) VALUES (1270, 'a', '9,5', 'boyut');
INSERT INTO variant_attributes (variant_id, attr_key, attr_value, group_key) VALUES (1270, 'd2', '5,3', 'boyut');
INSERT INTO variant_attributes (variant_id, attr_key, attr_value, group_key) VALUES (1270, 'b', '9,0', 'boyut');
INSERT INTO variant_attributes (variant_id, attr_key, attr_value, group_key) VALUES (1270, 'c1', '6,5', 'boyut');
INSERT INTO variant_attributes (variant_id, attr_key, attr_value, group_key) VALUES (1270, 'c2', '6,5', 'boyut');
INSERT INTO variant_attributes (variant_id, attr_key, attr_value, group_key) VALUES (1270, 'L', '19,0', 'boyut');
INSERT INTO variant_attributes (variant_id, attr_key, attr_value, group_key) VALUES (1270, 'KUTU_ADEDI', '1000', 'adet_agirlik');
INSERT INTO variant_attributes (variant_id, attr_key, attr_value, group_key) VALUES (1270, 'KUTU_AGIRLIGI', '~2,2 kg.', 'adet_agirlik');
INSERT INTO variant_attributes (variant_id, attr_key, attr_value, group_key) VALUES (1270, 'KOLI_ADEDI', '8.0', 'adet_agirlik');
INSERT INTO variant_attributes (variant_id, attr_key, attr_value, group_key) VALUES (1270, 'KOLI_AGIRLIGI', '~18,4 kg', 'adet_agirlik');
INSERT INTO product_variants (id, product_id, variant_code, sort_order) VALUES (1271, 61, 'SKP-F/006-M06', 1271);
INSERT INTO variant_attributes (variant_id, attr_key, attr_value, group_key) VALUES (1271, 'KABLO_KESITI', '6', 'kunye_filtre');
INSERT INTO variant_attributes (variant_id, attr_key, attr_value, group_key) VALUES (1271, 'CIVATA', 'M6', 'kunye_filtre');
INSERT INTO variant_attributes (variant_id, attr_key, attr_value, group_key) VALUES (1271, 'd1', '4,0', 'boyut');
INSERT INTO variant_attributes (variant_id, attr_key, attr_value, group_key) VALUES (1271, 'd4', '6,0', 'boyut');
INSERT INTO variant_attributes (variant_id, attr_key, attr_value, group_key) VALUES (1271, 'a', '6,0', 'boyut');
INSERT INTO variant_attributes (variant_id, attr_key, attr_value, group_key) VALUES (1271, 'd2', '6,4', 'boyut');
INSERT INTO variant_attributes (variant_id, attr_key, attr_value, group_key) VALUES (1271, 'b', '10,5', 'boyut');
INSERT INTO variant_attributes (variant_id, attr_key, attr_value, group_key) VALUES (1271, 'c1', '7,0', 'boyut');
INSERT INTO variant_attributes (variant_id, attr_key, attr_value, group_key) VALUES (1271, 'c2', '7,0', 'boyut');
INSERT INTO variant_attributes (variant_id, attr_key, attr_value, group_key) VALUES (1271, 'L', '21,0', 'boyut');
INSERT INTO variant_attributes (variant_id, attr_key, attr_value, group_key) VALUES (1271, 'KUTU_ADEDI', '700', 'adet_agirlik');
INSERT INTO variant_attributes (variant_id, attr_key, attr_value, group_key) VALUES (1271, 'KUTU_AGIRLIGI', '~2,4 kg.', 'adet_agirlik');
INSERT INTO variant_attributes (variant_id, attr_key, attr_value, group_key) VALUES (1271, 'KOLI_ADEDI', '5.6', 'adet_agirlik');
INSERT INTO variant_attributes (variant_id, attr_key, attr_value, group_key) VALUES (1271, 'KOLI_AGIRLIGI', '~19,2 kg', 'adet_agirlik');
INSERT INTO product_variants (id, product_id, variant_code, sort_order) VALUES (1272, 61, 'SKP-F/006-M08', 1272);
INSERT INTO variant_attributes (variant_id, attr_key, attr_value, group_key) VALUES (1272, 'KABLO_KESITI', '6', 'kunye_filtre');
INSERT INTO variant_attributes (variant_id, attr_key, attr_value, group_key) VALUES (1272, 'CIVATA', 'M8', 'kunye_filtre');
INSERT INTO variant_attributes (variant_id, attr_key, attr_value, group_key) VALUES (1272, 'd1', '4,0', 'boyut');
INSERT INTO variant_attributes (variant_id, attr_key, attr_value, group_key) VALUES (1272, 'd4', '6,0', 'boyut');
INSERT INTO variant_attributes (variant_id, attr_key, attr_value, group_key) VALUES (1272, 'a', '6,0', 'boyut');
INSERT INTO variant_attributes (variant_id, attr_key, attr_value, group_key) VALUES (1272, 'd2', '8,4', 'boyut');
INSERT INTO variant_attributes (variant_id, attr_key, attr_value, group_key) VALUES (1272, 'b', '13,0', 'boyut');
INSERT INTO variant_attributes (variant_id, attr_key, attr_value, group_key) VALUES (1272, 'c1', '8,0', 'boyut');
INSERT INTO variant_attributes (variant_id, attr_key, attr_value, group_key) VALUES (1272, 'c2', '8,0', 'boyut');
INSERT INTO variant_attributes (variant_id, attr_key, attr_value, group_key) VALUES (1272, 'L', '22,5', 'boyut');
INSERT INTO variant_attributes (variant_id, attr_key, attr_value, group_key) VALUES (1272, 'KUTU_ADEDI', '600', 'adet_agirlik');
INSERT INTO variant_attributes (variant_id, attr_key, attr_value, group_key) VALUES (1272, 'KUTU_AGIRLIGI', '~2,2 kg.', 'adet_agirlik');
INSERT INTO variant_attributes (variant_id, attr_key, attr_value, group_key) VALUES (1272, 'KOLI_ADEDI', '4.8', 'adet_agirlik');
INSERT INTO variant_attributes (variant_id, attr_key, attr_value, group_key) VALUES (1272, 'KOLI_AGIRLIGI', '~17,6 kg', 'adet_agirlik');
INSERT INTO product_variants (id, product_id, variant_code, sort_order) VALUES (1273, 61, 'SKP-F/010-M05/SD', 1273);
INSERT INTO variant_attributes (variant_id, attr_key, attr_value, group_key) VALUES (1273, 'KABLO_KESITI', '10', 'kunye_filtre');
INSERT INTO variant_attributes (variant_id, attr_key, attr_value, group_key) VALUES (1273, 'CIVATA', 'M5', 'kunye_filtre');
INSERT INTO variant_attributes (variant_id, attr_key, attr_value, group_key) VALUES (1273, 'd1', '4,5', 'boyut');
INSERT INTO variant_attributes (variant_id, attr_key, attr_value, group_key) VALUES (1273, 'd4', '7,0', 'boyut');
INSERT INTO variant_attributes (variant_id, attr_key, attr_value, group_key) VALUES (1273, 'a', '10,0', 'boyut');
INSERT INTO variant_attributes (variant_id, attr_key, attr_value, group_key) VALUES (1273, 'd2', '5,3', 'boyut');
INSERT INTO variant_attributes (variant_id, attr_key, attr_value, group_key) VALUES (1273, 'b', '12,0', 'boyut');
INSERT INTO variant_attributes (variant_id, attr_key, attr_value, group_key) VALUES (1273, 'c1', '6,5', 'boyut');
INSERT INTO variant_attributes (variant_id, attr_key, attr_value, group_key) VALUES (1273, 'c2', '7,5', 'boyut');
INSERT INTO variant_attributes (variant_id, attr_key, attr_value, group_key) VALUES (1273, 'L', '22,0', 'boyut');
INSERT INTO variant_attributes (variant_id, attr_key, attr_value, group_key) VALUES (1273, 'KUTU_ADEDI', '500', 'adet_agirlik');
INSERT INTO variant_attributes (variant_id, attr_key, attr_value, group_key) VALUES (1273, 'KUTU_AGIRLIGI', '~2,1 kg.', 'adet_agirlik');
INSERT INTO variant_attributes (variant_id, attr_key, attr_value, group_key) VALUES (1273, 'KOLI_ADEDI', '4.0', 'adet_agirlik');
INSERT INTO variant_attributes (variant_id, attr_key, attr_value, group_key) VALUES (1273, 'KOLI_AGIRLIGI', '~16,8 kg', 'adet_agirlik');
INSERT INTO product_variants (id, product_id, variant_code, sort_order) VALUES (1274, 61, 'SKP-F/010-M06', 1274);
INSERT INTO variant_attributes (variant_id, attr_key, attr_value, group_key) VALUES (1274, 'KABLO_KESITI', '10', 'kunye_filtre');
INSERT INTO variant_attributes (variant_id, attr_key, attr_value, group_key) VALUES (1274, 'CIVATA', 'M6', 'kunye_filtre');
INSERT INTO variant_attributes (variant_id, attr_key, attr_value, group_key) VALUES (1274, 'd1', '4,5', 'boyut');
INSERT INTO variant_attributes (variant_id, attr_key, attr_value, group_key) VALUES (1274, 'd4', '7,0', 'boyut');
INSERT INTO variant_attributes (variant_id, attr_key, attr_value, group_key) VALUES (1274, 'a', '10,0', 'boyut');
INSERT INTO variant_attributes (variant_id, attr_key, attr_value, group_key) VALUES (1274, 'd2', '6,4', 'boyut');
INSERT INTO variant_attributes (variant_id, attr_key, attr_value, group_key) VALUES (1274, 'b', '12,0', 'boyut');
INSERT INTO variant_attributes (variant_id, attr_key, attr_value, group_key) VALUES (1274, 'c1', '6,5', 'boyut');
INSERT INTO variant_attributes (variant_id, attr_key, attr_value, group_key) VALUES (1274, 'c2', '7,5', 'boyut');
INSERT INTO variant_attributes (variant_id, attr_key, attr_value, group_key) VALUES (1274, 'L', '22,0', 'boyut');
INSERT INTO variant_attributes (variant_id, attr_key, attr_value, group_key) VALUES (1274, 'KUTU_ADEDI', '500', 'adet_agirlik');
INSERT INTO variant_attributes (variant_id, attr_key, attr_value, group_key) VALUES (1274, 'KUTU_AGIRLIGI', '~2,1 kg.', 'adet_agirlik');
INSERT INTO variant_attributes (variant_id, attr_key, attr_value, group_key) VALUES (1274, 'KOLI_ADEDI', '4.0', 'adet_agirlik');
INSERT INTO variant_attributes (variant_id, attr_key, attr_value, group_key) VALUES (1274, 'KOLI_AGIRLIGI', '~16,8 kg', 'adet_agirlik');
INSERT INTO product_variants (id, product_id, variant_code, sort_order) VALUES (1275, 61, 'SKP-F/010-M08', 1275);
INSERT INTO variant_attributes (variant_id, attr_key, attr_value, group_key) VALUES (1275, 'KABLO_KESITI', '10', 'kunye_filtre');
INSERT INTO variant_attributes (variant_id, attr_key, attr_value, group_key) VALUES (1275, 'CIVATA', 'M8', 'kunye_filtre');
INSERT INTO variant_attributes (variant_id, attr_key, attr_value, group_key) VALUES (1275, 'd1', '4,5', 'boyut');
INSERT INTO variant_attributes (variant_id, attr_key, attr_value, group_key) VALUES (1275, 'd4', '7,5', 'boyut');
INSERT INTO variant_attributes (variant_id, attr_key, attr_value, group_key) VALUES (1275, 'a', '10,0', 'boyut');
INSERT INTO variant_attributes (variant_id, attr_key, attr_value, group_key) VALUES (1275, 'd2', '8,4', 'boyut');
INSERT INTO variant_attributes (variant_id, attr_key, attr_value, group_key) VALUES (1275, 'b', '15,0', 'boyut');
INSERT INTO variant_attributes (variant_id, attr_key, attr_value, group_key) VALUES (1275, 'c1', '10,0', 'boyut');
INSERT INTO variant_attributes (variant_id, attr_key, attr_value, group_key) VALUES (1275, 'c2', '10,0', 'boyut');
INSERT INTO variant_attributes (variant_id, attr_key, attr_value, group_key) VALUES (1275, 'L', '25,0', 'boyut');
INSERT INTO variant_attributes (variant_id, attr_key, attr_value, group_key) VALUES (1275, 'KUTU_ADEDI', '400', 'adet_agirlik');
INSERT INTO variant_attributes (variant_id, attr_key, attr_value, group_key) VALUES (1275, 'KUTU_AGIRLIGI', '~2,4 kg.', 'adet_agirlik');
INSERT INTO variant_attributes (variant_id, attr_key, attr_value, group_key) VALUES (1275, 'KOLI_ADEDI', '3.2', 'adet_agirlik');
INSERT INTO variant_attributes (variant_id, attr_key, attr_value, group_key) VALUES (1275, 'KOLI_AGIRLIGI', '~19,2 kg', 'adet_agirlik');
INSERT INTO product_variants (id, product_id, variant_code, sort_order) VALUES (1276, 61, 'SKP-F/016-M05', 1276);
INSERT INTO variant_attributes (variant_id, attr_key, attr_value, group_key) VALUES (1276, 'KABLO_KESITI', '16', 'kunye_filtre');
INSERT INTO variant_attributes (variant_id, attr_key, attr_value, group_key) VALUES (1276, 'CIVATA', 'M5', 'kunye_filtre');
INSERT INTO variant_attributes (variant_id, attr_key, attr_value, group_key) VALUES (1276, 'd1', '5,5', 'boyut');
INSERT INTO variant_attributes (variant_id, attr_key, attr_value, group_key) VALUES (1276, 'd4', '8,5', 'boyut');
INSERT INTO variant_attributes (variant_id, attr_key, attr_value, group_key) VALUES (1276, 'a', '13,0', 'boyut');
INSERT INTO variant_attributes (variant_id, attr_key, attr_value, group_key) VALUES (1276, 'd2', '5,4', 'boyut');
INSERT INTO variant_attributes (variant_id, attr_key, attr_value, group_key) VALUES (1276, 'b', '12,0', 'boyut');
INSERT INTO variant_attributes (variant_id, attr_key, attr_value, group_key) VALUES (1276, 'c1', '5,5', 'boyut');
INSERT INTO variant_attributes (variant_id, attr_key, attr_value, group_key) VALUES (1276, 'c2', '6,5', 'boyut');
INSERT INTO variant_attributes (variant_id, attr_key, attr_value, group_key) VALUES (1276, 'L', '24,0', 'boyut');
INSERT INTO variant_attributes (variant_id, attr_key, attr_value, group_key) VALUES (1276, 'KUTU_ADEDI', '400', 'adet_agirlik');
INSERT INTO variant_attributes (variant_id, attr_key, attr_value, group_key) VALUES (1276, 'KUTU_AGIRLIGI', '~2,2 kg.', 'adet_agirlik');
INSERT INTO variant_attributes (variant_id, attr_key, attr_value, group_key) VALUES (1276, 'KOLI_ADEDI', '2.4', 'adet_agirlik');
INSERT INTO variant_attributes (variant_id, attr_key, attr_value, group_key) VALUES (1276, 'KOLI_AGIRLIGI', '~13,2 kg', 'adet_agirlik');
INSERT INTO product_variants (id, product_id, variant_code, sort_order) VALUES (1277, 61, 'SKP-F/016-M06/SD', 1277);
INSERT INTO variant_attributes (variant_id, attr_key, attr_value, group_key) VALUES (1277, 'KABLO_KESITI', '16', 'kunye_filtre');
INSERT INTO variant_attributes (variant_id, attr_key, attr_value, group_key) VALUES (1277, 'CIVATA', 'M6', 'kunye_filtre');
INSERT INTO variant_attributes (variant_id, attr_key, attr_value, group_key) VALUES (1277, 'd1', '5,5', 'boyut');
INSERT INTO variant_attributes (variant_id, attr_key, attr_value, group_key) VALUES (1277, 'd4', '8,5', 'boyut');
INSERT INTO variant_attributes (variant_id, attr_key, attr_value, group_key) VALUES (1277, 'a', '13,0', 'boyut');
INSERT INTO variant_attributes (variant_id, attr_key, attr_value, group_key) VALUES (1277, 'd2', '6,4', 'boyut');
INSERT INTO variant_attributes (variant_id, attr_key, attr_value, group_key) VALUES (1277, 'b', '12,0', 'boyut');
INSERT INTO variant_attributes (variant_id, attr_key, attr_value, group_key) VALUES (1277, 'c1', '6,2', 'boyut');
INSERT INTO variant_attributes (variant_id, attr_key, attr_value, group_key) VALUES (1277, 'c2', '7,5', 'boyut');
INSERT INTO variant_attributes (variant_id, attr_key, attr_value, group_key) VALUES (1277, 'L', '27,0', 'boyut');
INSERT INTO variant_attributes (variant_id, attr_key, attr_value, group_key) VALUES (1277, 'KUTU_ADEDI', '400', 'adet_agirlik');
INSERT INTO variant_attributes (variant_id, attr_key, attr_value, group_key) VALUES (1277, 'KUTU_AGIRLIGI', '~3,4 kg.', 'adet_agirlik');
INSERT INTO variant_attributes (variant_id, attr_key, attr_value, group_key) VALUES (1277, 'KOLI_ADEDI', '2.4', 'adet_agirlik');
INSERT INTO variant_attributes (variant_id, attr_key, attr_value, group_key) VALUES (1277, 'KOLI_AGIRLIGI', '~20,4 kg', 'adet_agirlik');
INSERT INTO product_variants (id, product_id, variant_code, sort_order) VALUES (1278, 61, 'SKP-F/016-M08', 1278);
INSERT INTO variant_attributes (variant_id, attr_key, attr_value, group_key) VALUES (1278, 'KABLO_KESITI', '16', 'kunye_filtre');
INSERT INTO variant_attributes (variant_id, attr_key, attr_value, group_key) VALUES (1278, 'CIVATA', 'M8', 'kunye_filtre');
INSERT INTO variant_attributes (variant_id, attr_key, attr_value, group_key) VALUES (1278, 'd1', '5,5', 'boyut');
INSERT INTO variant_attributes (variant_id, attr_key, attr_value, group_key) VALUES (1278, 'd4', '8,5', 'boyut');
INSERT INTO variant_attributes (variant_id, attr_key, attr_value, group_key) VALUES (1278, 'a', '13,0', 'boyut');
INSERT INTO variant_attributes (variant_id, attr_key, attr_value, group_key) VALUES (1278, 'd2', '8,4', 'boyut');
INSERT INTO variant_attributes (variant_id, attr_key, attr_value, group_key) VALUES (1278, 'b', '15,0', 'boyut');
INSERT INTO variant_attributes (variant_id, attr_key, attr_value, group_key) VALUES (1278, 'c1', '8,5', 'boyut');
INSERT INTO variant_attributes (variant_id, attr_key, attr_value, group_key) VALUES (1278, 'c2', '9,5', 'boyut');
INSERT INTO variant_attributes (variant_id, attr_key, attr_value, group_key) VALUES (1278, 'L', '29,0', 'boyut');
INSERT INTO variant_attributes (variant_id, attr_key, attr_value, group_key) VALUES (1278, 'KUTU_ADEDI', '300', 'adet_agirlik');
INSERT INTO variant_attributes (variant_id, attr_key, attr_value, group_key) VALUES (1278, 'KUTU_AGIRLIGI', '~2,8 kg.', 'adet_agirlik');
INSERT INTO variant_attributes (variant_id, attr_key, attr_value, group_key) VALUES (1278, 'KOLI_ADEDI', '1.8', 'adet_agirlik');
INSERT INTO variant_attributes (variant_id, attr_key, attr_value, group_key) VALUES (1278, 'KOLI_AGIRLIGI', '~16,8 kg', 'adet_agirlik');
INSERT INTO product_variants (id, product_id, variant_code, sort_order) VALUES (1279, 62, 'SKP-L45-D/006-M05', 1279);
INSERT INTO variant_attributes (variant_id, attr_key, attr_value, group_key) VALUES (1279, 'KABLO_KESITI', '6', 'kunye_filtre');
INSERT INTO variant_attributes (variant_id, attr_key, attr_value, group_key) VALUES (1279, 'CIVATA', 'M5', 'kunye_filtre');
INSERT INTO variant_attributes (variant_id, attr_key, attr_value, group_key) VALUES (1279, 'd1', '3.8', 'boyut');
INSERT INTO variant_attributes (variant_id, attr_key, attr_value, group_key) VALUES (1279, 'd4', '5.5', 'boyut');
INSERT INTO variant_attributes (variant_id, attr_key, attr_value, group_key) VALUES (1279, 'a', '10,0', 'boyut');
INSERT INTO variant_attributes (variant_id, attr_key, attr_value, group_key) VALUES (1279, 'd2', '5.5', 'boyut');
INSERT INTO variant_attributes (variant_id, attr_key, attr_value, group_key) VALUES (1279, 'b', '8.5', 'boyut');
INSERT INTO variant_attributes (variant_id, attr_key, attr_value, group_key) VALUES (1279, 'c1', '6.5', 'boyut');
INSERT INTO variant_attributes (variant_id, attr_key, attr_value, group_key) VALUES (1279, 'L3', '9,0', 'boyut');
INSERT INTO variant_attributes (variant_id, attr_key, attr_value, group_key) VALUES (1279, 'KUTU_ADEDI', '500,0', 'adet_agirlik');
INSERT INTO variant_attributes (variant_id, attr_key, attr_value, group_key) VALUES (1279, 'KUTU_AGIRLIGI', '~1,6 kg.', 'adet_agirlik');
INSERT INTO variant_attributes (variant_id, attr_key, attr_value, group_key) VALUES (1279, 'KOLI_ADEDI', '3000.0', 'adet_agirlik');
INSERT INTO variant_attributes (variant_id, attr_key, attr_value, group_key) VALUES (1279, 'KOLI_AGIRLIGI', '~9,6 kg.', 'adet_agirlik');
INSERT INTO product_variants (id, product_id, variant_code, sort_order) VALUES (1280, 62, 'SKP-L45-D/006-M06', 1280);
INSERT INTO variant_attributes (variant_id, attr_key, attr_value, group_key) VALUES (1280, 'KABLO_KESITI', '6', 'kunye_filtre');
INSERT INTO variant_attributes (variant_id, attr_key, attr_value, group_key) VALUES (1280, 'CIVATA', 'M6', 'kunye_filtre');
INSERT INTO variant_attributes (variant_id, attr_key, attr_value, group_key) VALUES (1280, 'd1', '3.8', 'boyut');
INSERT INTO variant_attributes (variant_id, attr_key, attr_value, group_key) VALUES (1280, 'd4', '5.5', 'boyut');
INSERT INTO variant_attributes (variant_id, attr_key, attr_value, group_key) VALUES (1280, 'a', '10,0', 'boyut');
INSERT INTO variant_attributes (variant_id, attr_key, attr_value, group_key) VALUES (1280, 'd2', '6.5', 'boyut');
INSERT INTO variant_attributes (variant_id, attr_key, attr_value, group_key) VALUES (1280, 'b', '8.5', 'boyut');
INSERT INTO variant_attributes (variant_id, attr_key, attr_value, group_key) VALUES (1280, 'c1', '7.5', 'boyut');
INSERT INTO variant_attributes (variant_id, attr_key, attr_value, group_key) VALUES (1280, 'L3', '10,0', 'boyut');
INSERT INTO variant_attributes (variant_id, attr_key, attr_value, group_key) VALUES (1280, 'KUTU_ADEDI', '500,0', 'adet_agirlik');
INSERT INTO variant_attributes (variant_id, attr_key, attr_value, group_key) VALUES (1280, 'KUTU_AGIRLIGI', '~1,7 kg.', 'adet_agirlik');
INSERT INTO variant_attributes (variant_id, attr_key, attr_value, group_key) VALUES (1280, 'KOLI_ADEDI', '3000.0', 'adet_agirlik');
INSERT INTO variant_attributes (variant_id, attr_key, attr_value, group_key) VALUES (1280, 'KOLI_AGIRLIGI', '~10,2 kg.', 'adet_agirlik');
INSERT INTO product_variants (id, product_id, variant_code, sort_order) VALUES (1281, 62, 'SKP-L45-D/010-M05', 1281);
INSERT INTO variant_attributes (variant_id, attr_key, attr_value, group_key) VALUES (1281, 'KABLO_KESITI', '10', 'kunye_filtre');
INSERT INTO variant_attributes (variant_id, attr_key, attr_value, group_key) VALUES (1281, 'CIVATA', 'M5', 'kunye_filtre');
INSERT INTO variant_attributes (variant_id, attr_key, attr_value, group_key) VALUES (1281, 'd1', '4.5', 'boyut');
INSERT INTO variant_attributes (variant_id, attr_key, attr_value, group_key) VALUES (1281, 'd4', '6', 'boyut');
INSERT INTO variant_attributes (variant_id, attr_key, attr_value, group_key) VALUES (1281, 'a', '10,0', 'boyut');
INSERT INTO variant_attributes (variant_id, attr_key, attr_value, group_key) VALUES (1281, 'd2', '5.5', 'boyut');
INSERT INTO variant_attributes (variant_id, attr_key, attr_value, group_key) VALUES (1281, 'b', '9', 'boyut');
INSERT INTO variant_attributes (variant_id, attr_key, attr_value, group_key) VALUES (1281, 'c1', '7', 'boyut');
INSERT INTO variant_attributes (variant_id, attr_key, attr_value, group_key) VALUES (1281, 'L3', '10,0', 'boyut');
INSERT INTO variant_attributes (variant_id, attr_key, attr_value, group_key) VALUES (1281, 'KUTU_ADEDI', '300,0', 'adet_agirlik');
INSERT INTO variant_attributes (variant_id, attr_key, attr_value, group_key) VALUES (1281, 'KUTU_AGIRLIGI', '~1,1 kg.', 'adet_agirlik');
INSERT INTO variant_attributes (variant_id, attr_key, attr_value, group_key) VALUES (1281, 'KOLI_ADEDI', '1800.0', 'adet_agirlik');
INSERT INTO variant_attributes (variant_id, attr_key, attr_value, group_key) VALUES (1281, 'KOLI_AGIRLIGI', '~6,6 kg.', 'adet_agirlik');
INSERT INTO product_variants (id, product_id, variant_code, sort_order) VALUES (1282, 62, 'SKP-L45-D/010-M06', 1282);
INSERT INTO variant_attributes (variant_id, attr_key, attr_value, group_key) VALUES (1282, 'KABLO_KESITI', '10', 'kunye_filtre');
INSERT INTO variant_attributes (variant_id, attr_key, attr_value, group_key) VALUES (1282, 'CIVATA', 'M6', 'kunye_filtre');
INSERT INTO variant_attributes (variant_id, attr_key, attr_value, group_key) VALUES (1282, 'd1', '4.5', 'boyut');
INSERT INTO variant_attributes (variant_id, attr_key, attr_value, group_key) VALUES (1282, 'd4', '6', 'boyut');
INSERT INTO variant_attributes (variant_id, attr_key, attr_value, group_key) VALUES (1282, 'a', '10,0', 'boyut');
INSERT INTO variant_attributes (variant_id, attr_key, attr_value, group_key) VALUES (1282, 'd2', '6.5', 'boyut');
INSERT INTO variant_attributes (variant_id, attr_key, attr_value, group_key) VALUES (1282, 'b', '9', 'boyut');
INSERT INTO variant_attributes (variant_id, attr_key, attr_value, group_key) VALUES (1282, 'c1', '7.5', 'boyut');
INSERT INTO variant_attributes (variant_id, attr_key, attr_value, group_key) VALUES (1282, 'L3', '10,0', 'boyut');
INSERT INTO variant_attributes (variant_id, attr_key, attr_value, group_key) VALUES (1282, 'KUTU_ADEDI', '300,0', 'adet_agirlik');
INSERT INTO variant_attributes (variant_id, attr_key, attr_value, group_key) VALUES (1282, 'KUTU_AGIRLIGI', '~1,1 kg.', 'adet_agirlik');
INSERT INTO variant_attributes (variant_id, attr_key, attr_value, group_key) VALUES (1282, 'KOLI_ADEDI', '1800.0', 'adet_agirlik');
INSERT INTO variant_attributes (variant_id, attr_key, attr_value, group_key) VALUES (1282, 'KOLI_AGIRLIGI', '~6,6 kg.', 'adet_agirlik');
INSERT INTO product_variants (id, product_id, variant_code, sort_order) VALUES (1283, 62, 'SKP-L45-D/010-M08', 1283);
INSERT INTO variant_attributes (variant_id, attr_key, attr_value, group_key) VALUES (1283, 'KABLO_KESITI', '10', 'kunye_filtre');
INSERT INTO variant_attributes (variant_id, attr_key, attr_value, group_key) VALUES (1283, 'CIVATA', 'M8', 'kunye_filtre');
INSERT INTO variant_attributes (variant_id, attr_key, attr_value, group_key) VALUES (1283, 'd1', '4.5', 'boyut');
INSERT INTO variant_attributes (variant_id, attr_key, attr_value, group_key) VALUES (1283, 'd4', '6', 'boyut');
INSERT INTO variant_attributes (variant_id, attr_key, attr_value, group_key) VALUES (1283, 'a', '10,0', 'boyut');
INSERT INTO variant_attributes (variant_id, attr_key, attr_value, group_key) VALUES (1283, 'd2', '8.5', 'boyut');
INSERT INTO variant_attributes (variant_id, attr_key, attr_value, group_key) VALUES (1283, 'b', '13', 'boyut');
INSERT INTO variant_attributes (variant_id, attr_key, attr_value, group_key) VALUES (1283, 'c1', '10', 'boyut');
INSERT INTO variant_attributes (variant_id, attr_key, attr_value, group_key) VALUES (1283, 'L3', '13,0', 'boyut');
INSERT INTO variant_attributes (variant_id, attr_key, attr_value, group_key) VALUES (1283, 'KUTU_ADEDI', '300,0', 'adet_agirlik');
INSERT INTO variant_attributes (variant_id, attr_key, attr_value, group_key) VALUES (1283, 'KUTU_AGIRLIGI', '~1,2 kg.', 'adet_agirlik');
INSERT INTO variant_attributes (variant_id, attr_key, attr_value, group_key) VALUES (1283, 'KOLI_ADEDI', '1800.0', 'adet_agirlik');
INSERT INTO variant_attributes (variant_id, attr_key, attr_value, group_key) VALUES (1283, 'KOLI_AGIRLIGI', '~7,2 kg.', 'adet_agirlik');
INSERT INTO product_variants (id, product_id, variant_code, sort_order) VALUES (1284, 62, 'SKP-L45-D/016-M06', 1284);
INSERT INTO variant_attributes (variant_id, attr_key, attr_value, group_key) VALUES (1284, 'KABLO_KESITI', '16', 'kunye_filtre');
INSERT INTO variant_attributes (variant_id, attr_key, attr_value, group_key) VALUES (1284, 'CIVATA', 'M6', 'kunye_filtre');
INSERT INTO variant_attributes (variant_id, attr_key, attr_value, group_key) VALUES (1284, 'd1', '5.5', 'boyut');
INSERT INTO variant_attributes (variant_id, attr_key, attr_value, group_key) VALUES (1284, 'd4', '8.5', 'boyut');
INSERT INTO variant_attributes (variant_id, attr_key, attr_value, group_key) VALUES (1284, 'a', '20,0', 'boyut');
INSERT INTO variant_attributes (variant_id, attr_key, attr_value, group_key) VALUES (1284, 'd2', '6.5', 'boyut');
INSERT INTO variant_attributes (variant_id, attr_key, attr_value, group_key) VALUES (1284, 'b', '13', 'boyut');
INSERT INTO variant_attributes (variant_id, attr_key, attr_value, group_key) VALUES (1284, 'c1', '7.5', 'boyut');
INSERT INTO variant_attributes (variant_id, attr_key, attr_value, group_key) VALUES (1284, 'L3', '11,0', 'boyut');
INSERT INTO variant_attributes (variant_id, attr_key, attr_value, group_key) VALUES (1284, 'KUTU_ADEDI', '125,0', 'adet_agirlik');
INSERT INTO variant_attributes (variant_id, attr_key, attr_value, group_key) VALUES (1284, 'KUTU_AGIRLIGI', '~1,5 kg.', 'adet_agirlik');
INSERT INTO variant_attributes (variant_id, attr_key, attr_value, group_key) VALUES (1284, 'KOLI_ADEDI', '750.0', 'adet_agirlik');
INSERT INTO variant_attributes (variant_id, attr_key, attr_value, group_key) VALUES (1284, 'KOLI_AGIRLIGI', '~9,0 kg.', 'adet_agirlik');
INSERT INTO product_variants (id, product_id, variant_code, sort_order) VALUES (1285, 62, 'SKP-L45-D/016-M08', 1285);
INSERT INTO variant_attributes (variant_id, attr_key, attr_value, group_key) VALUES (1285, 'KABLO_KESITI', '16', 'kunye_filtre');
INSERT INTO variant_attributes (variant_id, attr_key, attr_value, group_key) VALUES (1285, 'CIVATA', 'M8', 'kunye_filtre');
INSERT INTO variant_attributes (variant_id, attr_key, attr_value, group_key) VALUES (1285, 'd1', '5.5', 'boyut');
INSERT INTO variant_attributes (variant_id, attr_key, attr_value, group_key) VALUES (1285, 'd4', '8.5', 'boyut');
INSERT INTO variant_attributes (variant_id, attr_key, attr_value, group_key) VALUES (1285, 'a', '20,0', 'boyut');
INSERT INTO variant_attributes (variant_id, attr_key, attr_value, group_key) VALUES (1285, 'd2', '8.5', 'boyut');
INSERT INTO variant_attributes (variant_id, attr_key, attr_value, group_key) VALUES (1285, 'b', '13', 'boyut');
INSERT INTO variant_attributes (variant_id, attr_key, attr_value, group_key) VALUES (1285, 'c1', '10', 'boyut');
INSERT INTO variant_attributes (variant_id, attr_key, attr_value, group_key) VALUES (1285, 'L3', '13,0', 'boyut');
INSERT INTO variant_attributes (variant_id, attr_key, attr_value, group_key) VALUES (1285, 'KUTU_ADEDI', '125,0', 'adet_agirlik');
INSERT INTO variant_attributes (variant_id, attr_key, attr_value, group_key) VALUES (1285, 'KUTU_AGIRLIGI', '~1,6 kg.', 'adet_agirlik');
INSERT INTO variant_attributes (variant_id, attr_key, attr_value, group_key) VALUES (1285, 'KOLI_ADEDI', '750.0', 'adet_agirlik');
INSERT INTO variant_attributes (variant_id, attr_key, attr_value, group_key) VALUES (1285, 'KOLI_AGIRLIGI', '~9,6 kg.', 'adet_agirlik');
INSERT INTO product_variants (id, product_id, variant_code, sort_order) VALUES (1286, 62, 'SKP-L45-D/016-M10', 1286);
INSERT INTO variant_attributes (variant_id, attr_key, attr_value, group_key) VALUES (1286, 'KABLO_KESITI', '16', 'kunye_filtre');
INSERT INTO variant_attributes (variant_id, attr_key, attr_value, group_key) VALUES (1286, 'CIVATA', 'M10', 'kunye_filtre');
INSERT INTO variant_attributes (variant_id, attr_key, attr_value, group_key) VALUES (1286, 'd1', '5.5', 'boyut');
INSERT INTO variant_attributes (variant_id, attr_key, attr_value, group_key) VALUES (1286, 'd4', '8.5', 'boyut');
INSERT INTO variant_attributes (variant_id, attr_key, attr_value, group_key) VALUES (1286, 'a', '20,0', 'boyut');
INSERT INTO variant_attributes (variant_id, attr_key, attr_value, group_key) VALUES (1286, 'd2', '10.5', 'boyut');
INSERT INTO variant_attributes (variant_id, attr_key, attr_value, group_key) VALUES (1286, 'b', '17', 'boyut');
INSERT INTO variant_attributes (variant_id, attr_key, attr_value, group_key) VALUES (1286, 'c1', '12', 'boyut');
INSERT INTO variant_attributes (variant_id, attr_key, attr_value, group_key) VALUES (1286, 'L3', '15,0', 'boyut');
INSERT INTO variant_attributes (variant_id, attr_key, attr_value, group_key) VALUES (1286, 'KUTU_ADEDI', '125,0', 'adet_agirlik');
INSERT INTO variant_attributes (variant_id, attr_key, attr_value, group_key) VALUES (1286, 'KUTU_AGIRLIGI', '~1,7 kg.', 'adet_agirlik');
INSERT INTO variant_attributes (variant_id, attr_key, attr_value, group_key) VALUES (1286, 'KOLI_ADEDI', '750.0', 'adet_agirlik');
INSERT INTO variant_attributes (variant_id, attr_key, attr_value, group_key) VALUES (1286, 'KOLI_AGIRLIGI', '~10,2 kg.', 'adet_agirlik');
INSERT INTO product_variants (id, product_id, variant_code, sort_order) VALUES (1287, 62, 'SKP-L45-D/016-M12', 1287);
INSERT INTO variant_attributes (variant_id, attr_key, attr_value, group_key) VALUES (1287, 'KABLO_KESITI', '16', 'kunye_filtre');
INSERT INTO variant_attributes (variant_id, attr_key, attr_value, group_key) VALUES (1287, 'CIVATA', 'M12', 'kunye_filtre');
INSERT INTO variant_attributes (variant_id, attr_key, attr_value, group_key) VALUES (1287, 'd1', '5.5', 'boyut');
INSERT INTO variant_attributes (variant_id, attr_key, attr_value, group_key) VALUES (1287, 'd4', '8.5', 'boyut');
INSERT INTO variant_attributes (variant_id, attr_key, attr_value, group_key) VALUES (1287, 'a', '20,0', 'boyut');
INSERT INTO variant_attributes (variant_id, attr_key, attr_value, group_key) VALUES (1287, 'd2', '13', 'boyut');
INSERT INTO variant_attributes (variant_id, attr_key, attr_value, group_key) VALUES (1287, 'b', '18', 'boyut');
INSERT INTO variant_attributes (variant_id, attr_key, attr_value, group_key) VALUES (1287, 'c1', '13', 'boyut');
INSERT INTO variant_attributes (variant_id, attr_key, attr_value, group_key) VALUES (1287, 'L3', '18,0', 'boyut');
INSERT INTO variant_attributes (variant_id, attr_key, attr_value, group_key) VALUES (1287, 'KUTU_ADEDI', '125,0', 'adet_agirlik');
INSERT INTO variant_attributes (variant_id, attr_key, attr_value, group_key) VALUES (1287, 'KUTU_AGIRLIGI', '~1,7 kg.', 'adet_agirlik');
INSERT INTO variant_attributes (variant_id, attr_key, attr_value, group_key) VALUES (1287, 'KOLI_ADEDI', '750.0', 'adet_agirlik');
INSERT INTO variant_attributes (variant_id, attr_key, attr_value, group_key) VALUES (1287, 'KOLI_AGIRLIGI', '~10,2 kg.', 'adet_agirlik');
INSERT INTO product_variants (id, product_id, variant_code, sort_order) VALUES (1288, 62, 'SKP-L45-D/025-M06', 1288);
INSERT INTO variant_attributes (variant_id, attr_key, attr_value, group_key) VALUES (1288, 'KABLO_KESITI', '25', 'kunye_filtre');
INSERT INTO variant_attributes (variant_id, attr_key, attr_value, group_key) VALUES (1288, 'CIVATA', 'M6', 'kunye_filtre');
INSERT INTO variant_attributes (variant_id, attr_key, attr_value, group_key) VALUES (1288, 'd1', '7', 'boyut');
INSERT INTO variant_attributes (variant_id, attr_key, attr_value, group_key) VALUES (1288, 'd4', '10', 'boyut');
INSERT INTO variant_attributes (variant_id, attr_key, attr_value, group_key) VALUES (1288, 'a', '20,0', 'boyut');
INSERT INTO variant_attributes (variant_id, attr_key, attr_value, group_key) VALUES (1288, 'd2', '6.5', 'boyut');
INSERT INTO variant_attributes (variant_id, attr_key, attr_value, group_key) VALUES (1288, 'b', '14', 'boyut');
INSERT INTO variant_attributes (variant_id, attr_key, attr_value, group_key) VALUES (1288, 'c1', '7.5', 'boyut');
INSERT INTO variant_attributes (variant_id, attr_key, attr_value, group_key) VALUES (1288, 'L3', '11,0', 'boyut');
INSERT INTO variant_attributes (variant_id, attr_key, attr_value, group_key) VALUES (1288, 'KUTU_ADEDI', '100,0', 'adet_agirlik');
INSERT INTO variant_attributes (variant_id, attr_key, attr_value, group_key) VALUES (1288, 'KUTU_AGIRLIGI', '~1,5 kg.', 'adet_agirlik');
INSERT INTO variant_attributes (variant_id, attr_key, attr_value, group_key) VALUES (1288, 'KOLI_ADEDI', '600.0', 'adet_agirlik');
INSERT INTO variant_attributes (variant_id, attr_key, attr_value, group_key) VALUES (1288, 'KOLI_AGIRLIGI', '~9,0 kg.', 'adet_agirlik');
INSERT INTO product_variants (id, product_id, variant_code, sort_order) VALUES (1289, 62, 'SKP-L45-D/025-M08', 1289);
INSERT INTO variant_attributes (variant_id, attr_key, attr_value, group_key) VALUES (1289, 'KABLO_KESITI', '25', 'kunye_filtre');
INSERT INTO variant_attributes (variant_id, attr_key, attr_value, group_key) VALUES (1289, 'CIVATA', 'M8', 'kunye_filtre');
INSERT INTO variant_attributes (variant_id, attr_key, attr_value, group_key) VALUES (1289, 'd1', '7', 'boyut');
INSERT INTO variant_attributes (variant_id, attr_key, attr_value, group_key) VALUES (1289, 'd4', '10', 'boyut');
INSERT INTO variant_attributes (variant_id, attr_key, attr_value, group_key) VALUES (1289, 'a', '20,0', 'boyut');
INSERT INTO variant_attributes (variant_id, attr_key, attr_value, group_key) VALUES (1289, 'd2', '8.5', 'boyut');
INSERT INTO variant_attributes (variant_id, attr_key, attr_value, group_key) VALUES (1289, 'b', '16', 'boyut');
INSERT INTO variant_attributes (variant_id, attr_key, attr_value, group_key) VALUES (1289, 'c1', '10', 'boyut');
INSERT INTO variant_attributes (variant_id, attr_key, attr_value, group_key) VALUES (1289, 'L3', '13,0', 'boyut');
INSERT INTO variant_attributes (variant_id, attr_key, attr_value, group_key) VALUES (1289, 'KUTU_ADEDI', '100,0', 'adet_agirlik');
INSERT INTO variant_attributes (variant_id, attr_key, attr_value, group_key) VALUES (1289, 'KUTU_AGIRLIGI', '~1,6 kg.', 'adet_agirlik');
INSERT INTO variant_attributes (variant_id, attr_key, attr_value, group_key) VALUES (1289, 'KOLI_ADEDI', '600.0', 'adet_agirlik');
INSERT INTO variant_attributes (variant_id, attr_key, attr_value, group_key) VALUES (1289, 'KOLI_AGIRLIGI', '~9,6 kg.', 'adet_agirlik');
INSERT INTO product_variants (id, product_id, variant_code, sort_order) VALUES (1290, 62, 'SKP-L45-D/025-M10', 1290);
INSERT INTO variant_attributes (variant_id, attr_key, attr_value, group_key) VALUES (1290, 'KABLO_KESITI', '25', 'kunye_filtre');
INSERT INTO variant_attributes (variant_id, attr_key, attr_value, group_key) VALUES (1290, 'CIVATA', 'M10', 'kunye_filtre');
INSERT INTO variant_attributes (variant_id, attr_key, attr_value, group_key) VALUES (1290, 'd1', '7', 'boyut');
INSERT INTO variant_attributes (variant_id, attr_key, attr_value, group_key) VALUES (1290, 'd4', '10', 'boyut');
INSERT INTO variant_attributes (variant_id, attr_key, attr_value, group_key) VALUES (1290, 'a', '20,0', 'boyut');
INSERT INTO variant_attributes (variant_id, attr_key, attr_value, group_key) VALUES (1290, 'd2', '10.5', 'boyut');
INSERT INTO variant_attributes (variant_id, attr_key, attr_value, group_key) VALUES (1290, 'b', '17', 'boyut');
INSERT INTO variant_attributes (variant_id, attr_key, attr_value, group_key) VALUES (1290, 'c1', '12', 'boyut');
INSERT INTO variant_attributes (variant_id, attr_key, attr_value, group_key) VALUES (1290, 'L3', '15,0', 'boyut');
INSERT INTO variant_attributes (variant_id, attr_key, attr_value, group_key) VALUES (1290, 'KUTU_ADEDI', '100,0', 'adet_agirlik');
INSERT INTO variant_attributes (variant_id, attr_key, attr_value, group_key) VALUES (1290, 'KUTU_AGIRLIGI', '~1,6 kg.', 'adet_agirlik');
INSERT INTO variant_attributes (variant_id, attr_key, attr_value, group_key) VALUES (1290, 'KOLI_ADEDI', '600.0', 'adet_agirlik');
INSERT INTO variant_attributes (variant_id, attr_key, attr_value, group_key) VALUES (1290, 'KOLI_AGIRLIGI', '~9,6 kg.', 'adet_agirlik');
INSERT INTO product_variants (id, product_id, variant_code, sort_order) VALUES (1291, 62, 'SKP-L45-D/025-M12', 1291);
INSERT INTO variant_attributes (variant_id, attr_key, attr_value, group_key) VALUES (1291, 'KABLO_KESITI', '25', 'kunye_filtre');
INSERT INTO variant_attributes (variant_id, attr_key, attr_value, group_key) VALUES (1291, 'CIVATA', 'M12', 'kunye_filtre');
INSERT INTO variant_attributes (variant_id, attr_key, attr_value, group_key) VALUES (1291, 'd1', '7', 'boyut');
INSERT INTO variant_attributes (variant_id, attr_key, attr_value, group_key) VALUES (1291, 'd4', '10', 'boyut');
INSERT INTO variant_attributes (variant_id, attr_key, attr_value, group_key) VALUES (1291, 'a', '20,0', 'boyut');
INSERT INTO variant_attributes (variant_id, attr_key, attr_value, group_key) VALUES (1291, 'd2', '13', 'boyut');
INSERT INTO variant_attributes (variant_id, attr_key, attr_value, group_key) VALUES (1291, 'b', '19', 'boyut');
INSERT INTO variant_attributes (variant_id, attr_key, attr_value, group_key) VALUES (1291, 'c1', '13', 'boyut');
INSERT INTO variant_attributes (variant_id, attr_key, attr_value, group_key) VALUES (1291, 'L3', '18,0', 'boyut');
INSERT INTO variant_attributes (variant_id, attr_key, attr_value, group_key) VALUES (1291, 'KUTU_ADEDI', '100,0', 'adet_agirlik');
INSERT INTO variant_attributes (variant_id, attr_key, attr_value, group_key) VALUES (1291, 'KUTU_AGIRLIGI', '~1,7 kg.', 'adet_agirlik');
INSERT INTO variant_attributes (variant_id, attr_key, attr_value, group_key) VALUES (1291, 'KOLI_ADEDI', '600.0', 'adet_agirlik');
INSERT INTO variant_attributes (variant_id, attr_key, attr_value, group_key) VALUES (1291, 'KOLI_AGIRLIGI', '~10,2 kg.', 'adet_agirlik');
INSERT INTO product_variants (id, product_id, variant_code, sort_order) VALUES (1292, 62, 'SKP-L45-D/035-M06', 1292);
INSERT INTO variant_attributes (variant_id, attr_key, attr_value, group_key) VALUES (1292, 'KABLO_KESITI', '35', 'kunye_filtre');
INSERT INTO variant_attributes (variant_id, attr_key, attr_value, group_key) VALUES (1292, 'CIVATA', 'M6', 'kunye_filtre');
INSERT INTO variant_attributes (variant_id, attr_key, attr_value, group_key) VALUES (1292, 'd1', '8.2', 'boyut');
INSERT INTO variant_attributes (variant_id, attr_key, attr_value, group_key) VALUES (1292, 'd4', '12.5', 'boyut');
INSERT INTO variant_attributes (variant_id, attr_key, attr_value, group_key) VALUES (1292, 'a', '20,0', 'boyut');
INSERT INTO variant_attributes (variant_id, attr_key, attr_value, group_key) VALUES (1292, 'd2', '8.5', 'boyut');
INSERT INTO variant_attributes (variant_id, attr_key, attr_value, group_key) VALUES (1292, 'b', '17', 'boyut');
INSERT INTO variant_attributes (variant_id, attr_key, attr_value, group_key) VALUES (1292, 'c1', '10', 'boyut');
INSERT INTO variant_attributes (variant_id, attr_key, attr_value, group_key) VALUES (1292, 'L3', '13,0', 'boyut');
INSERT INTO variant_attributes (variant_id, attr_key, attr_value, group_key) VALUES (1292, 'KUTU_ADEDI', '80,0', 'adet_agirlik');
INSERT INTO variant_attributes (variant_id, attr_key, attr_value, group_key) VALUES (1292, 'KUTU_AGIRLIGI', '~2,2 kg.', 'adet_agirlik');
INSERT INTO variant_attributes (variant_id, attr_key, attr_value, group_key) VALUES (1292, 'KOLI_ADEDI', '480.0', 'adet_agirlik');
INSERT INTO variant_attributes (variant_id, attr_key, attr_value, group_key) VALUES (1292, 'KOLI_AGIRLIGI', '~13,2 kg.', 'adet_agirlik');
INSERT INTO product_variants (id, product_id, variant_code, sort_order) VALUES (1293, 62, 'SKP-L45-D/035-M08', 1293);
INSERT INTO variant_attributes (variant_id, attr_key, attr_value, group_key) VALUES (1293, 'KABLO_KESITI', '35', 'kunye_filtre');
INSERT INTO variant_attributes (variant_id, attr_key, attr_value, group_key) VALUES (1293, 'CIVATA', 'M8', 'kunye_filtre');
INSERT INTO variant_attributes (variant_id, attr_key, attr_value, group_key) VALUES (1293, 'd1', '8.2', 'boyut');
INSERT INTO variant_attributes (variant_id, attr_key, attr_value, group_key) VALUES (1293, 'd4', '12.5', 'boyut');
INSERT INTO variant_attributes (variant_id, attr_key, attr_value, group_key) VALUES (1293, 'a', '20,0', 'boyut');
INSERT INTO variant_attributes (variant_id, attr_key, attr_value, group_key) VALUES (1293, 'd2', '10.5', 'boyut');
INSERT INTO variant_attributes (variant_id, attr_key, attr_value, group_key) VALUES (1293, 'b', '19', 'boyut');
INSERT INTO variant_attributes (variant_id, attr_key, attr_value, group_key) VALUES (1293, 'c1', '12', 'boyut');
INSERT INTO variant_attributes (variant_id, attr_key, attr_value, group_key) VALUES (1293, 'L3', '15,0', 'boyut');
INSERT INTO variant_attributes (variant_id, attr_key, attr_value, group_key) VALUES (1293, 'KUTU_ADEDI', '80,0', 'adet_agirlik');
INSERT INTO variant_attributes (variant_id, attr_key, attr_value, group_key) VALUES (1293, 'KUTU_AGIRLIGI', '~2,3 kg.', 'adet_agirlik');
INSERT INTO variant_attributes (variant_id, attr_key, attr_value, group_key) VALUES (1293, 'KOLI_ADEDI', '480.0', 'adet_agirlik');
INSERT INTO variant_attributes (variant_id, attr_key, attr_value, group_key) VALUES (1293, 'KOLI_AGIRLIGI', '~13,8 kg.', 'adet_agirlik');
INSERT INTO product_variants (id, product_id, variant_code, sort_order) VALUES (1294, 62, 'SKP-L45-D/035-M10', 1294);
INSERT INTO variant_attributes (variant_id, attr_key, attr_value, group_key) VALUES (1294, 'KABLO_KESITI', '35', 'kunye_filtre');
INSERT INTO variant_attributes (variant_id, attr_key, attr_value, group_key) VALUES (1294, 'CIVATA', 'M10', 'kunye_filtre');
INSERT INTO variant_attributes (variant_id, attr_key, attr_value, group_key) VALUES (1294, 'd1', '8.2', 'boyut');
INSERT INTO variant_attributes (variant_id, attr_key, attr_value, group_key) VALUES (1294, 'd4', '12.5', 'boyut');
INSERT INTO variant_attributes (variant_id, attr_key, attr_value, group_key) VALUES (1294, 'a', '20,0', 'boyut');
INSERT INTO variant_attributes (variant_id, attr_key, attr_value, group_key) VALUES (1294, 'd2', '13', 'boyut');
INSERT INTO variant_attributes (variant_id, attr_key, attr_value, group_key) VALUES (1294, 'b', '21', 'boyut');
INSERT INTO variant_attributes (variant_id, attr_key, attr_value, group_key) VALUES (1294, 'c1', '13', 'boyut');
INSERT INTO variant_attributes (variant_id, attr_key, attr_value, group_key) VALUES (1294, 'L3', '18,0', 'boyut');
INSERT INTO variant_attributes (variant_id, attr_key, attr_value, group_key) VALUES (1294, 'KUTU_ADEDI', '80,0', 'adet_agirlik');
INSERT INTO variant_attributes (variant_id, attr_key, attr_value, group_key) VALUES (1294, 'KUTU_AGIRLIGI', '~2,4 kg.', 'adet_agirlik');
INSERT INTO variant_attributes (variant_id, attr_key, attr_value, group_key) VALUES (1294, 'KOLI_ADEDI', '480.0', 'adet_agirlik');
INSERT INTO variant_attributes (variant_id, attr_key, attr_value, group_key) VALUES (1294, 'KOLI_AGIRLIGI', '~14,4 kg.', 'adet_agirlik');
INSERT INTO product_variants (id, product_id, variant_code, sort_order) VALUES (1295, 62, 'SKP-L45-D/035-M12', 1295);
INSERT INTO variant_attributes (variant_id, attr_key, attr_value, group_key) VALUES (1295, 'KABLO_KESITI', '35', 'kunye_filtre');
INSERT INTO variant_attributes (variant_id, attr_key, attr_value, group_key) VALUES (1295, 'CIVATA', 'M12', 'kunye_filtre');
INSERT INTO variant_attributes (variant_id, attr_key, attr_value, group_key) VALUES (1295, 'd1', '8.2', 'boyut');
INSERT INTO variant_attributes (variant_id, attr_key, attr_value, group_key) VALUES (1295, 'd4', '12.5', 'boyut');
INSERT INTO variant_attributes (variant_id, attr_key, attr_value, group_key) VALUES (1295, 'a', '20,0', 'boyut');
INSERT INTO variant_attributes (variant_id, attr_key, attr_value, group_key) VALUES (1295, 'd2', '15', 'boyut');
INSERT INTO variant_attributes (variant_id, attr_key, attr_value, group_key) VALUES (1295, 'b', '21', 'boyut');
INSERT INTO variant_attributes (variant_id, attr_key, attr_value, group_key) VALUES (1295, 'c1', '14.5', 'boyut');
INSERT INTO variant_attributes (variant_id, attr_key, attr_value, group_key) VALUES (1295, 'L3', '20,0', 'boyut');
INSERT INTO variant_attributes (variant_id, attr_key, attr_value, group_key) VALUES (1295, 'KUTU_ADEDI', '80,0', 'adet_agirlik');
INSERT INTO variant_attributes (variant_id, attr_key, attr_value, group_key) VALUES (1295, 'KUTU_AGIRLIGI', '~2,4 kg.', 'adet_agirlik');
INSERT INTO variant_attributes (variant_id, attr_key, attr_value, group_key) VALUES (1295, 'KOLI_ADEDI', '480.0', 'adet_agirlik');
INSERT INTO variant_attributes (variant_id, attr_key, attr_value, group_key) VALUES (1295, 'KOLI_AGIRLIGI', '~14,4 kg.', 'adet_agirlik');
INSERT INTO product_variants (id, product_id, variant_code, sort_order) VALUES (1296, 62, 'SKP-L45-D/050-M08', 1296);
INSERT INTO variant_attributes (variant_id, attr_key, attr_value, group_key) VALUES (1296, 'KABLO_KESITI', '50', 'kunye_filtre');
INSERT INTO variant_attributes (variant_id, attr_key, attr_value, group_key) VALUES (1296, 'CIVATA', 'M8', 'kunye_filtre');
INSERT INTO variant_attributes (variant_id, attr_key, attr_value, group_key) VALUES (1296, 'd1', '10', 'boyut');
INSERT INTO variant_attributes (variant_id, attr_key, attr_value, group_key) VALUES (1296, 'd4', '14.5', 'boyut');
INSERT INTO variant_attributes (variant_id, attr_key, attr_value, group_key) VALUES (1296, 'a', '28,0', 'boyut');
INSERT INTO variant_attributes (variant_id, attr_key, attr_value, group_key) VALUES (1296, 'd2', '8.5', 'boyut');
INSERT INTO variant_attributes (variant_id, attr_key, attr_value, group_key) VALUES (1296, 'b', '20', 'boyut');
INSERT INTO variant_attributes (variant_id, attr_key, attr_value, group_key) VALUES (1296, 'c1', '10', 'boyut');
INSERT INTO variant_attributes (variant_id, attr_key, attr_value, group_key) VALUES (1296, 'L3', '13,0', 'boyut');
INSERT INTO variant_attributes (variant_id, attr_key, attr_value, group_key) VALUES (1296, 'KUTU_ADEDI', '60,0', 'adet_agirlik');
INSERT INTO variant_attributes (variant_id, attr_key, attr_value, group_key) VALUES (1296, 'KUTU_AGIRLIGI', '~2,8 kg.', 'adet_agirlik');
INSERT INTO variant_attributes (variant_id, attr_key, attr_value, group_key) VALUES (1296, 'KOLI_ADEDI', '360.0', 'adet_agirlik');
INSERT INTO variant_attributes (variant_id, attr_key, attr_value, group_key) VALUES (1296, 'KOLI_AGIRLIGI', '~16,8 kg.', 'adet_agirlik');
INSERT INTO product_variants (id, product_id, variant_code, sort_order) VALUES (1297, 62, 'SKP-L45-D/050-M10', 1297);
INSERT INTO variant_attributes (variant_id, attr_key, attr_value, group_key) VALUES (1297, 'KABLO_KESITI', '50', 'kunye_filtre');
INSERT INTO variant_attributes (variant_id, attr_key, attr_value, group_key) VALUES (1297, 'CIVATA', 'M10', 'kunye_filtre');
INSERT INTO variant_attributes (variant_id, attr_key, attr_value, group_key) VALUES (1297, 'd1', '10', 'boyut');
INSERT INTO variant_attributes (variant_id, attr_key, attr_value, group_key) VALUES (1297, 'd4', '14.5', 'boyut');
INSERT INTO variant_attributes (variant_id, attr_key, attr_value, group_key) VALUES (1297, 'a', '28,0', 'boyut');
INSERT INTO variant_attributes (variant_id, attr_key, attr_value, group_key) VALUES (1297, 'd2', '10.5', 'boyut');
INSERT INTO variant_attributes (variant_id, attr_key, attr_value, group_key) VALUES (1297, 'b', '22', 'boyut');
INSERT INTO variant_attributes (variant_id, attr_key, attr_value, group_key) VALUES (1297, 'c1', '12', 'boyut');
INSERT INTO variant_attributes (variant_id, attr_key, attr_value, group_key) VALUES (1297, 'L3', '16,0', 'boyut');
INSERT INTO variant_attributes (variant_id, attr_key, attr_value, group_key) VALUES (1297, 'KUTU_ADEDI', '60,0', 'adet_agirlik');
INSERT INTO variant_attributes (variant_id, attr_key, attr_value, group_key) VALUES (1297, 'KUTU_AGIRLIGI', '~2,9 kg.', 'adet_agirlik');
INSERT INTO variant_attributes (variant_id, attr_key, attr_value, group_key) VALUES (1297, 'KOLI_ADEDI', '360.0', 'adet_agirlik');
INSERT INTO variant_attributes (variant_id, attr_key, attr_value, group_key) VALUES (1297, 'KOLI_AGIRLIGI', '~17,4 kg.', 'adet_agirlik');
INSERT INTO product_variants (id, product_id, variant_code, sort_order) VALUES (1298, 62, 'SKP-L45-D/050-M12', 1298);
INSERT INTO variant_attributes (variant_id, attr_key, attr_value, group_key) VALUES (1298, 'KABLO_KESITI', '50', 'kunye_filtre');
INSERT INTO variant_attributes (variant_id, attr_key, attr_value, group_key) VALUES (1298, 'CIVATA', 'M12', 'kunye_filtre');
INSERT INTO variant_attributes (variant_id, attr_key, attr_value, group_key) VALUES (1298, 'd1', '10', 'boyut');
INSERT INTO variant_attributes (variant_id, attr_key, attr_value, group_key) VALUES (1298, 'd4', '14.5', 'boyut');
INSERT INTO variant_attributes (variant_id, attr_key, attr_value, group_key) VALUES (1298, 'a', '28,0', 'boyut');
INSERT INTO variant_attributes (variant_id, attr_key, attr_value, group_key) VALUES (1298, 'd2', '13', 'boyut');
INSERT INTO variant_attributes (variant_id, attr_key, attr_value, group_key) VALUES (1298, 'b', '24', 'boyut');
INSERT INTO variant_attributes (variant_id, attr_key, attr_value, group_key) VALUES (1298, 'c1', '13', 'boyut');
INSERT INTO variant_attributes (variant_id, attr_key, attr_value, group_key) VALUES (1298, 'L3', '18,0', 'boyut');
INSERT INTO variant_attributes (variant_id, attr_key, attr_value, group_key) VALUES (1298, 'KUTU_ADEDI', '60,0', 'adet_agirlik');
INSERT INTO variant_attributes (variant_id, attr_key, attr_value, group_key) VALUES (1298, 'KUTU_AGIRLIGI', '~3,0 kg.', 'adet_agirlik');
INSERT INTO variant_attributes (variant_id, attr_key, attr_value, group_key) VALUES (1298, 'KOLI_ADEDI', '360.0', 'adet_agirlik');
INSERT INTO variant_attributes (variant_id, attr_key, attr_value, group_key) VALUES (1298, 'KOLI_AGIRLIGI', '~18,0 kg.', 'adet_agirlik');
INSERT INTO product_variants (id, product_id, variant_code, sort_order) VALUES (1299, 62, 'SKP-L45-D/050-M14', 1299);
INSERT INTO variant_attributes (variant_id, attr_key, attr_value, group_key) VALUES (1299, 'KABLO_KESITI', '50', 'kunye_filtre');
INSERT INTO variant_attributes (variant_id, attr_key, attr_value, group_key) VALUES (1299, 'CIVATA', 'M14', 'kunye_filtre');
INSERT INTO variant_attributes (variant_id, attr_key, attr_value, group_key) VALUES (1299, 'd1', '10', 'boyut');
INSERT INTO variant_attributes (variant_id, attr_key, attr_value, group_key) VALUES (1299, 'd4', '14.5', 'boyut');
INSERT INTO variant_attributes (variant_id, attr_key, attr_value, group_key) VALUES (1299, 'a', '28,0', 'boyut');
INSERT INTO variant_attributes (variant_id, attr_key, attr_value, group_key) VALUES (1299, 'd2', '15', 'boyut');
INSERT INTO variant_attributes (variant_id, attr_key, attr_value, group_key) VALUES (1299, 'b', '24', 'boyut');
INSERT INTO variant_attributes (variant_id, attr_key, attr_value, group_key) VALUES (1299, 'c1', '14.5', 'boyut');
INSERT INTO variant_attributes (variant_id, attr_key, attr_value, group_key) VALUES (1299, 'L3', '20,0', 'boyut');
INSERT INTO variant_attributes (variant_id, attr_key, attr_value, group_key) VALUES (1299, 'KUTU_ADEDI', '60,0', 'adet_agirlik');
INSERT INTO variant_attributes (variant_id, attr_key, attr_value, group_key) VALUES (1299, 'KUTU_AGIRLIGI', '~3,0 kg.', 'adet_agirlik');
INSERT INTO variant_attributes (variant_id, attr_key, attr_value, group_key) VALUES (1299, 'KOLI_ADEDI', '360.0', 'adet_agirlik');
INSERT INTO variant_attributes (variant_id, attr_key, attr_value, group_key) VALUES (1299, 'KOLI_AGIRLIGI', '~18,0 kg.', 'adet_agirlik');
INSERT INTO product_variants (id, product_id, variant_code, sort_order) VALUES (1300, 62, 'SKP-L45-D/050-M16', 1300);
INSERT INTO variant_attributes (variant_id, attr_key, attr_value, group_key) VALUES (1300, 'KABLO_KESITI', '50', 'kunye_filtre');
INSERT INTO variant_attributes (variant_id, attr_key, attr_value, group_key) VALUES (1300, 'CIVATA', 'M16', 'kunye_filtre');
INSERT INTO variant_attributes (variant_id, attr_key, attr_value, group_key) VALUES (1300, 'd1', '10', 'boyut');
INSERT INTO variant_attributes (variant_id, attr_key, attr_value, group_key) VALUES (1300, 'd4', '14.5', 'boyut');
INSERT INTO variant_attributes (variant_id, attr_key, attr_value, group_key) VALUES (1300, 'a', '28,0', 'boyut');
INSERT INTO variant_attributes (variant_id, attr_key, attr_value, group_key) VALUES (1300, 'd2', '17', 'boyut');
INSERT INTO variant_attributes (variant_id, attr_key, attr_value, group_key) VALUES (1300, 'b', '28', 'boyut');
INSERT INTO variant_attributes (variant_id, attr_key, attr_value, group_key) VALUES (1300, 'c1', '16', 'boyut');
INSERT INTO variant_attributes (variant_id, attr_key, attr_value, group_key) VALUES (1300, 'L3', '22,0', 'boyut');
INSERT INTO variant_attributes (variant_id, attr_key, attr_value, group_key) VALUES (1300, 'KUTU_ADEDI', '60,0', 'adet_agirlik');
INSERT INTO variant_attributes (variant_id, attr_key, attr_value, group_key) VALUES (1300, 'KUTU_AGIRLIGI', '~3,0 kg.', 'adet_agirlik');
INSERT INTO variant_attributes (variant_id, attr_key, attr_value, group_key) VALUES (1300, 'KOLI_ADEDI', '360.0', 'adet_agirlik');
INSERT INTO variant_attributes (variant_id, attr_key, attr_value, group_key) VALUES (1300, 'KOLI_AGIRLIGI', '~18,0 kg.', 'adet_agirlik');
INSERT INTO product_variants (id, product_id, variant_code, sort_order) VALUES (1301, 62, 'SKP-L45-D/070-M08', 1301);
INSERT INTO variant_attributes (variant_id, attr_key, attr_value, group_key) VALUES (1301, 'KABLO_KESITI', '70', 'kunye_filtre');
INSERT INTO variant_attributes (variant_id, attr_key, attr_value, group_key) VALUES (1301, 'CIVATA', 'M8', 'kunye_filtre');
INSERT INTO variant_attributes (variant_id, attr_key, attr_value, group_key) VALUES (1301, 'd1', '11.5', 'boyut');
INSERT INTO variant_attributes (variant_id, attr_key, attr_value, group_key) VALUES (1301, 'd4', '16.5', 'boyut');
INSERT INTO variant_attributes (variant_id, attr_key, attr_value, group_key) VALUES (1301, 'a', '28,0', 'boyut');
INSERT INTO variant_attributes (variant_id, attr_key, attr_value, group_key) VALUES (1301, 'd2', '8.5', 'boyut');
INSERT INTO variant_attributes (variant_id, attr_key, attr_value, group_key) VALUES (1301, 'b', '24', 'boyut');
INSERT INTO variant_attributes (variant_id, attr_key, attr_value, group_key) VALUES (1301, 'c1', '10', 'boyut');
INSERT INTO variant_attributes (variant_id, attr_key, attr_value, group_key) VALUES (1301, 'L3', '14,0', 'boyut');
INSERT INTO variant_attributes (variant_id, attr_key, attr_value, group_key) VALUES (1301, 'KUTU_ADEDI', '50,0', 'adet_agirlik');
INSERT INTO variant_attributes (variant_id, attr_key, attr_value, group_key) VALUES (1301, 'KUTU_AGIRLIGI', '~3,2 kg.', 'adet_agirlik');
INSERT INTO variant_attributes (variant_id, attr_key, attr_value, group_key) VALUES (1301, 'KOLI_ADEDI', '300.0', 'adet_agirlik');
INSERT INTO variant_attributes (variant_id, attr_key, attr_value, group_key) VALUES (1301, 'KOLI_AGIRLIGI', '~19,2 kg.', 'adet_agirlik');
INSERT INTO product_variants (id, product_id, variant_code, sort_order) VALUES (1302, 62, 'SKP-L45-D/070-M10', 1302);
INSERT INTO variant_attributes (variant_id, attr_key, attr_value, group_key) VALUES (1302, 'KABLO_KESITI', '70', 'kunye_filtre');
INSERT INTO variant_attributes (variant_id, attr_key, attr_value, group_key) VALUES (1302, 'CIVATA', 'M10', 'kunye_filtre');
INSERT INTO variant_attributes (variant_id, attr_key, attr_value, group_key) VALUES (1302, 'd1', '11.5', 'boyut');
INSERT INTO variant_attributes (variant_id, attr_key, attr_value, group_key) VALUES (1302, 'd4', '16.5', 'boyut');
INSERT INTO variant_attributes (variant_id, attr_key, attr_value, group_key) VALUES (1302, 'a', '28,0', 'boyut');
INSERT INTO variant_attributes (variant_id, attr_key, attr_value, group_key) VALUES (1302, 'd2', '10.5', 'boyut');
INSERT INTO variant_attributes (variant_id, attr_key, attr_value, group_key) VALUES (1302, 'b', '24', 'boyut');
INSERT INTO variant_attributes (variant_id, attr_key, attr_value, group_key) VALUES (1302, 'c1', '12', 'boyut');
INSERT INTO variant_attributes (variant_id, attr_key, attr_value, group_key) VALUES (1302, 'L3', '16,0', 'boyut');
INSERT INTO variant_attributes (variant_id, attr_key, attr_value, group_key) VALUES (1302, 'KUTU_ADEDI', '50,0', 'adet_agirlik');
INSERT INTO variant_attributes (variant_id, attr_key, attr_value, group_key) VALUES (1302, 'KUTU_AGIRLIGI', '~3,4 kg.', 'adet_agirlik');
INSERT INTO variant_attributes (variant_id, attr_key, attr_value, group_key) VALUES (1302, 'KOLI_ADEDI', '300.0', 'adet_agirlik');
INSERT INTO variant_attributes (variant_id, attr_key, attr_value, group_key) VALUES (1302, 'KOLI_AGIRLIGI', '~20,4 kg.', 'adet_agirlik');
INSERT INTO product_variants (id, product_id, variant_code, sort_order) VALUES (1303, 62, 'SKP-L45-D/070-M12', 1303);
INSERT INTO variant_attributes (variant_id, attr_key, attr_value, group_key) VALUES (1303, 'KABLO_KESITI', '70', 'kunye_filtre');
INSERT INTO variant_attributes (variant_id, attr_key, attr_value, group_key) VALUES (1303, 'CIVATA', 'M12', 'kunye_filtre');
INSERT INTO variant_attributes (variant_id, attr_key, attr_value, group_key) VALUES (1303, 'd1', '11.5', 'boyut');
INSERT INTO variant_attributes (variant_id, attr_key, attr_value, group_key) VALUES (1303, 'd4', '16.5', 'boyut');
INSERT INTO variant_attributes (variant_id, attr_key, attr_value, group_key) VALUES (1303, 'a', '28,0', 'boyut');
INSERT INTO variant_attributes (variant_id, attr_key, attr_value, group_key) VALUES (1303, 'd2', '13', 'boyut');
INSERT INTO variant_attributes (variant_id, attr_key, attr_value, group_key) VALUES (1303, 'b', '24', 'boyut');
INSERT INTO variant_attributes (variant_id, attr_key, attr_value, group_key) VALUES (1303, 'c1', '13', 'boyut');
INSERT INTO variant_attributes (variant_id, attr_key, attr_value, group_key) VALUES (1303, 'L3', '18,0', 'boyut');
INSERT INTO variant_attributes (variant_id, attr_key, attr_value, group_key) VALUES (1303, 'KUTU_ADEDI', '50,0', 'adet_agirlik');
INSERT INTO variant_attributes (variant_id, attr_key, attr_value, group_key) VALUES (1303, 'KUTU_AGIRLIGI', '~3,5 kg.', 'adet_agirlik');
INSERT INTO variant_attributes (variant_id, attr_key, attr_value, group_key) VALUES (1303, 'KOLI_ADEDI', '300.0', 'adet_agirlik');
INSERT INTO variant_attributes (variant_id, attr_key, attr_value, group_key) VALUES (1303, 'KOLI_AGIRLIGI', '~21,0 kg.', 'adet_agirlik');
INSERT INTO product_variants (id, product_id, variant_code, sort_order) VALUES (1304, 62, 'SKP-L45-D/070-M14', 1304);
INSERT INTO variant_attributes (variant_id, attr_key, attr_value, group_key) VALUES (1304, 'KABLO_KESITI', '70', 'kunye_filtre');
INSERT INTO variant_attributes (variant_id, attr_key, attr_value, group_key) VALUES (1304, 'CIVATA', 'M14', 'kunye_filtre');
INSERT INTO variant_attributes (variant_id, attr_key, attr_value, group_key) VALUES (1304, 'd1', '11.5', 'boyut');
INSERT INTO variant_attributes (variant_id, attr_key, attr_value, group_key) VALUES (1304, 'd4', '16.5', 'boyut');
INSERT INTO variant_attributes (variant_id, attr_key, attr_value, group_key) VALUES (1304, 'a', '28,0', 'boyut');
INSERT INTO variant_attributes (variant_id, attr_key, attr_value, group_key) VALUES (1304, 'd2', '15', 'boyut');
INSERT INTO variant_attributes (variant_id, attr_key, attr_value, group_key) VALUES (1304, 'b', '24', 'boyut');
INSERT INTO variant_attributes (variant_id, attr_key, attr_value, group_key) VALUES (1304, 'c1', '14.5', 'boyut');
INSERT INTO variant_attributes (variant_id, attr_key, attr_value, group_key) VALUES (1304, 'L3', '20,0', 'boyut');
INSERT INTO variant_attributes (variant_id, attr_key, attr_value, group_key) VALUES (1304, 'KUTU_ADEDI', '50,0', 'adet_agirlik');
INSERT INTO variant_attributes (variant_id, attr_key, attr_value, group_key) VALUES (1304, 'KUTU_AGIRLIGI', '~3,4 kg.', 'adet_agirlik');
INSERT INTO variant_attributes (variant_id, attr_key, attr_value, group_key) VALUES (1304, 'KOLI_ADEDI', '300.0', 'adet_agirlik');
INSERT INTO variant_attributes (variant_id, attr_key, attr_value, group_key) VALUES (1304, 'KOLI_AGIRLIGI', '~20,4 kg.', 'adet_agirlik');
INSERT INTO product_variants (id, product_id, variant_code, sort_order) VALUES (1305, 62, 'SKP-L45-D/070-M16', 1305);
INSERT INTO variant_attributes (variant_id, attr_key, attr_value, group_key) VALUES (1305, 'KABLO_KESITI', '70', 'kunye_filtre');
INSERT INTO variant_attributes (variant_id, attr_key, attr_value, group_key) VALUES (1305, 'CIVATA', 'M16', 'kunye_filtre');
INSERT INTO variant_attributes (variant_id, attr_key, attr_value, group_key) VALUES (1305, 'd1', '11.5', 'boyut');
INSERT INTO variant_attributes (variant_id, attr_key, attr_value, group_key) VALUES (1305, 'd4', '16.5', 'boyut');
INSERT INTO variant_attributes (variant_id, attr_key, attr_value, group_key) VALUES (1305, 'a', '28,0', 'boyut');
INSERT INTO variant_attributes (variant_id, attr_key, attr_value, group_key) VALUES (1305, 'd2', '17', 'boyut');
INSERT INTO variant_attributes (variant_id, attr_key, attr_value, group_key) VALUES (1305, 'b', '30', 'boyut');
INSERT INTO variant_attributes (variant_id, attr_key, attr_value, group_key) VALUES (1305, 'c1', '16', 'boyut');
INSERT INTO variant_attributes (variant_id, attr_key, attr_value, group_key) VALUES (1305, 'L3', '22,0', 'boyut');
INSERT INTO variant_attributes (variant_id, attr_key, attr_value, group_key) VALUES (1305, 'KUTU_ADEDI', '50,0', 'adet_agirlik');
INSERT INTO variant_attributes (variant_id, attr_key, attr_value, group_key) VALUES (1305, 'KUTU_AGIRLIGI', '~3,5 kg.', 'adet_agirlik');
INSERT INTO variant_attributes (variant_id, attr_key, attr_value, group_key) VALUES (1305, 'KOLI_ADEDI', '300.0', 'adet_agirlik');
INSERT INTO variant_attributes (variant_id, attr_key, attr_value, group_key) VALUES (1305, 'KOLI_AGIRLIGI', '~21,0 kg.', 'adet_agirlik');
INSERT INTO product_variants (id, product_id, variant_code, sort_order) VALUES (1306, 62, 'SKP-L45-D/095-M10', 1306);
INSERT INTO variant_attributes (variant_id, attr_key, attr_value, group_key) VALUES (1306, 'KABLO_KESITI', '95', 'kunye_filtre');
INSERT INTO variant_attributes (variant_id, attr_key, attr_value, group_key) VALUES (1306, 'CIVATA', 'M10', 'kunye_filtre');
INSERT INTO variant_attributes (variant_id, attr_key, attr_value, group_key) VALUES (1306, 'd1', '13.5', 'boyut');
INSERT INTO variant_attributes (variant_id, attr_key, attr_value, group_key) VALUES (1306, 'd4', '19', 'boyut');
INSERT INTO variant_attributes (variant_id, attr_key, attr_value, group_key) VALUES (1306, 'a', '35,0', 'boyut');
INSERT INTO variant_attributes (variant_id, attr_key, attr_value, group_key) VALUES (1306, 'd2', '10.5', 'boyut');
INSERT INTO variant_attributes (variant_id, attr_key, attr_value, group_key) VALUES (1306, 'b', '28', 'boyut');
INSERT INTO variant_attributes (variant_id, attr_key, attr_value, group_key) VALUES (1306, 'c1', '12', 'boyut');
INSERT INTO variant_attributes (variant_id, attr_key, attr_value, group_key) VALUES (1306, 'L3', '17,0', 'boyut');
INSERT INTO variant_attributes (variant_id, attr_key, attr_value, group_key) VALUES (1306, 'KUTU_ADEDI', '25,0', 'adet_agirlik');
INSERT INTO variant_attributes (variant_id, attr_key, attr_value, group_key) VALUES (1306, 'KUTU_AGIRLIGI', '~2,4 kg.', 'adet_agirlik');
INSERT INTO variant_attributes (variant_id, attr_key, attr_value, group_key) VALUES (1306, 'KOLI_ADEDI', '150.0', 'adet_agirlik');
INSERT INTO variant_attributes (variant_id, attr_key, attr_value, group_key) VALUES (1306, 'KOLI_AGIRLIGI', '~14,4 kg.', 'adet_agirlik');
INSERT INTO product_variants (id, product_id, variant_code, sort_order) VALUES (1307, 62, 'SKP-L45-D/095-M12', 1307);
INSERT INTO variant_attributes (variant_id, attr_key, attr_value, group_key) VALUES (1307, 'KABLO_KESITI', '95', 'kunye_filtre');
INSERT INTO variant_attributes (variant_id, attr_key, attr_value, group_key) VALUES (1307, 'CIVATA', 'M12', 'kunye_filtre');
INSERT INTO variant_attributes (variant_id, attr_key, attr_value, group_key) VALUES (1307, 'd1', '13.5', 'boyut');
INSERT INTO variant_attributes (variant_id, attr_key, attr_value, group_key) VALUES (1307, 'd4', '19', 'boyut');
INSERT INTO variant_attributes (variant_id, attr_key, attr_value, group_key) VALUES (1307, 'a', '35,0', 'boyut');
INSERT INTO variant_attributes (variant_id, attr_key, attr_value, group_key) VALUES (1307, 'd2', '13', 'boyut');
INSERT INTO variant_attributes (variant_id, attr_key, attr_value, group_key) VALUES (1307, 'b', '28', 'boyut');
INSERT INTO variant_attributes (variant_id, attr_key, attr_value, group_key) VALUES (1307, 'c1', '13', 'boyut');
INSERT INTO variant_attributes (variant_id, attr_key, attr_value, group_key) VALUES (1307, 'L3', '18,0', 'boyut');
INSERT INTO variant_attributes (variant_id, attr_key, attr_value, group_key) VALUES (1307, 'KUTU_ADEDI', '25,0', 'adet_agirlik');
INSERT INTO variant_attributes (variant_id, attr_key, attr_value, group_key) VALUES (1307, 'KUTU_AGIRLIGI', '~2,3 kg.', 'adet_agirlik');
INSERT INTO variant_attributes (variant_id, attr_key, attr_value, group_key) VALUES (1307, 'KOLI_ADEDI', '150.0', 'adet_agirlik');
INSERT INTO variant_attributes (variant_id, attr_key, attr_value, group_key) VALUES (1307, 'KOLI_AGIRLIGI', '~13,8 kg.', 'adet_agirlik');
INSERT INTO product_variants (id, product_id, variant_code, sort_order) VALUES (1308, 62, 'SKP-L45-D/095-M14', 1308);
INSERT INTO variant_attributes (variant_id, attr_key, attr_value, group_key) VALUES (1308, 'KABLO_KESITI', '95', 'kunye_filtre');
INSERT INTO variant_attributes (variant_id, attr_key, attr_value, group_key) VALUES (1308, 'CIVATA', 'M14', 'kunye_filtre');
INSERT INTO variant_attributes (variant_id, attr_key, attr_value, group_key) VALUES (1308, 'd1', '13.5', 'boyut');
INSERT INTO variant_attributes (variant_id, attr_key, attr_value, group_key) VALUES (1308, 'd4', '19', 'boyut');
INSERT INTO variant_attributes (variant_id, attr_key, attr_value, group_key) VALUES (1308, 'a', '35,0', 'boyut');
INSERT INTO variant_attributes (variant_id, attr_key, attr_value, group_key) VALUES (1308, 'd2', '15', 'boyut');
INSERT INTO variant_attributes (variant_id, attr_key, attr_value, group_key) VALUES (1308, 'b', '28', 'boyut');
INSERT INTO variant_attributes (variant_id, attr_key, attr_value, group_key) VALUES (1308, 'c1', '14.5', 'boyut');
INSERT INTO variant_attributes (variant_id, attr_key, attr_value, group_key) VALUES (1308, 'L3', '20,0', 'boyut');
INSERT INTO variant_attributes (variant_id, attr_key, attr_value, group_key) VALUES (1308, 'KUTU_ADEDI', '25,0', 'adet_agirlik');
INSERT INTO variant_attributes (variant_id, attr_key, attr_value, group_key) VALUES (1308, 'KUTU_AGIRLIGI', '~2,4 kg.', 'adet_agirlik');
INSERT INTO variant_attributes (variant_id, attr_key, attr_value, group_key) VALUES (1308, 'KOLI_ADEDI', '150.0', 'adet_agirlik');
INSERT INTO variant_attributes (variant_id, attr_key, attr_value, group_key) VALUES (1308, 'KOLI_AGIRLIGI', '~14,4 kg.', 'adet_agirlik');
INSERT INTO product_variants (id, product_id, variant_code, sort_order) VALUES (1309, 62, 'SKP-L45-D/095-M16', 1309);
INSERT INTO variant_attributes (variant_id, attr_key, attr_value, group_key) VALUES (1309, 'KABLO_KESITI', '95', 'kunye_filtre');
INSERT INTO variant_attributes (variant_id, attr_key, attr_value, group_key) VALUES (1309, 'CIVATA', 'M16', 'kunye_filtre');
INSERT INTO variant_attributes (variant_id, attr_key, attr_value, group_key) VALUES (1309, 'd1', '13.5', 'boyut');
INSERT INTO variant_attributes (variant_id, attr_key, attr_value, group_key) VALUES (1309, 'd4', '19', 'boyut');
INSERT INTO variant_attributes (variant_id, attr_key, attr_value, group_key) VALUES (1309, 'a', '35,0', 'boyut');
INSERT INTO variant_attributes (variant_id, attr_key, attr_value, group_key) VALUES (1309, 'd2', '17', 'boyut');
INSERT INTO variant_attributes (variant_id, attr_key, attr_value, group_key) VALUES (1309, 'b', '32', 'boyut');
INSERT INTO variant_attributes (variant_id, attr_key, attr_value, group_key) VALUES (1309, 'c1', '16', 'boyut');
INSERT INTO variant_attributes (variant_id, attr_key, attr_value, group_key) VALUES (1309, 'L3', '22,0', 'boyut');
INSERT INTO variant_attributes (variant_id, attr_key, attr_value, group_key) VALUES (1309, 'KUTU_ADEDI', '25,0', 'adet_agirlik');
INSERT INTO variant_attributes (variant_id, attr_key, attr_value, group_key) VALUES (1309, 'KUTU_AGIRLIGI', '~2,4 kg.', 'adet_agirlik');
INSERT INTO variant_attributes (variant_id, attr_key, attr_value, group_key) VALUES (1309, 'KOLI_ADEDI', '150.0', 'adet_agirlik');
INSERT INTO variant_attributes (variant_id, attr_key, attr_value, group_key) VALUES (1309, 'KOLI_AGIRLIGI', '~14,4 kg.', 'adet_agirlik');
INSERT INTO product_variants (id, product_id, variant_code, sort_order) VALUES (1310, 62, 'SKP-L45-D/120-M10', 1310);
INSERT INTO variant_attributes (variant_id, attr_key, attr_value, group_key) VALUES (1310, 'KABLO_KESITI', '120', 'kunye_filtre');
INSERT INTO variant_attributes (variant_id, attr_key, attr_value, group_key) VALUES (1310, 'CIVATA', 'M10', 'kunye_filtre');
INSERT INTO variant_attributes (variant_id, attr_key, attr_value, group_key) VALUES (1310, 'd1', '15.5', 'boyut');
INSERT INTO variant_attributes (variant_id, attr_key, attr_value, group_key) VALUES (1310, 'd4', '21', 'boyut');
INSERT INTO variant_attributes (variant_id, attr_key, attr_value, group_key) VALUES (1310, 'a', '35,0', 'boyut');
INSERT INTO variant_attributes (variant_id, attr_key, attr_value, group_key) VALUES (1310, 'd2', '10.5', 'boyut');
INSERT INTO variant_attributes (variant_id, attr_key, attr_value, group_key) VALUES (1310, 'b', '32', 'boyut');
INSERT INTO variant_attributes (variant_id, attr_key, attr_value, group_key) VALUES (1310, 'c1', '15', 'boyut');
INSERT INTO variant_attributes (variant_id, attr_key, attr_value, group_key) VALUES (1310, 'L3', '17,0', 'boyut');
INSERT INTO variant_attributes (variant_id, attr_key, attr_value, group_key) VALUES (1310, 'KUTU_ADEDI', '25,0', 'adet_agirlik');
INSERT INTO variant_attributes (variant_id, attr_key, attr_value, group_key) VALUES (1310, 'KUTU_AGIRLIGI', '~2,8 kg.', 'adet_agirlik');
INSERT INTO variant_attributes (variant_id, attr_key, attr_value, group_key) VALUES (1310, 'KOLI_ADEDI', '150.0', 'adet_agirlik');
INSERT INTO variant_attributes (variant_id, attr_key, attr_value, group_key) VALUES (1310, 'KOLI_AGIRLIGI', '~16,8 kg.', 'adet_agirlik');
INSERT INTO product_variants (id, product_id, variant_code, sort_order) VALUES (1311, 62, 'SKP-L45-D/120-M12', 1311);
INSERT INTO variant_attributes (variant_id, attr_key, attr_value, group_key) VALUES (1311, 'KABLO_KESITI', '120', 'kunye_filtre');
INSERT INTO variant_attributes (variant_id, attr_key, attr_value, group_key) VALUES (1311, 'CIVATA', 'M12', 'kunye_filtre');
INSERT INTO variant_attributes (variant_id, attr_key, attr_value, group_key) VALUES (1311, 'd1', '15.5', 'boyut');
INSERT INTO variant_attributes (variant_id, attr_key, attr_value, group_key) VALUES (1311, 'd4', '21', 'boyut');
INSERT INTO variant_attributes (variant_id, attr_key, attr_value, group_key) VALUES (1311, 'a', '35,0', 'boyut');
INSERT INTO variant_attributes (variant_id, attr_key, attr_value, group_key) VALUES (1311, 'd2', '13', 'boyut');
INSERT INTO variant_attributes (variant_id, attr_key, attr_value, group_key) VALUES (1311, 'b', '32', 'boyut');
INSERT INTO variant_attributes (variant_id, attr_key, attr_value, group_key) VALUES (1311, 'c1', '16', 'boyut');
INSERT INTO variant_attributes (variant_id, attr_key, attr_value, group_key) VALUES (1311, 'L3', '18,0', 'boyut');
INSERT INTO variant_attributes (variant_id, attr_key, attr_value, group_key) VALUES (1311, 'KUTU_ADEDI', '25,0', 'adet_agirlik');
INSERT INTO variant_attributes (variant_id, attr_key, attr_value, group_key) VALUES (1311, 'KUTU_AGIRLIGI', '~2,9 kg.', 'adet_agirlik');
INSERT INTO variant_attributes (variant_id, attr_key, attr_value, group_key) VALUES (1311, 'KOLI_ADEDI', '150.0', 'adet_agirlik');
INSERT INTO variant_attributes (variant_id, attr_key, attr_value, group_key) VALUES (1311, 'KOLI_AGIRLIGI', '~17,4 kg.', 'adet_agirlik');
INSERT INTO product_variants (id, product_id, variant_code, sort_order) VALUES (1312, 62, 'SKP-L45-D/120-M14', 1312);
INSERT INTO variant_attributes (variant_id, attr_key, attr_value, group_key) VALUES (1312, 'KABLO_KESITI', '120', 'kunye_filtre');
INSERT INTO variant_attributes (variant_id, attr_key, attr_value, group_key) VALUES (1312, 'CIVATA', 'M14', 'kunye_filtre');
INSERT INTO variant_attributes (variant_id, attr_key, attr_value, group_key) VALUES (1312, 'd1', '15.5', 'boyut');
INSERT INTO variant_attributes (variant_id, attr_key, attr_value, group_key) VALUES (1312, 'd4', '21', 'boyut');
INSERT INTO variant_attributes (variant_id, attr_key, attr_value, group_key) VALUES (1312, 'a', '35,0', 'boyut');
INSERT INTO variant_attributes (variant_id, attr_key, attr_value, group_key) VALUES (1312, 'd2', '15', 'boyut');
INSERT INTO variant_attributes (variant_id, attr_key, attr_value, group_key) VALUES (1312, 'b', '32', 'boyut');
INSERT INTO variant_attributes (variant_id, attr_key, attr_value, group_key) VALUES (1312, 'c1', '18', 'boyut');
INSERT INTO variant_attributes (variant_id, attr_key, attr_value, group_key) VALUES (1312, 'L3', '20,0', 'boyut');
INSERT INTO variant_attributes (variant_id, attr_key, attr_value, group_key) VALUES (1312, 'KUTU_ADEDI', '25,0', 'adet_agirlik');
INSERT INTO variant_attributes (variant_id, attr_key, attr_value, group_key) VALUES (1312, 'KUTU_AGIRLIGI', '~2,9 kg.', 'adet_agirlik');
INSERT INTO variant_attributes (variant_id, attr_key, attr_value, group_key) VALUES (1312, 'KOLI_ADEDI', '150.0', 'adet_agirlik');
INSERT INTO variant_attributes (variant_id, attr_key, attr_value, group_key) VALUES (1312, 'KOLI_AGIRLIGI', '~17,4 kg.', 'adet_agirlik');
INSERT INTO product_variants (id, product_id, variant_code, sort_order) VALUES (1313, 62, 'SKP-L45-D/120-M16', 1313);
INSERT INTO variant_attributes (variant_id, attr_key, attr_value, group_key) VALUES (1313, 'KABLO_KESITI', '120', 'kunye_filtre');
INSERT INTO variant_attributes (variant_id, attr_key, attr_value, group_key) VALUES (1313, 'CIVATA', 'M16', 'kunye_filtre');
INSERT INTO variant_attributes (variant_id, attr_key, attr_value, group_key) VALUES (1313, 'd1', '15.5', 'boyut');
INSERT INTO variant_attributes (variant_id, attr_key, attr_value, group_key) VALUES (1313, 'd4', '21', 'boyut');
INSERT INTO variant_attributes (variant_id, attr_key, attr_value, group_key) VALUES (1313, 'a', '35,0', 'boyut');
INSERT INTO variant_attributes (variant_id, attr_key, attr_value, group_key) VALUES (1313, 'd2', '17', 'boyut');
INSERT INTO variant_attributes (variant_id, attr_key, attr_value, group_key) VALUES (1313, 'b', '32', 'boyut');
INSERT INTO variant_attributes (variant_id, attr_key, attr_value, group_key) VALUES (1313, 'c1', '19', 'boyut');
INSERT INTO variant_attributes (variant_id, attr_key, attr_value, group_key) VALUES (1313, 'L3', '22,0', 'boyut');
INSERT INTO variant_attributes (variant_id, attr_key, attr_value, group_key) VALUES (1313, 'KUTU_ADEDI', '25,0', 'adet_agirlik');
INSERT INTO variant_attributes (variant_id, attr_key, attr_value, group_key) VALUES (1313, 'KUTU_AGIRLIGI', '~2,9 kg.', 'adet_agirlik');
INSERT INTO variant_attributes (variant_id, attr_key, attr_value, group_key) VALUES (1313, 'KOLI_ADEDI', '150.0', 'adet_agirlik');
INSERT INTO variant_attributes (variant_id, attr_key, attr_value, group_key) VALUES (1313, 'KOLI_AGIRLIGI', '~17,4 kg.', 'adet_agirlik');
INSERT INTO product_variants (id, product_id, variant_code, sort_order) VALUES (1314, 62, 'SKP-L45-D/120-M20', 1314);
INSERT INTO variant_attributes (variant_id, attr_key, attr_value, group_key) VALUES (1314, 'KABLO_KESITI', '120', 'kunye_filtre');
INSERT INTO variant_attributes (variant_id, attr_key, attr_value, group_key) VALUES (1314, 'CIVATA', 'M20', 'kunye_filtre');
INSERT INTO variant_attributes (variant_id, attr_key, attr_value, group_key) VALUES (1314, 'd1', '15.5', 'boyut');
INSERT INTO variant_attributes (variant_id, attr_key, attr_value, group_key) VALUES (1314, 'd4', '21', 'boyut');
INSERT INTO variant_attributes (variant_id, attr_key, attr_value, group_key) VALUES (1314, 'a', '35,0', 'boyut');
INSERT INTO variant_attributes (variant_id, attr_key, attr_value, group_key) VALUES (1314, 'd2', '21', 'boyut');
INSERT INTO variant_attributes (variant_id, attr_key, attr_value, group_key) VALUES (1314, 'b', '38', 'boyut');
INSERT INTO variant_attributes (variant_id, attr_key, attr_value, group_key) VALUES (1314, 'c1', '21', 'boyut');
INSERT INTO variant_attributes (variant_id, attr_key, attr_value, group_key) VALUES (1314, 'L3', '24,0', 'boyut');
INSERT INTO variant_attributes (variant_id, attr_key, attr_value, group_key) VALUES (1314, 'KUTU_ADEDI', '25,0', 'adet_agirlik');
INSERT INTO variant_attributes (variant_id, attr_key, attr_value, group_key) VALUES (1314, 'KUTU_AGIRLIGI', '~2,9 kg.', 'adet_agirlik');
INSERT INTO variant_attributes (variant_id, attr_key, attr_value, group_key) VALUES (1314, 'KOLI_ADEDI', '150.0', 'adet_agirlik');
INSERT INTO variant_attributes (variant_id, attr_key, attr_value, group_key) VALUES (1314, 'KOLI_AGIRLIGI', '~17,4 kg.', 'adet_agirlik');
INSERT INTO product_variants (id, product_id, variant_code, sort_order) VALUES (1315, 62, 'SKP-L45-D/150-M10', 1315);
INSERT INTO variant_attributes (variant_id, attr_key, attr_value, group_key) VALUES (1315, 'KABLO_KESITI', '150', 'kunye_filtre');
INSERT INTO variant_attributes (variant_id, attr_key, attr_value, group_key) VALUES (1315, 'CIVATA', 'M10', 'kunye_filtre');
INSERT INTO variant_attributes (variant_id, attr_key, attr_value, group_key) VALUES (1315, 'd1', '17', 'boyut');
INSERT INTO variant_attributes (variant_id, attr_key, attr_value, group_key) VALUES (1315, 'd4', '23.5', 'boyut');
INSERT INTO variant_attributes (variant_id, attr_key, attr_value, group_key) VALUES (1315, 'a', '35,0', 'boyut');
INSERT INTO variant_attributes (variant_id, attr_key, attr_value, group_key) VALUES (1315, 'd2', '10.5', 'boyut');
INSERT INTO variant_attributes (variant_id, attr_key, attr_value, group_key) VALUES (1315, 'b', '34,0', 'boyut');
INSERT INTO variant_attributes (variant_id, attr_key, attr_value, group_key) VALUES (1315, 'c1', '15,0', 'boyut');
INSERT INTO variant_attributes (variant_id, attr_key, attr_value, group_key) VALUES (1315, 'L3', '17,0', 'boyut');
INSERT INTO variant_attributes (variant_id, attr_key, attr_value, group_key) VALUES (1315, 'KUTU_ADEDI', '15,0', 'adet_agirlik');
INSERT INTO variant_attributes (variant_id, attr_key, attr_value, group_key) VALUES (1315, 'KUTU_AGIRLIGI', '~2,4 kg.', 'adet_agirlik');
INSERT INTO variant_attributes (variant_id, attr_key, attr_value, group_key) VALUES (1315, 'KOLI_ADEDI', '90.0', 'adet_agirlik');
INSERT INTO variant_attributes (variant_id, attr_key, attr_value, group_key) VALUES (1315, 'KOLI_AGIRLIGI', '~14,4 kg.', 'adet_agirlik');
INSERT INTO product_variants (id, product_id, variant_code, sort_order) VALUES (1316, 62, 'SKP-L45-D/150-M12', 1316);
INSERT INTO variant_attributes (variant_id, attr_key, attr_value, group_key) VALUES (1316, 'KABLO_KESITI', '150', 'kunye_filtre');
INSERT INTO variant_attributes (variant_id, attr_key, attr_value, group_key) VALUES (1316, 'CIVATA', 'M12', 'kunye_filtre');
INSERT INTO variant_attributes (variant_id, attr_key, attr_value, group_key) VALUES (1316, 'd1', '17', 'boyut');
INSERT INTO variant_attributes (variant_id, attr_key, attr_value, group_key) VALUES (1316, 'd4', '23.5', 'boyut');
INSERT INTO variant_attributes (variant_id, attr_key, attr_value, group_key) VALUES (1316, 'a', '35,0', 'boyut');
INSERT INTO variant_attributes (variant_id, attr_key, attr_value, group_key) VALUES (1316, 'd2', '13', 'boyut');
INSERT INTO variant_attributes (variant_id, attr_key, attr_value, group_key) VALUES (1316, 'b', '34,0', 'boyut');
INSERT INTO variant_attributes (variant_id, attr_key, attr_value, group_key) VALUES (1316, 'c1', '16,0', 'boyut');
INSERT INTO variant_attributes (variant_id, attr_key, attr_value, group_key) VALUES (1316, 'L3', '18,0', 'boyut');
INSERT INTO variant_attributes (variant_id, attr_key, attr_value, group_key) VALUES (1316, 'KUTU_ADEDI', '15,0', 'adet_agirlik');
INSERT INTO variant_attributes (variant_id, attr_key, attr_value, group_key) VALUES (1316, 'KUTU_AGIRLIGI', '~2,4 kg.', 'adet_agirlik');
INSERT INTO variant_attributes (variant_id, attr_key, attr_value, group_key) VALUES (1316, 'KOLI_ADEDI', '90.0', 'adet_agirlik');
INSERT INTO variant_attributes (variant_id, attr_key, attr_value, group_key) VALUES (1316, 'KOLI_AGIRLIGI', '~14,4 kg.', 'adet_agirlik');
INSERT INTO product_variants (id, product_id, variant_code, sort_order) VALUES (1317, 62, 'SKP-L45-D/150-M14', 1317);
INSERT INTO variant_attributes (variant_id, attr_key, attr_value, group_key) VALUES (1317, 'KABLO_KESITI', '150', 'kunye_filtre');
INSERT INTO variant_attributes (variant_id, attr_key, attr_value, group_key) VALUES (1317, 'CIVATA', 'M14', 'kunye_filtre');
INSERT INTO variant_attributes (variant_id, attr_key, attr_value, group_key) VALUES (1317, 'd1', '17', 'boyut');
INSERT INTO variant_attributes (variant_id, attr_key, attr_value, group_key) VALUES (1317, 'd4', '23.5', 'boyut');
INSERT INTO variant_attributes (variant_id, attr_key, attr_value, group_key) VALUES (1317, 'a', '35,0', 'boyut');
INSERT INTO variant_attributes (variant_id, attr_key, attr_value, group_key) VALUES (1317, 'd2', '15', 'boyut');
INSERT INTO variant_attributes (variant_id, attr_key, attr_value, group_key) VALUES (1317, 'b', '34,0', 'boyut');
INSERT INTO variant_attributes (variant_id, attr_key, attr_value, group_key) VALUES (1317, 'c1', '19,0', 'boyut');
INSERT INTO variant_attributes (variant_id, attr_key, attr_value, group_key) VALUES (1317, 'L3', '20,0', 'boyut');
INSERT INTO variant_attributes (variant_id, attr_key, attr_value, group_key) VALUES (1317, 'KUTU_ADEDI', '15,0', 'adet_agirlik');
INSERT INTO variant_attributes (variant_id, attr_key, attr_value, group_key) VALUES (1317, 'KUTU_AGIRLIGI', '~2,5 kg.', 'adet_agirlik');
INSERT INTO variant_attributes (variant_id, attr_key, attr_value, group_key) VALUES (1317, 'KOLI_ADEDI', '90.0', 'adet_agirlik');
INSERT INTO variant_attributes (variant_id, attr_key, attr_value, group_key) VALUES (1317, 'KOLI_AGIRLIGI', '~15,0 kg.', 'adet_agirlik');
INSERT INTO product_variants (id, product_id, variant_code, sort_order) VALUES (1318, 62, 'SKP-L45-D/150-M16', 1318);
INSERT INTO variant_attributes (variant_id, attr_key, attr_value, group_key) VALUES (1318, 'KABLO_KESITI', '150', 'kunye_filtre');
INSERT INTO variant_attributes (variant_id, attr_key, attr_value, group_key) VALUES (1318, 'CIVATA', 'M16', 'kunye_filtre');
INSERT INTO variant_attributes (variant_id, attr_key, attr_value, group_key) VALUES (1318, 'd1', '17', 'boyut');
INSERT INTO variant_attributes (variant_id, attr_key, attr_value, group_key) VALUES (1318, 'd4', '23.5', 'boyut');
INSERT INTO variant_attributes (variant_id, attr_key, attr_value, group_key) VALUES (1318, 'a', '35,0', 'boyut');
INSERT INTO variant_attributes (variant_id, attr_key, attr_value, group_key) VALUES (1318, 'd2', '17', 'boyut');
INSERT INTO variant_attributes (variant_id, attr_key, attr_value, group_key) VALUES (1318, 'b', '34,0', 'boyut');
INSERT INTO variant_attributes (variant_id, attr_key, attr_value, group_key) VALUES (1318, 'c1', '19,0', 'boyut');
INSERT INTO variant_attributes (variant_id, attr_key, attr_value, group_key) VALUES (1318, 'L3', '22,0', 'boyut');
INSERT INTO variant_attributes (variant_id, attr_key, attr_value, group_key) VALUES (1318, 'KUTU_ADEDI', '15,0', 'adet_agirlik');
INSERT INTO variant_attributes (variant_id, attr_key, attr_value, group_key) VALUES (1318, 'KUTU_AGIRLIGI', '~2,5 kg.', 'adet_agirlik');
INSERT INTO variant_attributes (variant_id, attr_key, attr_value, group_key) VALUES (1318, 'KOLI_ADEDI', '90.0', 'adet_agirlik');
INSERT INTO variant_attributes (variant_id, attr_key, attr_value, group_key) VALUES (1318, 'KOLI_AGIRLIGI', '~15,0 kg.', 'adet_agirlik');
INSERT INTO product_variants (id, product_id, variant_code, sort_order) VALUES (1319, 62, 'SKP-L45-D/150-M20', 1319);
INSERT INTO variant_attributes (variant_id, attr_key, attr_value, group_key) VALUES (1319, 'KABLO_KESITI', '150', 'kunye_filtre');
INSERT INTO variant_attributes (variant_id, attr_key, attr_value, group_key) VALUES (1319, 'CIVATA', 'M20', 'kunye_filtre');
INSERT INTO variant_attributes (variant_id, attr_key, attr_value, group_key) VALUES (1319, 'd1', '17', 'boyut');
INSERT INTO variant_attributes (variant_id, attr_key, attr_value, group_key) VALUES (1319, 'd4', '23.5', 'boyut');
INSERT INTO variant_attributes (variant_id, attr_key, attr_value, group_key) VALUES (1319, 'a', '35,0', 'boyut');
INSERT INTO variant_attributes (variant_id, attr_key, attr_value, group_key) VALUES (1319, 'd2', '21', 'boyut');
INSERT INTO variant_attributes (variant_id, attr_key, attr_value, group_key) VALUES (1319, 'b', '40,0', 'boyut');
INSERT INTO variant_attributes (variant_id, attr_key, attr_value, group_key) VALUES (1319, 'c1', '21,0', 'boyut');
INSERT INTO variant_attributes (variant_id, attr_key, attr_value, group_key) VALUES (1319, 'L3', '24,0', 'boyut');
INSERT INTO variant_attributes (variant_id, attr_key, attr_value, group_key) VALUES (1319, 'KUTU_ADEDI', '15,0', 'adet_agirlik');
INSERT INTO variant_attributes (variant_id, attr_key, attr_value, group_key) VALUES (1319, 'KUTU_AGIRLIGI', '~2,5 kg.', 'adet_agirlik');
INSERT INTO variant_attributes (variant_id, attr_key, attr_value, group_key) VALUES (1319, 'KOLI_ADEDI', '90.0', 'adet_agirlik');
INSERT INTO variant_attributes (variant_id, attr_key, attr_value, group_key) VALUES (1319, 'KOLI_AGIRLIGI', '~15,0 kg.', 'adet_agirlik');
INSERT INTO product_variants (id, product_id, variant_code, sort_order) VALUES (1320, 62, 'SKP-L45-D/185-M10', 1320);
INSERT INTO variant_attributes (variant_id, attr_key, attr_value, group_key) VALUES (1320, 'KABLO_KESITI', '185', 'kunye_filtre');
INSERT INTO variant_attributes (variant_id, attr_key, attr_value, group_key) VALUES (1320, 'CIVATA', 'M10', 'kunye_filtre');
INSERT INTO variant_attributes (variant_id, attr_key, attr_value, group_key) VALUES (1320, 'd1', '19', 'boyut');
INSERT INTO variant_attributes (variant_id, attr_key, attr_value, group_key) VALUES (1320, 'd4', '25.5', 'boyut');
INSERT INTO variant_attributes (variant_id, attr_key, attr_value, group_key) VALUES (1320, 'a', '40,0', 'boyut');
INSERT INTO variant_attributes (variant_id, attr_key, attr_value, group_key) VALUES (1320, 'd2', '10.5', 'boyut');
INSERT INTO variant_attributes (variant_id, attr_key, attr_value, group_key) VALUES (1320, 'b', '37,0', 'boyut');
INSERT INTO variant_attributes (variant_id, attr_key, attr_value, group_key) VALUES (1320, 'c1', '15,0', 'boyut');
INSERT INTO variant_attributes (variant_id, attr_key, attr_value, group_key) VALUES (1320, 'L3', '22,0', 'boyut');
INSERT INTO variant_attributes (variant_id, attr_key, attr_value, group_key) VALUES (1320, 'KUTU_ADEDI', '15,0', 'adet_agirlik');
INSERT INTO variant_attributes (variant_id, attr_key, attr_value, group_key) VALUES (1320, 'KUTU_AGIRLIGI', '~3,0 kg.', 'adet_agirlik');
INSERT INTO variant_attributes (variant_id, attr_key, attr_value, group_key) VALUES (1320, 'KOLI_ADEDI', '90.0', 'adet_agirlik');
INSERT INTO variant_attributes (variant_id, attr_key, attr_value, group_key) VALUES (1320, 'KOLI_AGIRLIGI', '~18,0 kg.', 'adet_agirlik');
INSERT INTO product_variants (id, product_id, variant_code, sort_order) VALUES (1321, 62, 'SKP-L45-D/185-M12', 1321);
INSERT INTO variant_attributes (variant_id, attr_key, attr_value, group_key) VALUES (1321, 'KABLO_KESITI', '185', 'kunye_filtre');
INSERT INTO variant_attributes (variant_id, attr_key, attr_value, group_key) VALUES (1321, 'CIVATA', 'M12', 'kunye_filtre');
INSERT INTO variant_attributes (variant_id, attr_key, attr_value, group_key) VALUES (1321, 'd1', '19', 'boyut');
INSERT INTO variant_attributes (variant_id, attr_key, attr_value, group_key) VALUES (1321, 'd4', '25.5', 'boyut');
INSERT INTO variant_attributes (variant_id, attr_key, attr_value, group_key) VALUES (1321, 'a', '40,0', 'boyut');
INSERT INTO variant_attributes (variant_id, attr_key, attr_value, group_key) VALUES (1321, 'd2', '13', 'boyut');
INSERT INTO variant_attributes (variant_id, attr_key, attr_value, group_key) VALUES (1321, 'b', '37,0', 'boyut');
INSERT INTO variant_attributes (variant_id, attr_key, attr_value, group_key) VALUES (1321, 'c1', '16,0', 'boyut');
INSERT INTO variant_attributes (variant_id, attr_key, attr_value, group_key) VALUES (1321, 'L3', '22,0', 'boyut');
INSERT INTO variant_attributes (variant_id, attr_key, attr_value, group_key) VALUES (1321, 'KUTU_ADEDI', '15,0', 'adet_agirlik');
INSERT INTO variant_attributes (variant_id, attr_key, attr_value, group_key) VALUES (1321, 'KUTU_AGIRLIGI', '~2,9 kg.', 'adet_agirlik');
INSERT INTO variant_attributes (variant_id, attr_key, attr_value, group_key) VALUES (1321, 'KOLI_ADEDI', '90.0', 'adet_agirlik');
INSERT INTO variant_attributes (variant_id, attr_key, attr_value, group_key) VALUES (1321, 'KOLI_AGIRLIGI', '~17,4 kg.', 'adet_agirlik');
INSERT INTO product_variants (id, product_id, variant_code, sort_order) VALUES (1322, 62, 'SKP-L45-D/185-M14', 1322);
INSERT INTO variant_attributes (variant_id, attr_key, attr_value, group_key) VALUES (1322, 'KABLO_KESITI', '185', 'kunye_filtre');
INSERT INTO variant_attributes (variant_id, attr_key, attr_value, group_key) VALUES (1322, 'CIVATA', 'M14', 'kunye_filtre');
INSERT INTO variant_attributes (variant_id, attr_key, attr_value, group_key) VALUES (1322, 'd1', '19', 'boyut');
INSERT INTO variant_attributes (variant_id, attr_key, attr_value, group_key) VALUES (1322, 'd4', '25.5', 'boyut');
INSERT INTO variant_attributes (variant_id, attr_key, attr_value, group_key) VALUES (1322, 'a', '40,0', 'boyut');
INSERT INTO variant_attributes (variant_id, attr_key, attr_value, group_key) VALUES (1322, 'd2', '15', 'boyut');
INSERT INTO variant_attributes (variant_id, attr_key, attr_value, group_key) VALUES (1322, 'b', '37,0', 'boyut');
INSERT INTO variant_attributes (variant_id, attr_key, attr_value, group_key) VALUES (1322, 'c1', '19,0', 'boyut');
INSERT INTO variant_attributes (variant_id, attr_key, attr_value, group_key) VALUES (1322, 'L3', '22,0', 'boyut');
INSERT INTO variant_attributes (variant_id, attr_key, attr_value, group_key) VALUES (1322, 'KUTU_ADEDI', '15,0', 'adet_agirlik');
INSERT INTO variant_attributes (variant_id, attr_key, attr_value, group_key) VALUES (1322, 'KUTU_AGIRLIGI', '~3,0 kg.', 'adet_agirlik');
INSERT INTO variant_attributes (variant_id, attr_key, attr_value, group_key) VALUES (1322, 'KOLI_ADEDI', '90.0', 'adet_agirlik');
INSERT INTO variant_attributes (variant_id, attr_key, attr_value, group_key) VALUES (1322, 'KOLI_AGIRLIGI', '~18,0 kg.', 'adet_agirlik');
INSERT INTO product_variants (id, product_id, variant_code, sort_order) VALUES (1323, 62, 'SKP-L45-D/185-M16', 1323);
INSERT INTO variant_attributes (variant_id, attr_key, attr_value, group_key) VALUES (1323, 'KABLO_KESITI', '185', 'kunye_filtre');
INSERT INTO variant_attributes (variant_id, attr_key, attr_value, group_key) VALUES (1323, 'CIVATA', 'M16', 'kunye_filtre');
INSERT INTO variant_attributes (variant_id, attr_key, attr_value, group_key) VALUES (1323, 'd1', '19', 'boyut');
INSERT INTO variant_attributes (variant_id, attr_key, attr_value, group_key) VALUES (1323, 'd4', '25.5', 'boyut');
INSERT INTO variant_attributes (variant_id, attr_key, attr_value, group_key) VALUES (1323, 'a', '40,0', 'boyut');
INSERT INTO variant_attributes (variant_id, attr_key, attr_value, group_key) VALUES (1323, 'd2', '17', 'boyut');
INSERT INTO variant_attributes (variant_id, attr_key, attr_value, group_key) VALUES (1323, 'b', '37,0', 'boyut');
INSERT INTO variant_attributes (variant_id, attr_key, attr_value, group_key) VALUES (1323, 'c1', '19,0', 'boyut');
INSERT INTO variant_attributes (variant_id, attr_key, attr_value, group_key) VALUES (1323, 'L3', '22,0', 'boyut');
INSERT INTO variant_attributes (variant_id, attr_key, attr_value, group_key) VALUES (1323, 'KUTU_ADEDI', '15,0', 'adet_agirlik');
INSERT INTO variant_attributes (variant_id, attr_key, attr_value, group_key) VALUES (1323, 'KUTU_AGIRLIGI', '~3,0 kg.', 'adet_agirlik');
INSERT INTO variant_attributes (variant_id, attr_key, attr_value, group_key) VALUES (1323, 'KOLI_ADEDI', '90.0', 'adet_agirlik');
INSERT INTO variant_attributes (variant_id, attr_key, attr_value, group_key) VALUES (1323, 'KOLI_AGIRLIGI', '~18,0 kg.', 'adet_agirlik');
INSERT INTO product_variants (id, product_id, variant_code, sort_order) VALUES (1324, 62, 'SKP-L45-D/185-M20', 1324);
INSERT INTO variant_attributes (variant_id, attr_key, attr_value, group_key) VALUES (1324, 'KABLO_KESITI', '185', 'kunye_filtre');
INSERT INTO variant_attributes (variant_id, attr_key, attr_value, group_key) VALUES (1324, 'CIVATA', 'M20', 'kunye_filtre');
INSERT INTO variant_attributes (variant_id, attr_key, attr_value, group_key) VALUES (1324, 'd1', '19', 'boyut');
INSERT INTO variant_attributes (variant_id, attr_key, attr_value, group_key) VALUES (1324, 'd4', '25.5', 'boyut');
INSERT INTO variant_attributes (variant_id, attr_key, attr_value, group_key) VALUES (1324, 'a', '40,0', 'boyut');
INSERT INTO variant_attributes (variant_id, attr_key, attr_value, group_key) VALUES (1324, 'd2', '21', 'boyut');
INSERT INTO variant_attributes (variant_id, attr_key, attr_value, group_key) VALUES (1324, 'b', '40,0', 'boyut');
INSERT INTO variant_attributes (variant_id, attr_key, attr_value, group_key) VALUES (1324, 'c1', '21,0', 'boyut');
INSERT INTO variant_attributes (variant_id, attr_key, attr_value, group_key) VALUES (1324, 'L3', '24,0', 'boyut');
INSERT INTO variant_attributes (variant_id, attr_key, attr_value, group_key) VALUES (1324, 'KUTU_ADEDI', '15,0', 'adet_agirlik');
INSERT INTO variant_attributes (variant_id, attr_key, attr_value, group_key) VALUES (1324, 'KUTU_AGIRLIGI', '~3,0 kg.', 'adet_agirlik');
INSERT INTO variant_attributes (variant_id, attr_key, attr_value, group_key) VALUES (1324, 'KOLI_ADEDI', '90.0', 'adet_agirlik');
INSERT INTO variant_attributes (variant_id, attr_key, attr_value, group_key) VALUES (1324, 'KOLI_AGIRLIGI', '~18,0 kg.', 'adet_agirlik');
INSERT INTO product_variants (id, product_id, variant_code, sort_order) VALUES (1325, 62, 'SKP-L45-D/240-M12', 1325);
INSERT INTO variant_attributes (variant_id, attr_key, attr_value, group_key) VALUES (1325, 'KABLO_KESITI', '240', 'kunye_filtre');
INSERT INTO variant_attributes (variant_id, attr_key, attr_value, group_key) VALUES (1325, 'CIVATA', 'M12', 'kunye_filtre');
INSERT INTO variant_attributes (variant_id, attr_key, attr_value, group_key) VALUES (1325, 'd1', '21.5', 'boyut');
INSERT INTO variant_attributes (variant_id, attr_key, attr_value, group_key) VALUES (1325, 'd4', '29', 'boyut');
INSERT INTO variant_attributes (variant_id, attr_key, attr_value, group_key) VALUES (1325, 'a', '40,0', 'boyut');
INSERT INTO variant_attributes (variant_id, attr_key, attr_value, group_key) VALUES (1325, 'd2', '13', 'boyut');
INSERT INTO variant_attributes (variant_id, attr_key, attr_value, group_key) VALUES (1325, 'b', '42,0', 'boyut');
INSERT INTO variant_attributes (variant_id, attr_key, attr_value, group_key) VALUES (1325, 'c1', '16,0', 'boyut');
INSERT INTO variant_attributes (variant_id, attr_key, attr_value, group_key) VALUES (1325, 'L3', '22,0', 'boyut');
INSERT INTO variant_attributes (variant_id, attr_key, attr_value, group_key) VALUES (1325, 'KUTU_ADEDI', '8,0', 'adet_agirlik');
INSERT INTO variant_attributes (variant_id, attr_key, attr_value, group_key) VALUES (1325, 'KUTU_AGIRLIGI', '~2,1 kg.', 'adet_agirlik');
INSERT INTO variant_attributes (variant_id, attr_key, attr_value, group_key) VALUES (1325, 'KOLI_ADEDI', '48.0', 'adet_agirlik');
INSERT INTO variant_attributes (variant_id, attr_key, attr_value, group_key) VALUES (1325, 'KOLI_AGIRLIGI', '~12,6 kg.', 'adet_agirlik');
INSERT INTO product_variants (id, product_id, variant_code, sort_order) VALUES (1326, 62, 'SKP-L45-D/240-M14', 1326);
INSERT INTO variant_attributes (variant_id, attr_key, attr_value, group_key) VALUES (1326, 'KABLO_KESITI', '240', 'kunye_filtre');
INSERT INTO variant_attributes (variant_id, attr_key, attr_value, group_key) VALUES (1326, 'CIVATA', 'M14', 'kunye_filtre');
INSERT INTO variant_attributes (variant_id, attr_key, attr_value, group_key) VALUES (1326, 'd1', '21.5', 'boyut');
INSERT INTO variant_attributes (variant_id, attr_key, attr_value, group_key) VALUES (1326, 'd4', '29', 'boyut');
INSERT INTO variant_attributes (variant_id, attr_key, attr_value, group_key) VALUES (1326, 'a', '40,0', 'boyut');
INSERT INTO variant_attributes (variant_id, attr_key, attr_value, group_key) VALUES (1326, 'd2', '15', 'boyut');
INSERT INTO variant_attributes (variant_id, attr_key, attr_value, group_key) VALUES (1326, 'b', '42,0', 'boyut');
INSERT INTO variant_attributes (variant_id, attr_key, attr_value, group_key) VALUES (1326, 'c1', '19,0', 'boyut');
INSERT INTO variant_attributes (variant_id, attr_key, attr_value, group_key) VALUES (1326, 'L3', '22,0', 'boyut');
INSERT INTO variant_attributes (variant_id, attr_key, attr_value, group_key) VALUES (1326, 'KUTU_ADEDI', '8,0', 'adet_agirlik');
INSERT INTO variant_attributes (variant_id, attr_key, attr_value, group_key) VALUES (1326, 'KUTU_AGIRLIGI', '~2,2 kg.', 'adet_agirlik');
INSERT INTO variant_attributes (variant_id, attr_key, attr_value, group_key) VALUES (1326, 'KOLI_ADEDI', '48.0', 'adet_agirlik');
INSERT INTO variant_attributes (variant_id, attr_key, attr_value, group_key) VALUES (1326, 'KOLI_AGIRLIGI', '~13,2 kg.', 'adet_agirlik');
INSERT INTO product_variants (id, product_id, variant_code, sort_order) VALUES (1327, 62, 'SKP-L45-D/240-M16', 1327);
INSERT INTO variant_attributes (variant_id, attr_key, attr_value, group_key) VALUES (1327, 'KABLO_KESITI', '240', 'kunye_filtre');
INSERT INTO variant_attributes (variant_id, attr_key, attr_value, group_key) VALUES (1327, 'CIVATA', 'M16', 'kunye_filtre');
INSERT INTO variant_attributes (variant_id, attr_key, attr_value, group_key) VALUES (1327, 'd1', '21.5', 'boyut');
INSERT INTO variant_attributes (variant_id, attr_key, attr_value, group_key) VALUES (1327, 'd4', '29', 'boyut');
INSERT INTO variant_attributes (variant_id, attr_key, attr_value, group_key) VALUES (1327, 'a', '40,0', 'boyut');
INSERT INTO variant_attributes (variant_id, attr_key, attr_value, group_key) VALUES (1327, 'd2', '17', 'boyut');
INSERT INTO variant_attributes (variant_id, attr_key, attr_value, group_key) VALUES (1327, 'b', '42,0', 'boyut');
INSERT INTO variant_attributes (variant_id, attr_key, attr_value, group_key) VALUES (1327, 'c1', '19,0', 'boyut');
INSERT INTO variant_attributes (variant_id, attr_key, attr_value, group_key) VALUES (1327, 'L3', '22,0', 'boyut');
INSERT INTO variant_attributes (variant_id, attr_key, attr_value, group_key) VALUES (1327, 'KUTU_ADEDI', '8,0', 'adet_agirlik');
INSERT INTO variant_attributes (variant_id, attr_key, attr_value, group_key) VALUES (1327, 'KUTU_AGIRLIGI', '~2,2 kg.', 'adet_agirlik');
INSERT INTO variant_attributes (variant_id, attr_key, attr_value, group_key) VALUES (1327, 'KOLI_ADEDI', '48.0', 'adet_agirlik');
INSERT INTO variant_attributes (variant_id, attr_key, attr_value, group_key) VALUES (1327, 'KOLI_AGIRLIGI', '~13,2 kg.', 'adet_agirlik');
INSERT INTO product_variants (id, product_id, variant_code, sort_order) VALUES (1328, 62, 'SKP-L45-D/240-M20', 1328);
INSERT INTO variant_attributes (variant_id, attr_key, attr_value, group_key) VALUES (1328, 'KABLO_KESITI', '240', 'kunye_filtre');
INSERT INTO variant_attributes (variant_id, attr_key, attr_value, group_key) VALUES (1328, 'CIVATA', 'M20', 'kunye_filtre');
INSERT INTO variant_attributes (variant_id, attr_key, attr_value, group_key) VALUES (1328, 'd1', '21.5', 'boyut');
INSERT INTO variant_attributes (variant_id, attr_key, attr_value, group_key) VALUES (1328, 'd4', '29', 'boyut');
INSERT INTO variant_attributes (variant_id, attr_key, attr_value, group_key) VALUES (1328, 'a', '40,0', 'boyut');
INSERT INTO variant_attributes (variant_id, attr_key, attr_value, group_key) VALUES (1328, 'd2', '21', 'boyut');
INSERT INTO variant_attributes (variant_id, attr_key, attr_value, group_key) VALUES (1328, 'b', '45,0', 'boyut');
INSERT INTO variant_attributes (variant_id, attr_key, attr_value, group_key) VALUES (1328, 'c1', '21,0', 'boyut');
INSERT INTO variant_attributes (variant_id, attr_key, attr_value, group_key) VALUES (1328, 'L3', '24,0', 'boyut');
INSERT INTO variant_attributes (variant_id, attr_key, attr_value, group_key) VALUES (1328, 'KUTU_ADEDI', '8,0', 'adet_agirlik');
INSERT INTO variant_attributes (variant_id, attr_key, attr_value, group_key) VALUES (1328, 'KUTU_AGIRLIGI', '~2,2 kg.', 'adet_agirlik');
INSERT INTO variant_attributes (variant_id, attr_key, attr_value, group_key) VALUES (1328, 'KOLI_ADEDI', '48.0', 'adet_agirlik');
INSERT INTO variant_attributes (variant_id, attr_key, attr_value, group_key) VALUES (1328, 'KOLI_AGIRLIGI', '~13,2 kg.', 'adet_agirlik');
INSERT INTO color_translations (color_tr, color_en) VALUES ('Bej', NULL);
INSERT INTO color_translations (color_tr, color_en) VALUES ('Beyaz', NULL);
INSERT INTO color_translations (color_tr, color_en) VALUES ('Fildişi', NULL);
INSERT INTO color_translations (color_tr, color_en) VALUES ('Gri', NULL);
INSERT INTO color_translations (color_tr, color_en) VALUES ('Kahve', NULL);
INSERT INTO color_translations (color_tr, color_en) VALUES ('Kırmızı', NULL);
INSERT INTO color_translations (color_tr, color_en) VALUES ('Mavi', NULL);
INSERT INTO color_translations (color_tr, color_en) VALUES ('Sarı', NULL);
INSERT INTO color_translations (color_tr, color_en) VALUES ('Siyah', NULL);
INSERT INTO color_translations (color_tr, color_en) VALUES ('Turuncu', NULL);
INSERT INTO color_translations (color_tr, color_en) VALUES ('Yeşil', NULL);
INSERT INTO color_translations (color_tr, color_en) VALUES ('Z.Yeşili', NULL);