INSERT INTO categories (id, name_tr, name_en, slug, sort_order) VALUES (1, 'Mekanik Pabuç Sıkma Penseleri', 'Mechanical Crimping Tools', 'mechanical-crimping-tools', 0);
INSERT INTO categories (id, name_tr, name_en, slug, sort_order) VALUES (2, 'Hidrolik Pabuç Sıkma Penseleri', 'Hydraulic Crimping Tools', 'hydraulic-crimping-tools', 1);
INSERT INTO categories (id, name_tr, name_en, slug, sort_order) VALUES (3, 'Sıkma Çeneleri', 'Crimping Dies', 'crimping-dies', 2);
INSERT INTO categories (id, name_tr, name_en, slug, sort_order) VALUES (4, 'Kablo Kesme Makasları', 'Cable Cutting Tools', 'cable-cutting-tools', 3);
INSERT INTO categories (id, name_tr, name_en, slug, sort_order) VALUES (5, 'Kablo Bağları ve Kroşeler', 'Cable Ties and Tie Mounts', 'cable-ties-and-tie-mounts', 4);
INSERT INTO categories (id, name_tr, name_en, slug, sort_order) VALUES (6, 'Kablo Yüksük ve Terminalleri', 'Cable End Sleeves and Terminal', 'cable-end-sleeves-and-terminal', 5);
INSERT INTO categories (id, name_tr, name_en, slug, sort_order) VALUES (7, 'Baralar', 'Busbars', 'busbars', 6);
INSERT INTO categories (id, name_tr, name_en, slug, sort_order) VALUES (8, 'Sıkmalı Ek Mufları', 'Butt Connectors', 'butt-connectors', 7);
INSERT INTO categories (id, name_tr, name_en, slug, sort_order) VALUES (9, 'Sıkmalı Kablo Pabuçları', 'Tubular Cable Lugs', 'tubular-cable-lugs', 8);
INSERT INTO certificates (tag, name, file_url_tr, file_url_en) VALUES ('ISO', 'ISO 9001', 'Simpa_ISO_9001_TR.pdf', 'Simpa_ISO_9001_EN.pdf');
INSERT INTO certificates (tag, name, file_url_tr, file_url_en) VALUES ('EAC', 'EAC', 'Simpa_EAC.pdf', 'Simpa_EAC.pdf');
INSERT INTO certificates (tag, name, file_url_tr, file_url_en) VALUES ('RoHS', 'RoHS', 'Simpa_ROHS.pdf', 'Simpa_ROHS.pdf');
INSERT INTO certificates (tag, name, file_url_tr, file_url_en) VALUES ('RoHS Bara', 'RoHS Bara', 'Simpa_ROHS-Bara.pdf', 'Simpa_ROHS-Bara.pdf');
INSERT INTO certificates (tag, name, file_url_tr, file_url_en) VALUES ('TSE', 'TSE', 'Simpa_TSE.pdf', 'Simpa_TSE.pdf');
INSERT INTO certificates (tag, name, file_url_tr, file_url_en) VALUES ('BU', 'Boğaziçi Deney', 'Simpa_BU_Deney_SKP.pdf', 'Simpa_BU_Deney_SKP.pdf');
INSERT INTO certificates (tag, name, file_url_tr, file_url_en) VALUES ('BU-SKP', 'Boğaziçi Deney SKP', 'Simpa_BU_Deney.pdf', 'Simpa_BU_Deney.pdf');
INSERT INTO certificates (tag, name, file_url_tr, file_url_en) VALUES ('CE', 'CE', 'Simpa_CE.pdf', 'Simpa_CE.pdf');
INSERT INTO field_labels (attr_key, label_tr, label_en, unit, group_key, sort_order) VALUES ('MATERYAL', 'Materyal', 'Material', NULL, 'kunye', 1);
INSERT INTO field_labels (attr_key, label_tr, label_en, unit, group_key, sort_order) VALUES ('KAPLAMA', 'Kaplama', 'Coating', NULL, 'kunye', 2);
INSERT INTO field_labels (attr_key, label_tr, label_en, unit, group_key, sort_order) VALUES ('BAGLANTI', 'Bağlantı', 'Joint', NULL, 'kunye', 3);
INSERT INTO field_labels (attr_key, label_tr, label_en, unit, group_key, sort_order) VALUES ('BORU_ET_KALINLIGI', 'Boru Et Kalınlığı', 'Thickness', NULL, 'kunye', 4);
INSERT INTO field_labels (attr_key, label_tr, label_en, unit, group_key, sort_order) VALUES ('KABLO_GIRISI', 'Kablo Girişi', 'Cable Entry', NULL, 'kunye', 5);
INSERT INTO field_labels (attr_key, label_tr, label_en, unit, group_key, sort_order) VALUES ('DIN_NORMU', 'DIN Normu', 'DIN Norm', NULL, 'kunye', 6);
INSERT INTO field_labels (attr_key, label_tr, label_en, unit, group_key, sort_order) VALUES ('IZOLASYON', 'İzolasyon', 'Insulation', NULL, 'kunye', 7);
INSERT INTO field_labels (attr_key, label_tr, label_en, unit, group_key, sort_order) VALUES ('SIKMA_ARALIGI', 'Sıkma Aralığı', 'Crimping Range', NULL, 'kunye', 8);
INSERT INTO field_labels (attr_key, label_tr, label_en, unit, group_key, sort_order) VALUES ('UZUNLUK', 'Uzunluk', 'Length', NULL, 'kunye', 9);
INSERT INTO field_labels (attr_key, label_tr, label_en, unit, group_key, sort_order) VALUES ('AGIRLIK', 'Ağırlık', 'Weight', NULL, 'kunye', 10);
INSERT INTO field_labels (attr_key, label_tr, label_en, unit, group_key, sort_order) VALUES ('SIKMA_SEKLI', 'Sıkma Şekli', 'Crimping Type', NULL, 'kunye', 11);
INSERT INTO field_labels (attr_key, label_tr, label_en, unit, group_key, sort_order) VALUES ('AGIZ_ACIKLIGI', 'Ağız Açıklığı', 'Stroke', NULL, 'kunye', 12);
INSERT INTO field_labels (attr_key, label_tr, label_en, unit, group_key, sort_order) VALUES ('SIKMA_KUVVETI', 'Sıkma Kuvveti', 'Crimping Force', NULL, 'kunye', 13);
INSERT INTO field_labels (attr_key, label_tr, label_en, unit, group_key, sort_order) VALUES ('OZELLIKLER', 'Özellikler', 'Features', NULL, 'kunye', 14);
INSERT INTO field_labels (attr_key, label_tr, label_en, unit, group_key, sort_order) VALUES ('KESME_ARALIGI', 'Kesme Aralığı', 'Cutting Range', NULL, 'kunye', 15);
INSERT INTO field_labels (attr_key, label_tr, label_en, unit, group_key, sort_order) VALUES ('CALISMA_SICAKLIGI', 'Çalışma Sıcaklığı', 'Working Temperature', NULL, 'kunye', 16);
INSERT INTO field_labels (attr_key, label_tr, label_en, unit, group_key, sort_order) VALUES ('SPECIAL_NOTE', 'Özel Not', 'Special Note', NULL, 'special_note', 99);
INSERT INTO field_labels (attr_key, label_tr, label_en, unit, group_key, sort_order) VALUES ('BOYUTLAR', 'Boyutlar', 'Dimensions', 'mm', 'boyut', 0);
INSERT INTO field_labels (attr_key, label_tr, label_en, unit, group_key, sort_order) VALUES ('DAGITIM_SAYISI', 'Dağıtım Sayısı', 'Distribution', NULL, 'kunye_filtre', 1);
INSERT INTO field_labels (attr_key, label_tr, label_en, unit, group_key, sort_order) VALUES ('KULLANIM_YERI', 'Kullanım Yeri', 'Be Used', NULL, 'kunye_filtre', 2);
INSERT INTO field_labels (attr_key, label_tr, label_en, unit, group_key, sort_order) VALUES ('MODUL', 'Modül', 'Module', NULL, 'kunye_filtre', 3);
INSERT INTO field_labels (attr_key, label_tr, label_en, unit, group_key, sort_order) VALUES ('KABLO_KESITI', 'Kablo Kesiti', 'Cable Section', 'mm²', 'kunye_filtre', 4);
INSERT INTO field_labels (attr_key, label_tr, label_en, unit, group_key, sort_order) VALUES ('CIVATA', 'Civata Deliği', 'Bolt', NULL, 'kunye_filtre', 5);
INSERT INTO field_labels (attr_key, label_tr, label_en, unit, group_key, sort_order) VALUES ('SIKMA_GENISLIGI', 'Sıkma Genişliği', 'Crimping Width', 'mm', 'ek_ozellik', 6);
INSERT INTO field_labels (attr_key, label_tr, label_en, unit, group_key, sort_order) VALUES ('D1', 'D1', 'D1', 'mm', 'boyut', 7);
INSERT INTO field_labels (attr_key, label_tr, label_en, unit, group_key, sort_order) VALUES ('D4', 'D4', 'D4', 'mm', 'boyut', 8);
INSERT INTO field_labels (attr_key, label_tr, label_en, unit, group_key, sort_order) VALUES ('d1', 'd1', 'd1', 'mm', 'boyut', 9);
INSERT INTO field_labels (attr_key, label_tr, label_en, unit, group_key, sort_order) VALUES ('d4', 'd4', 'd4', 'mm', 'boyut', 10);
INSERT INTO field_labels (attr_key, label_tr, label_en, unit, group_key, sort_order) VALUES ('a', 'a', 'a', 'mm', 'boyut', 11);
INSERT INTO field_labels (attr_key, label_tr, label_en, unit, group_key, sort_order) VALUES ('d2', 'd2', 'd2', 'mm', 'boyut', 12);
INSERT INTO field_labels (attr_key, label_tr, label_en, unit, group_key, sort_order) VALUES ('b', 'b', 'b', 'mm', 'boyut', 13);
INSERT INTO field_labels (attr_key, label_tr, label_en, unit, group_key, sort_order) VALUES ('b1', 'b1', 'b1', 'mm', 'boyut', 14);
INSERT INTO field_labels (attr_key, label_tr, label_en, unit, group_key, sort_order) VALUES ('c1', 'c1', 'c1', 'mm', 'boyut', 15);
INSERT INTO field_labels (attr_key, label_tr, label_en, unit, group_key, sort_order) VALUES ('c2', 'c2', 'c2', 'mm', 'boyut', 16);
INSERT INTO field_labels (attr_key, label_tr, label_en, unit, group_key, sort_order) VALUES ('L', 'L', 'L', 'mm', 'boyut', 17);
INSERT INTO field_labels (attr_key, label_tr, label_en, unit, group_key, sort_order) VALUES ('L1', 'L1', 'L1', 'mm', 'boyut', 18);
INSERT INTO field_labels (attr_key, label_tr, label_en, unit, group_key, sort_order) VALUES ('L2', 'L2', 'L2', 'mm', 'boyut', 19);
INSERT INTO field_labels (attr_key, label_tr, label_en, unit, group_key, sort_order) VALUES ('L3', 'L3', 'L3', 'mm', 'boyut', 20);
INSERT INTO field_labels (attr_key, label_tr, label_en, unit, group_key, sort_order) VALUES ('K', 'K', 'K', 'mm', 'boyut', 21);
INSERT INTO field_labels (attr_key, label_tr, label_en, unit, group_key, sort_order) VALUES ('X', 'X', 'X', 'mm', 'boyut', 22);
INSERT INTO field_labels (attr_key, label_tr, label_en, unit, group_key, sort_order) VALUES ('W', 'W', 'W', 'mm', 'boyut', 23);
INSERT INTO field_labels (attr_key, label_tr, label_en, unit, group_key, sort_order) VALUES ('D', 'D', 'D', 'mm', 'boyut', 24);
INSERT INTO field_labels (attr_key, label_tr, label_en, unit, group_key, sort_order) VALUES ('C', 'C', 'C', 'mm', 'boyut', 25);
INSERT INTO field_labels (attr_key, label_tr, label_en, unit, group_key, sort_order) VALUES ('L_C1', 'L+c1', 'L+c1', 'mm', 'boyut', 26);
INSERT INTO field_labels (attr_key, label_tr, label_en, unit, group_key, sort_order) VALUES ('MAKS_AKIM', 'Maksimum Akım Değeri', 'Maximum Current Value', NULL, 'ek_ozellik', 27);
INSERT INTO field_labels (attr_key, label_tr, label_en, unit, group_key, sort_order) VALUES ('CALISMA_GERILIMI', 'Çalışma Gerilimi', 'Operating Voltage', NULL, 'ek_ozellik', 28);
INSERT INTO field_labels (attr_key, label_tr, label_en, unit, group_key, sort_order) VALUES ('MUKAVEMET', 'Mukavemet', 'Max. Tensile Strength', NULL, 'ek_ozellik', 29);
INSERT INTO field_labels (attr_key, label_tr, label_en, unit, group_key, sort_order) VALUES ('RENK', 'Renk', 'Color', NULL, 'ek_ozellik', 30);
INSERT INTO field_labels (attr_key, label_tr, label_en, unit, group_key, sort_order) VALUES ('PAKET_ADEDI', 'Paket Adedi', 'Package Pcs.', NULL, 'adet_agirlik', 31);
INSERT INTO field_labels (attr_key, label_tr, label_en, unit, group_key, sort_order) VALUES ('POSET_ADEDI', 'Poşet Adedi', 'Bag Pcs.', NULL, 'adet_agirlik', 32);
INSERT INTO field_labels (attr_key, label_tr, label_en, unit, group_key, sort_order) VALUES ('CUVAL_ADEDI', 'Çuval Adedi', 'Master Bag Pcs.', NULL, 'adet_agirlik', 33);
INSERT INTO field_labels (attr_key, label_tr, label_en, unit, group_key, sort_order) VALUES ('KUTU_ADEDI', 'Kutu Adedi', 'Box Pcs.', NULL, 'adet_agirlik', 34);
INSERT INTO field_labels (attr_key, label_tr, label_en, unit, group_key, sort_order) VALUES ('KUTU_AGIRLIGI', 'Kutu Ağırlığı', 'Box Weight', NULL, 'adet_agirlik', 35);
INSERT INTO field_labels (attr_key, label_tr, label_en, unit, group_key, sort_order) VALUES ('KOLI_ADEDI', 'Koli Adedi', 'Parcel Pcs.', NULL, 'adet_agirlik', 36);
INSERT INTO field_labels (attr_key, label_tr, label_en, unit, group_key, sort_order) VALUES ('KOLI_AGIRLIGI', 'Koli Ağırlığı', 'Parcel Weight', NULL, 'adet_agirlik', 37);
INSERT INTO technical_drawings (ref_key, file_url) VALUES ('AEM-D.jpg', NULL);
INSERT INTO technical_drawings (ref_key, file_url) VALUES ('BEM-D.jpg', NULL);
INSERT INTO technical_drawings (ref_key, file_url) VALUES ('BKP-D.jpg', NULL);
INSERT INTO technical_drawings (ref_key, file_url) VALUES ('BPK-D.jpg', NULL);
INSERT INTO technical_drawings (ref_key, file_url) VALUES ('CK.jpg', NULL);
INSERT INTO technical_drawings (ref_key, file_url) VALUES ('DT.jpg', NULL);
INSERT INTO technical_drawings (ref_key, file_url) VALUES ('ET.jpg', NULL);
INSERT INTO technical_drawings (ref_key, file_url) VALUES ('FD.jpg', NULL);
INSERT INTO technical_drawings (ref_key, file_url) VALUES ('FE.jpg', NULL);
INSERT INTO technical_drawings (ref_key, file_url) VALUES ('FEG.jpg', NULL);
INSERT INTO technical_drawings (ref_key, file_url) VALUES ('HEXAGON.jpeg', NULL);
INSERT INTO technical_drawings (ref_key, file_url) VALUES ('IBU.jpg', NULL);
INSERT INTO technical_drawings (ref_key, file_url) VALUES ('IEM.jpg', NULL);
INSERT INTO technical_drawings (ref_key, file_url) VALUES ('IFD-Teknik.jpg', NULL);
INSERT INTO technical_drawings (ref_key, file_url) VALUES ('IK.jpg', NULL);
INSERT INTO technical_drawings (ref_key, file_url) VALUES ('IKY.jpg', NULL);
INSERT INTO technical_drawings (ref_key, file_url) VALUES ('IKY2.png', NULL);
INSERT INTO technical_drawings (ref_key, file_url) VALUES ('KY.jpg', NULL);
INSERT INTO technical_drawings (ref_key, file_url) VALUES ('SEM-A-1.jpg', NULL);
INSERT INTO technical_drawings (ref_key, file_url) VALUES ('SEM-A.jpg', NULL);
INSERT INTO technical_drawings (ref_key, file_url) VALUES ('SEM-D.jpg', NULL);
INSERT INTO technical_drawings (ref_key, file_url) VALUES ('SKP-A.jpg', NULL);
INSERT INTO technical_drawings (ref_key, file_url) VALUES ('SKP-C.jpg', NULL);
INSERT INTO technical_drawings (ref_key, file_url) VALUES ('SKP-D1.jpg', NULL);
INSERT INTO technical_drawings (ref_key, file_url) VALUES ('SKP-DG.jpg', NULL);
INSERT INTO technical_drawings (ref_key, file_url) VALUES ('SKP-F.jpg', NULL);
INSERT INTO technical_drawings (ref_key, file_url) VALUES ('SKP-GD.png', NULL);
INSERT INTO technical_drawings (ref_key, file_url) VALUES ('SKP-L45.jpg', NULL);
INSERT INTO technical_drawings (ref_key, file_url) VALUES ('SKP-L90.jpg', NULL);
INSERT INTO technical_drawings (ref_key, file_url) VALUES ('SKP-Teknik.jpg', NULL);
INSERT INTO technical_drawings (ref_key, file_url) VALUES ('YK.jpg', NULL);
INSERT INTO products (id, prod_code, title_tr, title_en, category_id, material, origin, brand, has_variant_table, drawing_ref, is_active, sort_order) VALUES (1, '1BOB-D', '1 BOB-D MONOFAZE DİŞİ İZOLESİZ BAKIR BARALAR', '1 BOB-D 1 PHASE NON-INSULATED COMB BUSBARS FORK TYPE', 7, 'CU', 'Yerli', 'Simpa', 1, NULL, 1, 0);
INSERT INTO products (id, prod_code, title_tr, title_en, category_id, material, origin, brand, has_variant_table, drawing_ref, is_active, sort_order) VALUES (2, '1BOB-E', '1 BOB-E MONOFAZE ERKEK İZOLESİZ BAKIR BARALAR', '1 BOB-E 1 PHASE NON-INSULATED COMB BUSBARS PIN TYPE', 7, 'CU', 'Yerli', 'Simpa', 1, NULL, 1, 1);
INSERT INTO products (id, prod_code, title_tr, title_en, category_id, material, origin, brand, has_variant_table, drawing_ref, is_active, sort_order) VALUES (3, '1TBE', '1TBE MONOFAZE ERKEK İZOLELİ BARALAR', '1TBE 1 PHASE INSULATED COMB BUSBARS PIN TYPE', 7, NULL, 'Yerli', 'Simpa', 1, NULL, 1, 2);
INSERT INTO products (id, prod_code, title_tr, title_en, category_id, material, origin, brand, has_variant_table, drawing_ref, is_active, sort_order) VALUES (4, '2TBE', '2TBE İKİ FAZLI ERKEK İZOLELİ BARALAR', '2TBE 2 PHASE INSULATED COMB BUSBARS PIN TYPE', 7, NULL, 'Yerli', 'Simpa', 1, NULL, 1, 3);
INSERT INTO products (id, prod_code, title_tr, title_en, category_id, material, origin, brand, has_variant_table, drawing_ref, is_active, sort_order) VALUES (5, '3TBD', '3TBD TRİFAZE DİŞLİ İZOLELİ BARALAR', '3TBD 3 PHASE INSULATED COMB BUSBARS FORK TYPE', 7, NULL, 'Yerli', 'Simpa', 1, NULL, 1, 4);
INSERT INTO products (id, prod_code, title_tr, title_en, category_id, material, origin, brand, has_variant_table, drawing_ref, is_active, sort_order) VALUES (6, '3TBE', '3TBE TRİFAZE ERKEK İZOLELİ BARALAR', '3TBE 3 PHASE INSULATED COMB BUSBARS PIN TYPE', 7, NULL, 'Yerli', 'Simpa', 1, NULL, 1, 5);
INSERT INTO products (id, prod_code, title_tr, title_en, category_id, material, origin, brand, has_variant_table, drawing_ref, is_active, sort_order) VALUES (7, '4TBE', '4TBE ÜÇ FAZ + NÖTR ERKEK İZOLELİ BARALAR', '4TBE THREE PHASE + NEUTRAL INSULATED COMB BUSBARS PIN TYPE', 7, NULL, 'Yerli', 'Simpa', 1, NULL, 1, 6);
INSERT INTO products (id, prod_code, title_tr, title_en, category_id, material, origin, brand, has_variant_table, drawing_ref, is_active, sort_order) VALUES (8, 'KUB', 'KUB NÖTR BAKIR TOPRAKLAMA BARALARI', 'KUB EARTHING BARS', 7, 'CU', 'Yerli', 'Simpa', 1, NULL, 1, 7);
INSERT INTO products (id, prod_code, title_tr, title_en, category_id, material, origin, brand, has_variant_table, drawing_ref, is_active, sort_order) VALUES (9, 'SP-HSP/300', 'HİDROLİK SIKMA PENSESİ, 6 ‑ 300 MM²', 'HAND‑OPERATED HYDRAULIC CRIMPING TOOL, 6 ‑ 300MM²', 2, NULL, 'İthal', 'Superpress', 0, 'HEXAGON.jpeg', 1, 8);
INSERT INTO products (id, prod_code, title_tr, title_en, category_id, material, origin, brand, has_variant_table, drawing_ref, is_active, sort_order) VALUES (10, 'SP-HSP/400', 'HİDROLİK SIKMA PENSESİ, 16 ‑ 400 MM²', 'HAND‑OPERATED HYDRAULIC CRIMPING TOOL, 16 ‑ 400MM²', 2, NULL, 'İthal', 'Superpress', 0, 'HEXAGON.jpeg', 1, 9);
INSERT INTO products (id, prod_code, title_tr, title_en, category_id, material, origin, brand, has_variant_table, drawing_ref, is_active, sort_order) VALUES (11, 'SP-KBB', 'KABLO BAĞLARI – BEYAZ', 'CABLE TIES - WHITE', 5, 'Polyamide 6.6', 'İthal', 'Simpa', 1, NULL, 1, 10);
INSERT INTO products (id, prod_code, title_tr, title_en, category_id, material, origin, brand, has_variant_table, drawing_ref, is_active, sort_order) VALUES (12, 'SP-KBS', 'KABLO BAĞLARI – SİYAH', 'CABLE TIES - BLACK', 5, 'Polyamide 6.6', 'İthal', 'Simpa', 1, NULL, 1, 11);
INSERT INTO products (id, prod_code, title_tr, title_en, category_id, material, origin, brand, has_variant_table, drawing_ref, is_active, sort_order) VALUES (13, 'SP-VK-B/S', 'VİDALI KROŞELER', 'SCREW TYPE TIE MOUNTS', 5, 'Polyamide 6.6', 'İthal', 'Simpa', 1, NULL, 1, 12);
INSERT INTO products (id, prod_code, title_tr, title_en, category_id, material, origin, brand, has_variant_table, drawing_ref, is_active, sort_order) VALUES (14, 'SP-YK-B/S', 'YAPIŞKANLI KROŞELER', 'SELF-ADHESIVE TIE MOUNTS', 5, 'Polyamide 6.6', 'İthal', 'Simpa', 1, NULL, 1, 13);
INSERT INTO products (id, prod_code, title_tr, title_en, category_id, material, origin, brand, has_variant_table, drawing_ref, is_active, sort_order) VALUES (15, 'SP-KM/250', 'Kablo Kesme Makası – 250mm²', 'CABLE CUTTING TOOL – 250MM²', 4, NULL, 'İthal', 'Superpress', 0, NULL, 1, 14);
INSERT INTO products (id, prod_code, title_tr, title_en, category_id, material, origin, brand, has_variant_table, drawing_ref, is_active, sort_order) VALUES (16, 'SP-KM/50', 'Kablo Kesme Makası – 50mm²', 'CABLE CUTTING TOOL – 50MM²', 4, NULL, 'İthal', 'Superpress', 0, NULL, 1, 15);
INSERT INTO products (id, prod_code, title_tr, title_en, category_id, material, origin, brand, has_variant_table, drawing_ref, is_active, sort_order) VALUES (17, 'SP-KM/500', 'Kablo Kesme Makası – 500mm²', 'CABLE CUTTING TOOL – 500MM²', 4, NULL, 'İthal', 'Superpress', 0, NULL, 1, 16);
INSERT INTO products (id, prod_code, title_tr, title_en, category_id, material, origin, brand, has_variant_table, drawing_ref, is_active, sort_order) VALUES (18, 'SP-KM/95', 'Kablo Kesme Makası – 95mm²', 'CABLE CUTTING TOOL – 95MM²', 4, NULL, 'İthal', 'Superpress', 0, NULL, 1, 17);
INSERT INTO products (id, prod_code, title_tr, title_en, category_id, material, origin, brand, has_variant_table, drawing_ref, is_active, sort_order) VALUES (19, 'SP-KMC/500', 'Cırcır Mekanizmalı Kablo Kesme Makası – 500mm²', 'RATCHET CABLE CUTTING TOOL – 500MM²', 4, NULL, 'İthal', 'Superpress', 0, NULL, 1, 18);
INSERT INTO products (id, prod_code, title_tr, title_en, category_id, material, origin, brand, has_variant_table, drawing_ref, is_active, sort_order) VALUES (20, 'SP-CK', 'SP-CK İZOLELİ ÇATAL TİPİ KABLO PABUÇLARI', 'SP-CK INSULATED FORK TYPE TERMINALS', 6, 'CU', 'İthal', 'Simpa', 1, 'CK.jpg', 1, 19);
INSERT INTO products (id, prod_code, title_tr, title_en, category_id, material, origin, brand, has_variant_table, drawing_ref, is_active, sort_order) VALUES (21, 'SP-DT', 'SP-DT İZOLELİ DİŞİ KABLO TERMİNALLERİ', 'SP-DT INSULATED FEMALE BULLET CONNECTORS', 6, 'Pirinç', 'İthal', 'Simpa', 1, 'DT.jpg', 1, 20);
INSERT INTO products (id, prod_code, title_tr, title_en, category_id, material, origin, brand, has_variant_table, drawing_ref, is_active, sort_order) VALUES (22, 'SP-ET', 'SP-ET İZOLELİ ERKEK KABLO TERMİNALLERİ', 'SP-ET INSULATED MALE BULLET CONNECTORS', 6, 'Pirinç', 'İthal', 'Simpa', 1, 'ET.jpg', 1, 21);
INSERT INTO products (id, prod_code, title_tr, title_en, category_id, material, origin, brand, has_variant_table, drawing_ref, is_active, sort_order) VALUES (23, 'SP-FD', 'SP-FD İZOLELİ DİŞİ FASTON TİP KABLO UÇLARI', 'SP-FD INSULATED RECEPTACLES', 6, 'Pirinç', 'İthal', 'Simpa', 1, 'FD.jpg', 1, 22);
INSERT INTO products (id, prod_code, title_tr, title_en, category_id, material, origin, brand, has_variant_table, drawing_ref, is_active, sort_order) VALUES (24, 'SP-FE', 'SP-FE İZOLELİ ERKEK FASTON TİP KABLO UÇLARI', 'SP-FE INSULATED TABS', 6, 'Pirinç', 'İthal', 'Simpa', 1, 'FE.jpg', 1, 23);
INSERT INTO products (id, prod_code, title_tr, title_en, category_id, material, origin, brand, has_variant_table, drawing_ref, is_active, sort_order) VALUES (25, 'SP-FEG', 'SP-FEG İZOLELİ GERİ DÖNÜŞLÜ FASTON TİP KABLO UÇLARI', 'SP-FEG INSULATED RECEPTACLES, MULTIPLE TYPE', 6, 'Pirinç', 'İthal', 'Simpa', 1, 'FEG.jpg', 1, 24);
INSERT INTO products (id, prod_code, title_tr, title_en, category_id, material, origin, brand, has_variant_table, drawing_ref, is_active, sort_order) VALUES (26, 'SP-IBU', 'SP-IBU İZOLELİ BIÇAK TİP KABLO UÇLARI', 'SP-IBU INSULATED BLADE TYPE TERMINALS', 6, 'Pirinç', 'İthal', 'Simpa', 1, 'IBU.jpg', 1, 25);
INSERT INTO products (id, prod_code, title_tr, title_en, category_id, material, origin, brand, has_variant_table, drawing_ref, is_active, sort_order) VALUES (27, 'SP-IFD', 'SP-IFD TAM İZOLELİ DİŞİ FASTON TİP KABLO UÇLARI', 'SP-IFD INSULATED RECEPTACLES', 6, 'Pirinç', 'İthal', 'Simpa', 1, 'IFD-Teknik.jpg', 1, 26);
INSERT INTO products (id, prod_code, title_tr, title_en, category_id, material, origin, brand, has_variant_table, drawing_ref, is_active, sort_order) VALUES (28, 'SP-IK', 'SP-IK İZOLELİ İĞNE TİP KABLO UÇLARI', 'SP-IK INSULATED PIN TYPE CONNECTORS', 6, 'CU', 'İthal', 'Simpa', 1, 'IK.jpg', 1, 27);
INSERT INTO products (id, prod_code, title_tr, title_en, category_id, material, origin, brand, has_variant_table, drawing_ref, is_active, sort_order) VALUES (29, 'SP-IKY', 'SP-IKY İZOLELİ KABLO YÜKSÜKLERİ', 'SP-IKY INSULATED CABLE END-SLEEVES', 6, 'CU', 'İthal', 'Simpa', 1, 'IKY.jpg', 1, 28);
INSERT INTO products (id, prod_code, title_tr, title_en, category_id, material, origin, brand, has_variant_table, drawing_ref, is_active, sort_order) VALUES (30, 'SP-IKY/2', 'SP-IKY/2 İZOLELİ ÇİFT GİRİŞLİ KABLO YÜKSÜKLERİ', 'SP-IKY/2 INSULATED TWIN CABLE END-SLEEVES', 6, 'CU', 'İthal', 'Simpa', 1, 'IKY2.png', 1, 29);
INSERT INTO products (id, prod_code, title_tr, title_en, category_id, material, origin, brand, has_variant_table, drawing_ref, is_active, sort_order) VALUES (31, 'SP-KY', 'SP-KY İZOLESİZ KABLO YÜKSÜKLERİ', 'SP-KY NON-INSULATED SLEEVES', 6, 'CU', 'İthal', 'Simpa', 1, 'KY.jpg', 1, 30);
INSERT INTO products (id, prod_code, title_tr, title_en, category_id, material, origin, brand, has_variant_table, drawing_ref, is_active, sort_order) VALUES (32, 'SP-YK', 'SP-YK İZOLELİ YUVARLAK TİP KABLO PABUÇLARI', 'SP-YK INSULATED RING TYPE TERMİNALS', 6, 'CU', 'İthal', 'Simpa', 1, 'YK.jpg', 1, 31);
INSERT INTO products (id, prod_code, title_tr, title_en, category_id, material, origin, brand, has_variant_table, drawing_ref, is_active, sort_order) VALUES (33, 'SP-MSP/35-150/S', 'STANDART TİP KABLO PABUÇLARI İÇİN SIKMA PENSESİ, 35 ‑ 150 MM²', 'CRIMPING TOOL FOR STANDARD TYPE CABLE LUGS, 35 ‑ 150 MM²', 1, NULL, 'İthal', 'Superpress', 0, 'HEXAGON.jpeg', 1, 32);
INSERT INTO products (id, prod_code, title_tr, title_en, category_id, material, origin, brand, has_variant_table, drawing_ref, is_active, sort_order) VALUES (34, 'SP-MSP/35-150/S1', 'EURO TİP KABLO PABUÇLARI İÇİN SIKMA PENSESİ, 35 ‑ 150 MM²', 'CRIMPING TOOL FOR EUROPE TYPE CABLE LUGS, 35 ‑ 150 MM²', 1, NULL, 'İthal', 'Superpress', 0, 'HEXAGON.jpeg', 1, 33);
INSERT INTO products (id, prod_code, title_tr, title_en, category_id, material, origin, brand, has_variant_table, drawing_ref, is_active, sort_order) VALUES (35, 'SP-MSP/6-50/D', 'DIN 46235 NORMU KABLO PABUÇLARI İÇİN SIKMA PENSESİ, 6 ‑ 50 MM²', 'CRIMPING TOOL FOR DIN 46235 TYPE CABLE LUGS, 6 ‑ 50 MM²', 1, NULL, 'İthal', 'Superpress', 0, 'HEXAGON.jpeg', 1, 34);
INSERT INTO products (id, prod_code, title_tr, title_en, category_id, material, origin, brand, has_variant_table, drawing_ref, is_active, sort_order) VALUES (36, 'SP-MSP/6-50/S', 'STANDART TIP KABLO PABUÇLARI IÇIN SIKMA PENSESI, 6 ‑ 50 MM²', 'CRIMPING TOOL FOR STANDARD TYPE CABLE LUGS, 6 ‑ 50 MM²', 1, NULL, 'İthal', 'Superpress', 0, 'HEXAGON.jpeg', 1, 35);
INSERT INTO products (id, prod_code, title_tr, title_en, category_id, material, origin, brand, has_variant_table, drawing_ref, is_active, sort_order) VALUES (37, 'SP-MSP/6-50/S1', 'EURO TİP KABLO PABUÇLARI İÇİN SIKMA PENSESİ, 6 ‑ 50 MM²', 'CRIMPING TOOL FOR EUROPE TYPE CABLE LUGS, 6 ‑ 50 MM²', 1, NULL, 'İthal', 'Superpress', 0, 'HEXAGON.jpeg', 1, 36);
INSERT INTO products (id, prod_code, title_tr, title_en, category_id, material, origin, brand, has_variant_table, drawing_ref, is_active, sort_order) VALUES (38, 'SP-13T/D', 'SIKMA ÇENESİ SP-13T/D', 'CRIMPING DIE SP-13T/D', 3, 'CU', 'İthal', 'Superpress', 1, 'HEXAGON.jpeg', 1, 37);
INSERT INTO products (id, prod_code, title_tr, title_en, category_id, material, origin, brand, has_variant_table, drawing_ref, is_active, sort_order) VALUES (39, 'SP-13T/S', 'SIKMA ÇENESİ SP-13T/S', 'CRIMPING DIE SP-13T/S', 3, 'CU', 'İthal', 'Superpress', 1, 'HEXAGON.jpeg', 1, 38);
INSERT INTO products (id, prod_code, title_tr, title_en, category_id, material, origin, brand, has_variant_table, drawing_ref, is_active, sort_order) VALUES (40, 'SP-6T/AL', 'SIKMA ÇENESİ SP-6T/AL', 'CRIMPING DIE SP-6T/AL', 3, 'AL', 'İthal', 'Superpress', 1, 'HEXAGON.jpeg', 1, 39);
INSERT INTO products (id, prod_code, title_tr, title_en, category_id, material, origin, brand, has_variant_table, drawing_ref, is_active, sort_order) VALUES (41, 'SP-6T/B', 'SIKMA ÇENESİ SP-6T/B', 'CRIMPING DIE SP-6T/B', 3, 'Bimetal', 'İthal', 'Superpress', 1, 'HEXAGON.jpeg', 1, 40);
INSERT INTO products (id, prod_code, title_tr, title_en, category_id, material, origin, brand, has_variant_table, drawing_ref, is_active, sort_order) VALUES (42, 'SP-6T/D', 'SIKMA ÇENESİ SP-6T/D', 'CRIMPING DIE SP-6T/D', 3, 'CU', 'İthal', 'Superpress', 1, 'HEXAGON.jpeg', 1, 41);
INSERT INTO products (id, prod_code, title_tr, title_en, category_id, material, origin, brand, has_variant_table, drawing_ref, is_active, sort_order) VALUES (43, 'SP-6T/S', 'SIKMA ÇENESİ SP-6T/S', 'CRIMPING DIE SP-6T/S', 3, 'CU', 'İthal', 'Superpress', 1, 'HEXAGON.jpeg', 1, 42);
INSERT INTO products (id, prod_code, title_tr, title_en, category_id, material, origin, brand, has_variant_table, drawing_ref, is_active, sort_order) VALUES (44, 'AEM-D', 'AEM-D ALÜMİNYUM SIKMALI EK MUFLARI DIN 46267-2', 'AEM-D DIN 46267-2 TYPE ALUMINIUM BUTT CONNECTORS', 8, 'AL', 'Yerli', 'Simpa', 1, 'AEM-D.jpg', 1, 43);
INSERT INTO products (id, prod_code, title_tr, title_en, category_id, material, origin, brand, has_variant_table, drawing_ref, is_active, sort_order) VALUES (45, 'BEM-D', 'BEM-D BİMETAL EK MUFLARI (AL-CU)', 'BEM-D BIMETALLIC BUTT CONNECTORS (AL-CU)', 8, 'CU', 'Yerli', 'Simpa', 1, 'BEM-D.jpg', 1, 44);
INSERT INTO products (id, prod_code, title_tr, title_en, category_id, material, origin, brand, has_variant_table, drawing_ref, is_active, sort_order) VALUES (46, 'BPK-D', 'BPK-D BİMETAL PİN KONNEKTÖR (AL-CU)', 'BPK-D BIMETALLIC PIN TYPE CONNECTORS (AL-CU)', 8, 'CU', 'Yerli', 'Simpa', 1, 'BPK-D.jpg', 1, 45);
INSERT INTO products (id, prod_code, title_tr, title_en, category_id, material, origin, brand, has_variant_table, drawing_ref, is_active, sort_order) VALUES (47, 'SEM-A', 'SEM-A STANDART TİP SIKMALI EK MUFLARI', 'SEM-A STANDARD TYPE BUTT CONNECTORS', 8, 'CU', 'Yerli', 'Simpa', 1, 'SEM-A.jpg', 1, 46);
INSERT INTO products (id, prod_code, title_tr, title_en, category_id, material, origin, brand, has_variant_table, drawing_ref, is_active, sort_order) VALUES (48, 'SEM-D', 'SEM-D DIN 46267-1 TİP SIKMALI EK MUFLARI', 'SEM-D DIN 46267-1 TYPE BUTT CONNECTORS', 8, 'CU', 'Yerli', 'Simpa', 1, 'SEM-D.jpg', 1, 47);
INSERT INTO products (id, prod_code, title_tr, title_en, category_id, material, origin, brand, has_variant_table, drawing_ref, is_active, sort_order) VALUES (49, 'SEM-S1', NULL, 'SEM-S1 EUROPE TYPE BUTT CONNECTORS', 8, 'CU', 'Yerli', 'Simpa', 1, 'SEM-A-1.jpg', 1, 48);
INSERT INTO products (id, prod_code, title_tr, title_en, category_id, material, origin, brand, has_variant_table, drawing_ref, is_active, sort_order) VALUES (50, 'SP-IEM', 'SP-IEM İZOLELİ EK MUFLAR', 'SP-IEM INSULATED BUTT CONNECTORS', 8, 'Pirinç', 'İthal', 'Simpa', 1, 'IEM.jpg', 1, 49);
INSERT INTO products (id, prod_code, title_tr, title_en, category_id, material, origin, brand, has_variant_table, drawing_ref, is_active, sort_order) VALUES (51, 'AKP-D', 'AKP-D ALÜMİNYUM KABLO PABUCU DIN 46329', 'AKP-D DIN 46329 TYPE ALUMINIUM CABLE LUGS', 9, 'AL', 'Yerli', 'Simpa', 1, 'SKP-Teknik.jpg', 1, 50);
INSERT INTO products (id, prod_code, title_tr, title_en, category_id, material, origin, brand, has_variant_table, drawing_ref, is_active, sort_order) VALUES (52, 'AKP-DK', 'AKP-DK ALÜMİNYUM KABLO PABUCU KALAY KAPLI OKSİT KORUMA YAĞLI DIN 46329', 'AKP-DK ALUMINIUM CABLE LUGS TIN PLATED WITH OXIDE PROTECTION OIL DIN 46329', 9, 'AL', 'Yerli', 'Simpa', 1, 'SKP-Teknik.jpg', 1, 51);
INSERT INTO products (id, prod_code, title_tr, title_en, category_id, material, origin, brand, has_variant_table, drawing_ref, is_active, sort_order) VALUES (53, 'AKP-DY', 'AKP-DY ALÜMİNYUM KABLO PABUCU OKSİT KORUMA YAĞLI DIN 46329', 'AKP-DY ALUMINIUM CABLE LUGS WITH OXIDE PROTECTION OIL DIN 46329', 9, 'AL', 'Yerli', 'Simpa', 1, 'SKP-Teknik.jpg', 1, 52);
INSERT INTO products (id, prod_code, title_tr, title_en, category_id, material, origin, brand, has_variant_table, drawing_ref, is_active, sort_order) VALUES (54, 'BKP-D', 'BKP-D BİMETAL KABLO PABUÇLARI (AL-CU)', 'BKP-D BIMETALLIC CABLE LUGS (AL-CU)', 9, 'CU', 'Yerli', 'Simpa', 1, 'BKP-D.jpg', 1, 53);
INSERT INTO products (id, prod_code, title_tr, title_en, category_id, material, origin, brand, has_variant_table, drawing_ref, is_active, sort_order) VALUES (55, 'SKP-A', 'SKP-A AÇIK TİP SIKMALI KABLO PABUCU', 'SKP-A VISIBLE TYPE TUBULAR CABLE LUGS', 9, 'CU', 'Yerli', 'Simpa', 1, 'SKP-A.jpg', 1, 54);
INSERT INTO products (id, prod_code, title_tr, title_en, category_id, material, origin, brand, has_variant_table, drawing_ref, is_active, sort_order) VALUES (56, 'SKP-C', 'SKP-C ÇİFT DELİKLİ SIKMALI KABLO PABUCU', 'SKP-C TUBULAR CABLE LUGS WITH TWO CONNECTION HOLES', 9, 'CU', 'Yerli', 'Simpa', 1, 'SKP-C.jpg', 1, 55);
INSERT INTO products (id, prod_code, title_tr, title_en, category_id, material, origin, brand, has_variant_table, drawing_ref, is_active, sort_order) VALUES (57, 'SKP-D', 'SKP-D DIN 46235 TİP SIKMALI KABLO PABUCU', 'SKP-D DIN 46235 TYPE TUBULAR CABLE LUGS', 9, 'CU', 'Yerli', 'Simpa', 1, 'SKP-Teknik.jpg', 1, 56);
INSERT INTO products (id, prod_code, title_tr, title_en, category_id, material, origin, brand, has_variant_table, drawing_ref, is_active, sort_order) VALUES (58, 'SKP-D1', 'SKP-D1 KAYNAKLI TİP KABLO PABUCU DIN 46234', 'SKP-D1 DIN 46235 TYPE CABLE LUGS', 9, 'CU', 'Yerli', 'Simpa', 1, 'SKP-D1.jpg', 1, 57);
INSERT INTO products (id, prod_code, title_tr, title_en, category_id, material, origin, brand, has_variant_table, drawing_ref, is_active, sort_order) VALUES (59, 'SKP-DG', 'SKP-DG DAR GİRİŞLİ ŞALT MALZEMELERİ İÇİN SIKMALI KABLO PABUCU', 'SKP-DG TUBULAR CABLE LUGS FOR SWITCH GEAR CONNECTORS', 9, 'CU', 'Yerli', 'Simpa', 1, 'SKP-DG.jpg', 1, 58);
INSERT INTO products (id, prod_code, title_tr, title_en, category_id, material, origin, brand, has_variant_table, drawing_ref, is_active, sort_order) VALUES (60, 'SKP-E', 'SKP-E EKONOMİK TİP SIKMALI KABLO PABUCU', 'SKP-E ECONOMIC TYPE TUBULAR CABLE LUGS', 9, 'CU', 'Yerli', 'Simpa', 1, 'SKP-Teknik.jpg', 1, 59);
INSERT INTO products (id, prod_code, title_tr, title_en, category_id, material, origin, brand, has_variant_table, drawing_ref, is_active, sort_order) VALUES (61, 'SKP-F', 'SKP-F ÇATAL TİP SIKMALI KABLO PABUCU', 'SKP-F FORK TYPE CABLE LUGS', 9, 'CU', 'Yerli', 'Simpa', 1, 'SKP-F.jpg', 1, 60);
INSERT INTO products (id, prod_code, title_tr, title_en, category_id, material, origin, brand, has_variant_table, drawing_ref, is_active, sort_order) VALUES (62, 'SKP-L45-D', NULL, 'SKP-L45-D DIN 46235 TYPE (D) 45° ANGLED CABLE LUGS', 9, 'CU', 'Yerli', 'Simpa', 1, 'SKP-L45.jpg', 1, 61);
INSERT INTO products (id, prod_code, title_tr, title_en, category_id, material, origin, brand, has_variant_table, drawing_ref, is_active, sort_order) VALUES (63, 'SKP-L45-S', 'SKP-L45-S 45° AÇILI SIKMALI KABLO PABUCU STANDART TİP (S)', 'SKP-L45-S STANDARD TYPE 45° TUBULAR CABLE LUGS', 9, 'CU', 'Yerli', 'Simpa', 1, 'SKP-L45.jpg', 1, 62);
INSERT INTO products (id, prod_code, title_tr, title_en, category_id, material, origin, brand, has_variant_table, drawing_ref, is_active, sort_order) VALUES (64, 'SKP-L45-S1', 'SKP-L45-S1 45° AÇILI SIKMALI KABLO PABUCU EUROPE TİP (S1)', 'SKP-L45-S1 EUROPE TYPE (S1) 45° ANGULAR CABLE LUGS', 9, 'CU', 'Yerli', 'Simpa', 1, 'SKP-L45.jpg', 1, 63);
INSERT INTO products (id, prod_code, title_tr, title_en, category_id, material, origin, brand, has_variant_table, drawing_ref, is_active, sort_order) VALUES (65, 'SKP-L90-D', NULL, 'SKP-L90-D DIN 46235 TYPE (D) 90° ANGLED CABLE LUGS', 9, 'CU', 'Yerli', 'Simpa', 1, 'SKP-L90.jpg', 1, 64);
INSERT INTO products (id, prod_code, title_tr, title_en, category_id, material, origin, brand, has_variant_table, drawing_ref, is_active, sort_order) VALUES (66, 'SKP-L90-S', 'SKP-L90-S 90° AÇILI SIKMALI KABLO PABUCU STANDART TİP (S)', 'SKP-L90-S STANDARD TYPE 90° TUBULAR CABLE LUGS', 9, 'CU', 'Yerli', 'Simpa', 1, 'SKP-L90.jpg', 1, 65);
INSERT INTO products (id, prod_code, title_tr, title_en, category_id, material, origin, brand, has_variant_table, drawing_ref, is_active, sort_order) VALUES (67, 'SKP-L90-S1', 'SKP-L90-S1 90° AÇILI SIKMALI KABLO PABUCU EUROPE TİP (S1)', NULL, 9, 'CU', 'Yerli', 'Simpa', 1, 'SKP-L90.jpg', 1, 66);
INSERT INTO products (id, prod_code, title_tr, title_en, category_id, material, origin, brand, has_variant_table, drawing_ref, is_active, sort_order) VALUES (68, 'SKP-S', 'SKP-S STANDART TİP SIKMALI KABLO PABUCU', 'SKP-S STANDARD TYPE TUBULAR CABLE LUGS', 9, 'CU', 'Yerli', 'Simpa', 1, 'SKP-Teknik.jpg', 1, 67);
INSERT INTO products (id, prod_code, title_tr, title_en, category_id, material, origin, brand, has_variant_table, drawing_ref, is_active, sort_order) VALUES (69, 'SKP-S/GD', 'SKP-S/GD GÖZLEM DELİKLİ SIKMALI KABLO PABUCU', 'SKP-S/GD TUBULAR CABLE LUGS WITH INSPECTION HOLE', 9, 'CU', 'Yerli', 'Simpa', 1, 'SKP-GD.png', 1, 68);
INSERT INTO products (id, prod_code, title_tr, title_en, category_id, material, origin, brand, has_variant_table, drawing_ref, is_active, sort_order) VALUES (70, 'SKP-S1', 'SKP-S1 EUROPE TİP SIKMALI KABLO PABUCU', 'SKP-S1 EUROPE TYPE TUBULAR CABLE LUGS', 9, 'CU', 'Yerli', 'Simpa', 1, 'SKP-Teknik.jpg', 1, 69);
INSERT INTO products (id, prod_code, title_tr, title_en, category_id, material, origin, brand, has_variant_table, drawing_ref, is_active, sort_order) VALUES (71, 'SKP-S2', 'SKP-S2 SIKMALI KABLO PABUCU', 'SKP-S2 LONG BARREL TUBULAR CABLE LUGS', 9, 'CU', 'Yerli', 'Simpa', 1, 'SKP-Teknik.jpg', 1, 70);
INSERT INTO products (id, prod_code, title_tr, title_en, category_id, material, origin, brand, has_variant_table, drawing_ref, is_active, sort_order) VALUES (72, 'SKP-S3', 'SKP-S3 SIKMALI KABLO PABUCU', 'SKP-S3 LONG BARREL TUBULAR CABLE LUGS', 9, 'CU', 'Yerli', 'Simpa', 1, 'SKP-Teknik.jpg', 1, 71);
INSERT INTO product_specs (product_id, attr_key, value_tr, value_en) VALUES (9, 'SIKMA_ARALIGI', '6 - 300mm²', '6 - 300mm²');
INSERT INTO product_specs (product_id, attr_key, value_tr, value_en) VALUES (9, 'UZUNLUK', '500mm', '500mm');
INSERT INTO product_specs (product_id, attr_key, value_tr, value_en) VALUES (9, 'AGIRLIK', '3.7 kg', '3.7 kg');
INSERT INTO product_specs (product_id, attr_key, value_tr, value_en) VALUES (9, 'SIKMA_SEKLI', 'Altıgen', 'Hexagonal');
INSERT INTO product_specs (product_id, attr_key, value_tr, value_en) VALUES (9, 'OZELLIKLER', '“SP-6T” sıkma çenesi serileriyle uyumludur.
Ürünün sıkma başlığı döndürülebilir.
Gerektiğinde sıkma işlemini durdurmak için manuel olarak geri çekilebilir.
Ürünün kolları alüminyum alaşımdır ve hafif bir kullanım sunar.', 'Compatible with “SP-6T” crimping die series.
The crimping head of the product is rotatable.
It can be manually retracted to stop the crimping process when necessary.
The handles are made of aluminium alloy and offer lightweight use.');
INSERT INTO product_specs (product_id, attr_key, value_tr, value_en) VALUES (9, 'SIKMA_KUVVETI', '60 kN', '60 kN');
INSERT INTO product_specs (product_id, attr_key, value_tr, value_en) VALUES (9, 'AGIZ_ACIKLIGI', '17mm', '17mm');
INSERT INTO product_specs (product_id, attr_key, value_tr, value_en) VALUES (10, 'SIKMA_ARALIGI', '16 - 400mm²', '16 - 400mm²');
INSERT INTO product_specs (product_id, attr_key, value_tr, value_en) VALUES (10, 'UZUNLUK', '640mm', '640mm');
INSERT INTO product_specs (product_id, attr_key, value_tr, value_en) VALUES (10, 'AGIRLIK', '6.3 kg', '6.3 kg');
INSERT INTO product_specs (product_id, attr_key, value_tr, value_en) VALUES (10, 'SIKMA_SEKLI', 'Altıgen', 'Hexagonal');
INSERT INTO product_specs (product_id, attr_key, value_tr, value_en) VALUES (10, 'OZELLIKLER', '“SP-13T” sıkma çenesi serileriyle uyumludur.
Ürünün sıkma başlığı döndürülebilir.
Gerektiğinde sıkma işlemini durdurmak için manuel olarak geri çekilebilir.
Ürünün kolları fiberglas malzemeden üretilmiştir.', 'Compatible with “SP-13T” crimping die series.
The crimping head of the product is rotatable.
It can be manually retracted to stop the crimping process when necessary.
The handles are made of glassfiber.');
INSERT INTO product_specs (product_id, attr_key, value_tr, value_en) VALUES (10, 'SIKMA_KUVVETI', '130 kN', '130 kN');
INSERT INTO product_specs (product_id, attr_key, value_tr, value_en) VALUES (10, 'AGIZ_ACIKLIGI', '38mm', '38mm');
INSERT INTO product_specs (product_id, attr_key, value_tr, value_en) VALUES (11, 'MATERYAL', 'Polyamide 6.6', 'Polyamide 6.6');
INSERT INTO product_specs (product_id, attr_key, value_tr, value_en) VALUES (11, 'CALISMA_SICAKLIGI', '-40℃, +85℃', '-40℃, +85℃');
INSERT INTO product_specs (product_id, attr_key, value_tr, value_en) VALUES (12, 'MATERYAL', 'Polyamide 6.6', 'Polyamide 6.6');
INSERT INTO product_specs (product_id, attr_key, value_tr, value_en) VALUES (12, 'CALISMA_SICAKLIGI', '-40℃, +85℃', '-40℃, +85℃');
INSERT INTO product_specs (product_id, attr_key, value_tr, value_en) VALUES (13, 'MATERYAL', 'Polyamide 6.6', 'Polyamide 6.6');
INSERT INTO product_specs (product_id, attr_key, value_tr, value_en) VALUES (13, 'CALISMA_SICAKLIGI', '-40℃, +85℃', '-40℃, +85℃');
INSERT INTO product_specs (product_id, attr_key, value_tr, value_en) VALUES (14, 'MATERYAL', 'Polyamide 6.6', 'Polyamide 6.6');
INSERT INTO product_specs (product_id, attr_key, value_tr, value_en) VALUES (14, 'CALISMA_SICAKLIGI', '-40℃, +85℃', '-40℃, +85℃');
INSERT INTO product_specs (product_id, attr_key, value_tr, value_en) VALUES (15, 'UZUNLUK', '600mm', '600mm');
INSERT INTO product_specs (product_id, attr_key, value_tr, value_en) VALUES (15, 'AGIRLIK', '1.70 kg', '1.70 kg');
INSERT INTO product_specs (product_id, attr_key, value_tr, value_en) VALUES (15, 'KESME_ARALIGI', 'Ø 0–28 mm / 240 mm²’ye kadar', 'Ø 0–28 mm / up to 240 mm²');
INSERT INTO product_specs (product_id, attr_key, value_tr, value_en) VALUES (15, 'SPECIAL_NOTE', '**Çelik ve zırhlı kablolar için uygun değildir.', '**Not suitable for steel and armoured cables.');
INSERT INTO product_specs (product_id, attr_key, value_tr, value_en) VALUES (16, 'UZUNLUK', '240mm', '240mm');
INSERT INTO product_specs (product_id, attr_key, value_tr, value_en) VALUES (16, 'AGIRLIK', '0.45 kg', '0.45 kg');
INSERT INTO product_specs (product_id, attr_key, value_tr, value_en) VALUES (16, 'KESME_ARALIGI', 'Ø 0–12 mm / 50 mm²’ye kadar', 'Ø 0–12 mm / up to 50 mm²');
INSERT INTO product_specs (product_id, attr_key, value_tr, value_en) VALUES (16, 'SPECIAL_NOTE', '**Çelik ve zırhlı kablolar için uygun değildir.', '**Not suitable for steel and armoured cables.');
INSERT INTO product_specs (product_id, attr_key, value_tr, value_en) VALUES (17, 'UZUNLUK', '320mm', '320mm');
INSERT INTO product_specs (product_id, attr_key, value_tr, value_en) VALUES (17, 'AGIRLIK', '0.70 kg', '0.70 kg');
INSERT INTO product_specs (product_id, attr_key, value_tr, value_en) VALUES (17, 'KESME_ARALIGI', 'Ø 0–18 mm / 95 mm²’ye kadar', 'Ø 0–18 mm / up to 95 mm²');
INSERT INTO product_specs (product_id, attr_key, value_tr, value_en) VALUES (17, 'SPECIAL_NOTE', '**Çelik ve zırhlı kablolar için uygun değildir.', '**Not suitable for steel and armoured cables.');
INSERT INTO product_specs (product_id, attr_key, value_tr, value_en) VALUES (18, 'UZUNLUK', '800mm', '800mm');
INSERT INTO product_specs (product_id, attr_key, value_tr, value_en) VALUES (18, 'AGIRLIK', '2.70 kg', '2.70 kg');
INSERT INTO product_specs (product_id, attr_key, value_tr, value_en) VALUES (18, 'KESME_ARALIGI', 'Ø 0–40 mm / 500 mm²’ye kadar', 'Ø 0–40 mm / up to 500 mm²');
INSERT INTO product_specs (product_id, attr_key, value_tr, value_en) VALUES (18, 'SPECIAL_NOTE', '**Çelik ve zırhlı kablolar için uygun değildir.', '**Not suitable for steel and armoured cables.');
INSERT INTO product_specs (product_id, attr_key, value_tr, value_en) VALUES (19, 'UZUNLUK', '240 - 300mm', '240 - 300mm');
INSERT INTO product_specs (product_id, attr_key, value_tr, value_en) VALUES (19, 'AGIRLIK', '1.13 kg', '1.13 kg');
INSERT INTO product_specs (product_id, attr_key, value_tr, value_en) VALUES (19, 'OZELLIKLER', 'Tek el ve çift el ile kullanıma uygundur
Ürünün kolları teleskopik olarak uzayabilmektedir.', 'Suitable for use with both single-hand and two-hand usage.
The handles can extend telescopically.');
INSERT INTO product_specs (product_id, attr_key, value_tr, value_en) VALUES (19, 'KESME_ARALIGI', 'Ø 0–40 mm / 500 mm²’ye kadar', 'Ø 0–40 mm / up to500 mm²');
INSERT INTO product_specs (product_id, attr_key, value_tr, value_en) VALUES (19, 'SPECIAL_NOTE', '**Çelik ve zırhlı kablolar için uygun değildir.', '**Not suitable for steel and armoured cables.');
INSERT INTO product_specs (product_id, attr_key, value_tr, value_en) VALUES (20, 'MATERYAL', 'Bakır', 'Copper');
INSERT INTO product_specs (product_id, attr_key, value_tr, value_en) VALUES (20, 'KAPLAMA', 'Kalay', 'Tin Plated');
INSERT INTO product_specs (product_id, attr_key, value_tr, value_en) VALUES (20, 'IZOLASYON', 'Naylon', 'Nylon');
INSERT INTO product_specs (product_id, attr_key, value_tr, value_en) VALUES (21, 'MATERYAL', 'Pirinç', 'Brass');
INSERT INTO product_specs (product_id, attr_key, value_tr, value_en) VALUES (21, 'KAPLAMA', 'Kalay', 'Tin Plated');
INSERT INTO product_specs (product_id, attr_key, value_tr, value_en) VALUES (21, 'IZOLASYON', 'PVC', 'PVC');
INSERT INTO product_specs (product_id, attr_key, value_tr, value_en) VALUES (22, 'MATERYAL', 'Pirinç', 'Brass');
INSERT INTO product_specs (product_id, attr_key, value_tr, value_en) VALUES (22, 'KAPLAMA', 'Kalay', 'Tin Plated');
INSERT INTO product_specs (product_id, attr_key, value_tr, value_en) VALUES (22, 'IZOLASYON', 'PVC', 'PVC');
INSERT INTO product_specs (product_id, attr_key, value_tr, value_en) VALUES (23, 'MATERYAL', 'Pirinç', 'Brass');
INSERT INTO product_specs (product_id, attr_key, value_tr, value_en) VALUES (23, 'KAPLAMA', 'Kalay', 'Tin Plated');
INSERT INTO product_specs (product_id, attr_key, value_tr, value_en) VALUES (23, 'IZOLASYON', 'PVC', 'PVC');
INSERT INTO product_specs (product_id, attr_key, value_tr, value_en) VALUES (24, 'MATERYAL', 'Pirinç', 'Brass');
INSERT INTO product_specs (product_id, attr_key, value_tr, value_en) VALUES (24, 'KAPLAMA', 'Kalay', 'Tin Plated');
INSERT INTO product_specs (product_id, attr_key, value_tr, value_en) VALUES (24, 'IZOLASYON', 'PVC', 'PVC');
INSERT INTO product_specs (product_id, attr_key, value_tr, value_en) VALUES (25, 'MATERYAL', 'Pirinç', 'Brass');
INSERT INTO product_specs (product_id, attr_key, value_tr, value_en) VALUES (25, 'KAPLAMA', 'Kalay', 'Tin Plated');
INSERT INTO product_specs (product_id, attr_key, value_tr, value_en) VALUES (25, 'IZOLASYON', 'PVC', 'PVC');
INSERT INTO product_specs (product_id, attr_key, value_tr, value_en) VALUES (26, 'MATERYAL', 'Bakır', 'Copper');
INSERT INTO product_specs (product_id, attr_key, value_tr, value_en) VALUES (26, 'KAPLAMA', 'Kalay', 'Tin Plated');
INSERT INTO product_specs (product_id, attr_key, value_tr, value_en) VALUES (26, 'IZOLASYON', 'PVC', 'PVC');
INSERT INTO product_specs (product_id, attr_key, value_tr, value_en) VALUES (27, 'MATERYAL', 'Pirinç', 'Brass');
INSERT INTO product_specs (product_id, attr_key, value_tr, value_en) VALUES (27, 'KAPLAMA', 'Kalay', 'Tin Plated');
INSERT INTO product_specs (product_id, attr_key, value_tr, value_en) VALUES (27, 'IZOLASYON', 'PVC', 'PVC');
INSERT INTO product_specs (product_id, attr_key, value_tr, value_en) VALUES (28, 'MATERYAL', 'Bakır', 'Copper');
INSERT INTO product_specs (product_id, attr_key, value_tr, value_en) VALUES (28, 'KAPLAMA', 'Kalay', 'Tin Plated');
INSERT INTO product_specs (product_id, attr_key, value_tr, value_en) VALUES (28, 'IZOLASYON', 'PVC', 'PVC');
INSERT INTO product_specs (product_id, attr_key, value_tr, value_en) VALUES (29, 'MATERYAL', 'Bakır', 'Copper');
INSERT INTO product_specs (product_id, attr_key, value_tr, value_en) VALUES (29, 'KAPLAMA', 'Kalay', 'Tin Plated');
INSERT INTO product_specs (product_id, attr_key, value_tr, value_en) VALUES (29, 'DIN_NORMU', '46228', '46228');
INSERT INTO product_specs (product_id, attr_key, value_tr, value_en) VALUES (29, 'IZOLASYON', 'Naylon', 'Nylon');
INSERT INTO product_specs (product_id, attr_key, value_tr, value_en) VALUES (30, 'MATERYAL', 'Bakır', 'Copper');
INSERT INTO product_specs (product_id, attr_key, value_tr, value_en) VALUES (30, 'KAPLAMA', 'Kalay', 'Tin Plated');
INSERT INTO product_specs (product_id, attr_key, value_tr, value_en) VALUES (30, 'IZOLASYON', 'Naylon', 'Nylon');
INSERT INTO product_specs (product_id, attr_key, value_tr, value_en) VALUES (31, 'MATERYAL', 'Bakır', 'Copper');
INSERT INTO product_specs (product_id, attr_key, value_tr, value_en) VALUES (31, 'KAPLAMA', 'Kalay', 'Tin Plated');
INSERT INTO product_specs (product_id, attr_key, value_tr, value_en) VALUES (32, 'MATERYAL', 'Bakır', 'Copper');
INSERT INTO product_specs (product_id, attr_key, value_tr, value_en) VALUES (32, 'KAPLAMA', 'Kalay', 'Tin Plated');
INSERT INTO product_specs (product_id, attr_key, value_tr, value_en) VALUES (32, 'IZOLASYON', 'Naylon', 'Nylon');
INSERT INTO product_specs (product_id, attr_key, value_tr, value_en) VALUES (33, 'SIKMA_ARALIGI', '35 - 150mm²', '35 - 150mm²');
INSERT INTO product_specs (product_id, attr_key, value_tr, value_en) VALUES (33, 'UZUNLUK', '630mm', '630mm');
INSERT INTO product_specs (product_id, attr_key, value_tr, value_en) VALUES (33, 'AGIRLIK', '6 kg', '6 kg');
INSERT INTO product_specs (product_id, attr_key, value_tr, value_en) VALUES (33, 'SIKMA_SEKLI', 'Altıgen', 'Hexagon');
INSERT INTO product_specs (product_id, attr_key, value_tr, value_en) VALUES (34, 'SIKMA_ARALIGI', '35 - 150mm²', '35 - 150mm²');
INSERT INTO product_specs (product_id, attr_key, value_tr, value_en) VALUES (34, 'UZUNLUK', '630mm', '630mm');
INSERT INTO product_specs (product_id, attr_key, value_tr, value_en) VALUES (34, 'AGIRLIK', '6 kg', '6 kg');
INSERT INTO product_specs (product_id, attr_key, value_tr, value_en) VALUES (34, 'SIKMA_SEKLI', 'Altıgen', 'Hexagon');
INSERT INTO product_specs (product_id, attr_key, value_tr, value_en) VALUES (35, 'SIKMA_ARALIGI', '6 - 50mm²', '6 - 50mm²');
INSERT INTO product_specs (product_id, attr_key, value_tr, value_en) VALUES (35, 'UZUNLUK', '400mm', '400mm');
INSERT INTO product_specs (product_id, attr_key, value_tr, value_en) VALUES (35, 'AGIRLIK', '1.45 kg', '1.45 kg');
INSERT INTO product_specs (product_id, attr_key, value_tr, value_en) VALUES (35, 'SIKMA_SEKLI', 'Altıgen', 'Hexagon');
INSERT INTO product_specs (product_id, attr_key, value_tr, value_en) VALUES (36, 'SIKMA_ARALIGI', '6 - 50mm²', '6 - 50mm²');
INSERT INTO product_specs (product_id, attr_key, value_tr, value_en) VALUES (36, 'UZUNLUK', '400mm', '400mm');
INSERT INTO product_specs (product_id, attr_key, value_tr, value_en) VALUES (36, 'AGIRLIK', '1.45 kg', '1.45 kg');
INSERT INTO product_specs (product_id, attr_key, value_tr, value_en) VALUES (36, 'SIKMA_SEKLI', 'Altıgen', 'Hexagon');
INSERT INTO product_specs (product_id, attr_key, value_tr, value_en) VALUES (37, 'SIKMA_ARALIGI', '6 - 50mm²', '6 - 50mm²');
INSERT INTO product_specs (product_id, attr_key, value_tr, value_en) VALUES (37, 'UZUNLUK', '400mm', '400mm');
INSERT INTO product_specs (product_id, attr_key, value_tr, value_en) VALUES (37, 'AGIRLIK', '1.45 kg', '1.45 kg');
INSERT INTO product_specs (product_id, attr_key, value_tr, value_en) VALUES (37, 'SIKMA_SEKLI', 'Altıgen', 'Hexagon');
INSERT INTO product_specs (product_id, attr_key, value_tr, value_en) VALUES (38, 'OZELLIKLER', 'DIN 46235 tip Cu kablo pabuçları ve ek mufları', 'DIN 46235 type Cu cable lugs and connector');
INSERT INTO product_specs (product_id, attr_key, value_tr, value_en) VALUES (39, 'OZELLIKLER', 'Standart tip Cu kablo pabuçları ve ek mufları', 'Standard type Cu cable lugs and connectors');
INSERT INTO product_specs (product_id, attr_key, value_tr, value_en) VALUES (40, 'OZELLIKLER', 'DIN 46329 tip Al kablo pabuçları ve ek mufları', 'DIN 46329 type Al cable lugs and connectors');
INSERT INTO product_specs (product_id, attr_key, value_tr, value_en) VALUES (41, 'OZELLIKLER', 'Bimetal kablo pabuçları ve ek mufları', 'Bimetallic cable lugs and connectors');
INSERT INTO product_specs (product_id, attr_key, value_tr, value_en) VALUES (42, 'OZELLIKLER', 'DIN 46235 tip Cu kablo pabuçları ve ek mufları', 'DIN 46235 type Cu cable lugs and connectors');
INSERT INTO product_specs (product_id, attr_key, value_tr, value_en) VALUES (43, 'OZELLIKLER', 'Standart tip Cu kablo pabuçları ve ek mufları', 'Standard type Cu cable lugs and connectors');
INSERT INTO product_specs (product_id, attr_key, value_tr, value_en) VALUES (44, 'MATERYAL', 'Elektrolitik Alüminyum', 'Electrolytic Aluminium');
INSERT INTO product_specs (product_id, attr_key, value_tr, value_en) VALUES (44, 'KAPLAMA', 'Doğal Parlak', 'Natural Bright');
INSERT INTO product_specs (product_id, attr_key, value_tr, value_en) VALUES (44, 'BAGLANTI', 'Sıkma', 'Clamp Coupling');
INSERT INTO product_specs (product_id, attr_key, value_tr, value_en) VALUES (44, 'DIN_NORMU', '46267-2', '46267-2');
INSERT INTO product_specs (product_id, attr_key, value_tr, value_en) VALUES (45, 'MATERYAL', 'Elektrolitik Bakır / Alüminyum', 'Electrolytic Copper / Aluminium');
INSERT INTO product_specs (product_id, attr_key, value_tr, value_en) VALUES (45, 'KAPLAMA', 'Doğal Parlak', 'Natural Bright');
INSERT INTO product_specs (product_id, attr_key, value_tr, value_en) VALUES (45, 'BAGLANTI', 'Sıkma', 'Clamp Coupling');
INSERT INTO product_specs (product_id, attr_key, value_tr, value_en) VALUES (46, 'MATERYAL', 'Elektrolitik Bakır / Alüminyum', 'Electrolytic Copper / Aluminium');
INSERT INTO product_specs (product_id, attr_key, value_tr, value_en) VALUES (46, 'KAPLAMA', 'Doğal Parlak', 'Natural Bright');
INSERT INTO product_specs (product_id, attr_key, value_tr, value_en) VALUES (46, 'BAGLANTI', 'Sıkma', 'Clamp Coupling');
INSERT INTO product_specs (product_id, attr_key, value_tr, value_en) VALUES (47, 'MATERYAL', 'EN 13600 Elektrolitik Bakır', 'Electrolytic Copper EN 13600');
INSERT INTO product_specs (product_id, attr_key, value_tr, value_en) VALUES (47, 'KAPLAMA', 'Kalay', 'Tin Plated');
INSERT INTO product_specs (product_id, attr_key, value_tr, value_en) VALUES (47, 'BAGLANTI', 'Sıkma / Lehim', 'Clamp Coupling');
INSERT INTO product_specs (product_id, attr_key, value_tr, value_en) VALUES (47, 'BORU_ET_KALINLIGI', 'Kalın', 'Thick');
INSERT INTO product_specs (product_id, attr_key, value_tr, value_en) VALUES (48, 'MATERYAL', 'EN 13600 Elektrolitik Bakır', 'Electrolytic Copper EN 13600');
INSERT INTO product_specs (product_id, attr_key, value_tr, value_en) VALUES (48, 'KAPLAMA', 'Kalay', 'Tin Plated');
INSERT INTO product_specs (product_id, attr_key, value_tr, value_en) VALUES (48, 'BAGLANTI', 'Sıkma / Lehim', 'Clamp Coupling');
INSERT INTO product_specs (product_id, attr_key, value_tr, value_en) VALUES (48, 'DIN_NORMU', '46267', '46267');
INSERT INTO product_specs (product_id, attr_key, value_tr, value_en) VALUES (49, 'MATERYAL', 'EN 13600 Elektrolitik Bakır', 'Electrolytic Copper EN 13600');
INSERT INTO product_specs (product_id, attr_key, value_tr, value_en) VALUES (49, 'KAPLAMA', 'Kalay', 'Tin Plated');
INSERT INTO product_specs (product_id, attr_key, value_tr, value_en) VALUES (49, 'BAGLANTI', 'Sıkma', 'Clamp Coupling');
INSERT INTO product_specs (product_id, attr_key, value_tr, value_en) VALUES (49, 'BORU_ET_KALINLIGI', 'Çok Kalın', 'Very Thick');
INSERT INTO product_specs (product_id, attr_key, value_tr, value_en) VALUES (50, 'MATERYAL', 'Pirinç', 'Brass');
INSERT INTO product_specs (product_id, attr_key, value_tr, value_en) VALUES (50, 'KAPLAMA', 'Kalay', 'Tin Plated');
INSERT INTO product_specs (product_id, attr_key, value_tr, value_en) VALUES (50, 'IZOLASYON', 'PVC', 'PVC');
INSERT INTO product_specs (product_id, attr_key, value_tr, value_en) VALUES (51, 'MATERYAL', 'Elektrolitik Alüminyum', 'Electrolytic Aluminium');
INSERT INTO product_specs (product_id, attr_key, value_tr, value_en) VALUES (51, 'KAPLAMA', 'Doğal Parlak', 'Natural Bright');
INSERT INTO product_specs (product_id, attr_key, value_tr, value_en) VALUES (51, 'BAGLANTI', 'Sıkma', 'Clamp Coupling');
INSERT INTO product_specs (product_id, attr_key, value_tr, value_en) VALUES (51, 'DIN_NORMU', '46329', '46329');
INSERT INTO product_specs (product_id, attr_key, value_tr, value_en) VALUES (52, 'MATERYAL', 'Elektrolitik Alüminyum', 'Electrolytic Aluminium');
INSERT INTO product_specs (product_id, attr_key, value_tr, value_en) VALUES (52, 'KAPLAMA', 'Doğal Parlak', 'Natural Bright');
INSERT INTO product_specs (product_id, attr_key, value_tr, value_en) VALUES (52, 'BAGLANTI', 'Sıkma', 'Clamp Coupling');
INSERT INTO product_specs (product_id, attr_key, value_tr, value_en) VALUES (52, 'DIN_NORMU', '46329', '46329');
INSERT INTO product_specs (product_id, attr_key, value_tr, value_en) VALUES (53, 'MATERYAL', 'Elektrolitik Alüminyum', 'Electrolytic Aluminium');
INSERT INTO product_specs (product_id, attr_key, value_tr, value_en) VALUES (53, 'KAPLAMA', 'Doğal Parlak', 'Natural Bright');
INSERT INTO product_specs (product_id, attr_key, value_tr, value_en) VALUES (53, 'BAGLANTI', 'Sıkma', 'Clamp Coupling');
INSERT INTO product_specs (product_id, attr_key, value_tr, value_en) VALUES (53, 'DIN_NORMU', '46329', '46329');
INSERT INTO product_specs (product_id, attr_key, value_tr, value_en) VALUES (54, 'MATERYAL', 'Elektrolitik Bakır / Alüminyum', 'Electrolytic Copper / Aluminium');
INSERT INTO product_specs (product_id, attr_key, value_tr, value_en) VALUES (54, 'KAPLAMA', 'Doğal Parlak', 'Natural Bright');
INSERT INTO product_specs (product_id, attr_key, value_tr, value_en) VALUES (54, 'BAGLANTI', 'Sıkma', 'Clamp Coupling');
INSERT INTO product_specs (product_id, attr_key, value_tr, value_en) VALUES (54, 'DIN_NORMU', '48201 AL Kablo / 46329 Boru', '48201 AL Cable / 46329 tube');
INSERT INTO product_specs (product_id, attr_key, value_tr, value_en) VALUES (55, 'MATERYAL', 'EN 13600 Elektrolitik Bakır', 'Electrolytic Copper EN 13600');
INSERT INTO product_specs (product_id, attr_key, value_tr, value_en) VALUES (55, 'KAPLAMA', 'Kalay', 'Tin Plated');
INSERT INTO product_specs (product_id, attr_key, value_tr, value_en) VALUES (55, 'BAGLANTI', 'Sıkma veya Lehim', 'Clamp Coupling / Solder');
INSERT INTO product_specs (product_id, attr_key, value_tr, value_en) VALUES (55, 'BORU_ET_KALINLIGI', 'Kalın', 'Thick');
INSERT INTO product_specs (product_id, attr_key, value_tr, value_en) VALUES (55, 'KABLO_GIRISI', 'Normal', 'Standard');
INSERT INTO product_specs (product_id, attr_key, value_tr, value_en) VALUES (56, 'MATERYAL', 'EN 13600 Elektrolitik Bakır', 'Electrolytic Copper EN 13600');
INSERT INTO product_specs (product_id, attr_key, value_tr, value_en) VALUES (56, 'KAPLAMA', 'Kalay', 'Tin Plated');
INSERT INTO product_specs (product_id, attr_key, value_tr, value_en) VALUES (56, 'BAGLANTI', 'Sıkma', 'Clamp Coupling');
INSERT INTO product_specs (product_id, attr_key, value_tr, value_en) VALUES (56, 'BORU_ET_KALINLIGI', 'Çok Kalın', 'Very Thick');
INSERT INTO product_specs (product_id, attr_key, value_tr, value_en) VALUES (56, 'KABLO_GIRISI', 'Uzun', 'Long');
INSERT INTO product_specs (product_id, attr_key, value_tr, value_en) VALUES (56, 'SPECIAL_NOTE', '**TALEP EDİLMESİ DURUMUNDA 45 VE 90 DERECE ÜRETİMIMİZ BULUNMAKTADIR.', '**UPON REQUEST, IT IS AVAILABLE IN 45 & 95 DEGREES.');
INSERT INTO product_specs (product_id, attr_key, value_tr, value_en) VALUES (57, 'MATERYAL', 'EN 13600 Elektrolitik Bakır', 'Electrolytic Copper EN 13600');
INSERT INTO product_specs (product_id, attr_key, value_tr, value_en) VALUES (57, 'KAPLAMA', 'Kalay', 'Tin Plated');
INSERT INTO product_specs (product_id, attr_key, value_tr, value_en) VALUES (57, 'BAGLANTI', 'Sıkma', 'Clamp Coupling');
INSERT INTO product_specs (product_id, attr_key, value_tr, value_en) VALUES (57, 'DIN_NORMU', '46235', '46235');
INSERT INTO product_specs (product_id, attr_key, value_tr, value_en) VALUES (58, 'MATERYAL', 'E-CU Bakır', 'E-CU Copper');
INSERT INTO product_specs (product_id, attr_key, value_tr, value_en) VALUES (58, 'KAPLAMA', 'Kalay', 'Tin Plated');
INSERT INTO product_specs (product_id, attr_key, value_tr, value_en) VALUES (58, 'BAGLANTI', 'Sıkma', 'Clamp Coupling');
INSERT INTO product_specs (product_id, attr_key, value_tr, value_en) VALUES (58, 'DIN_NORMU', '46234', '46234');
INSERT INTO product_specs (product_id, attr_key, value_tr, value_en) VALUES (59, 'MATERYAL', 'EN 13600 Elektrolitik Bakır', 'Electrolytic Copper EN 13600');
INSERT INTO product_specs (product_id, attr_key, value_tr, value_en) VALUES (59, 'KAPLAMA', 'Kalay', 'Tin Plated');
INSERT INTO product_specs (product_id, attr_key, value_tr, value_en) VALUES (59, 'BAGLANTI', 'Sıkma / Dar Girişli', 'Clamp Coupling / For Reduced Connecting');
INSERT INTO product_specs (product_id, attr_key, value_tr, value_en) VALUES (59, 'BORU_ET_KALINLIGI', 'Çok Kalın', 'Very Thick');
INSERT INTO product_specs (product_id, attr_key, value_tr, value_en) VALUES (59, 'KABLO_GIRISI', 'Çok Uzun', 'Very Long');
INSERT INTO product_specs (product_id, attr_key, value_tr, value_en) VALUES (60, 'MATERYAL', 'EN 13600 Elektrolitik Bakır', 'Electrolytic Copper EN 13600');
INSERT INTO product_specs (product_id, attr_key, value_tr, value_en) VALUES (60, 'KAPLAMA', 'Kalay', 'Tin Plated');
INSERT INTO product_specs (product_id, attr_key, value_tr, value_en) VALUES (60, 'BAGLANTI', 'Sıkma', 'Clamp Coupling');
INSERT INTO product_specs (product_id, attr_key, value_tr, value_en) VALUES (60, 'BORU_ET_KALINLIGI', 'Orta', 'Medium');
INSERT INTO product_specs (product_id, attr_key, value_tr, value_en) VALUES (60, 'KABLO_GIRISI', 'Normal', 'Standard');
INSERT INTO product_specs (product_id, attr_key, value_tr, value_en) VALUES (61, 'MATERYAL', 'EN 13600 Elektrolitik Bakır', 'Electrolytic Copper EN 13600');
INSERT INTO product_specs (product_id, attr_key, value_tr, value_en) VALUES (61, 'KAPLAMA', 'Kalay', 'Tin Plated');
INSERT INTO product_specs (product_id, attr_key, value_tr, value_en) VALUES (61, 'BAGLANTI', 'Sıkma', 'Clamp Coupling');
INSERT INTO product_specs (product_id, attr_key, value_tr, value_en) VALUES (61, 'KABLO_GIRISI', 'Normal', 'Standard');
INSERT INTO product_specs (product_id, attr_key, value_tr, value_en) VALUES (62, 'MATERYAL', 'EN 13600 Elektrolitik Bakır', 'Electrolytic Copper EN 13600');
INSERT INTO product_specs (product_id, attr_key, value_tr, value_en) VALUES (62, 'KAPLAMA', 'Kalay', 'Tin Plated');
INSERT INTO product_specs (product_id, attr_key, value_tr, value_en) VALUES (62, 'BAGLANTI', 'Sıkma', 'Clamp Coupling');
INSERT INTO product_specs (product_id, attr_key, value_tr, value_en) VALUES (62, 'BORU_ET_KALINLIGI', 'Kalın', 'Thick');
INSERT INTO product_specs (product_id, attr_key, value_tr, value_en) VALUES (62, 'KABLO_GIRISI', 'Uzun', 'Long');
INSERT INTO product_specs (product_id, attr_key, value_tr, value_en) VALUES (63, 'MATERYAL', 'EN 13600 Elektrolitik Bakır', 'Electrolytic Copper EN 13600');
INSERT INTO product_specs (product_id, attr_key, value_tr, value_en) VALUES (63, 'KAPLAMA', 'Kalay', 'Tin Plated');
INSERT INTO product_specs (product_id, attr_key, value_tr, value_en) VALUES (63, 'BAGLANTI', 'Sıkma', 'Clamp Coupling');
INSERT INTO product_specs (product_id, attr_key, value_tr, value_en) VALUES (63, 'BORU_ET_KALINLIGI', 'Kalın', 'Thick');
INSERT INTO product_specs (product_id, attr_key, value_tr, value_en) VALUES (63, 'KABLO_GIRISI', 'Uzun', 'Long');
INSERT INTO product_specs (product_id, attr_key, value_tr, value_en) VALUES (64, 'MATERYAL', 'EN 13600 Elektrolitik Bakır', 'Electrolytic Copper EN 13600');
INSERT INTO product_specs (product_id, attr_key, value_tr, value_en) VALUES (64, 'KAPLAMA', 'Kalay', 'Tin Plated');
INSERT INTO product_specs (product_id, attr_key, value_tr, value_en) VALUES (64, 'BAGLANTI', 'Sıkma', 'Clamp Coupling');
INSERT INTO product_specs (product_id, attr_key, value_tr, value_en) VALUES (64, 'BORU_ET_KALINLIGI', 'Çok Kalın', 'Very Thick');
INSERT INTO product_specs (product_id, attr_key, value_tr, value_en) VALUES (64, 'KABLO_GIRISI', 'Uzun', 'Long');
INSERT INTO product_specs (product_id, attr_key, value_tr, value_en) VALUES (65, 'MATERYAL', 'EN 13600 Elektrolitik Bakır', 'Electrolytic Copper EN 13600');
INSERT INTO product_specs (product_id, attr_key, value_tr, value_en) VALUES (65, 'KAPLAMA', 'Kalay', 'Tin Plated');
INSERT INTO product_specs (product_id, attr_key, value_tr, value_en) VALUES (65, 'BAGLANTI', 'Sıkma', 'Clamp Coupling');
INSERT INTO product_specs (product_id, attr_key, value_tr, value_en) VALUES (65, 'BORU_ET_KALINLIGI', 'Kalın', 'Thick');
INSERT INTO product_specs (product_id, attr_key, value_tr, value_en) VALUES (65, 'KABLO_GIRISI', 'Uzun', 'Long');
INSERT INTO product_specs (product_id, attr_key, value_tr, value_en) VALUES (66, 'MATERYAL', 'EN 13600 Elektrolitik Bakır', 'Electrolytic Copper EN 13600');
INSERT INTO product_specs (product_id, attr_key, value_tr, value_en) VALUES (66, 'KAPLAMA', 'Kalay', 'Tin Plated');
INSERT INTO product_specs (product_id, attr_key, value_tr, value_en) VALUES (66, 'BAGLANTI', 'Sıkma', 'Clamp Coupling');
INSERT INTO product_specs (product_id, attr_key, value_tr, value_en) VALUES (66, 'BORU_ET_KALINLIGI', 'Kalın', 'Thick');
INSERT INTO product_specs (product_id, attr_key, value_tr, value_en) VALUES (66, 'KABLO_GIRISI', 'Uzun', 'Long');
INSERT INTO product_specs (product_id, attr_key, value_tr, value_en) VALUES (67, 'MATERYAL', 'EN 13600 Elektrolitik Bakır', 'Electrolytic Copper EN 13600');
INSERT INTO product_specs (product_id, attr_key, value_tr, value_en) VALUES (67, 'KAPLAMA', 'Kalay', 'Tin Plated');
INSERT INTO product_specs (product_id, attr_key, value_tr, value_en) VALUES (67, 'BAGLANTI', 'Sıkma', 'Clamp Coupling');
INSERT INTO product_specs (product_id, attr_key, value_tr, value_en) VALUES (67, 'BORU_ET_KALINLIGI', 'Çok Kalın', 'Very Thick');
INSERT INTO product_specs (product_id, attr_key, value_tr, value_en) VALUES (67, 'KABLO_GIRISI', 'Uzun', 'Long');
INSERT INTO product_specs (product_id, attr_key, value_tr, value_en) VALUES (68, 'MATERYAL', 'EN 13600 Elektrolitik Bakır', 'Electrolytic Copper EN 13600');
INSERT INTO product_specs (product_id, attr_key, value_tr, value_en) VALUES (68, 'KAPLAMA', 'Kalay', 'Tin Plated');
INSERT INTO product_specs (product_id, attr_key, value_tr, value_en) VALUES (68, 'BAGLANTI', 'Sıkma', 'Clamp Coupling');
INSERT INTO product_specs (product_id, attr_key, value_tr, value_en) VALUES (68, 'BORU_ET_KALINLIGI', 'Kalın', 'Thick');
INSERT INTO product_specs (product_id, attr_key, value_tr, value_en) VALUES (68, 'KABLO_GIRISI', 'Normal', 'Standard');
INSERT INTO product_specs (product_id, attr_key, value_tr, value_en) VALUES (69, 'MATERYAL', 'EN 13600 Elektrolitik Bakır', 'Electrolytic Copper EN 13600');
INSERT INTO product_specs (product_id, attr_key, value_tr, value_en) VALUES (69, 'KAPLAMA', 'Kalay', 'Tin Plated');
INSERT INTO product_specs (product_id, attr_key, value_tr, value_en) VALUES (69, 'BAGLANTI', 'Sıkma', 'Clamp Coupling');
INSERT INTO product_specs (product_id, attr_key, value_tr, value_en) VALUES (69, 'BORU_ET_KALINLIGI', 'Kalın', 'Thick');
INSERT INTO product_specs (product_id, attr_key, value_tr, value_en) VALUES (69, 'KABLO_GIRISI', 'Normal', 'Standard');
INSERT INTO product_specs (product_id, attr_key, value_tr, value_en) VALUES (70, 'MATERYAL', 'EN 13600 Elektrolitik Bakır', 'Electrolytic Copper EN 13600');
INSERT INTO product_specs (product_id, attr_key, value_tr, value_en) VALUES (70, 'KAPLAMA', 'Kalay', 'Tin Plated');
INSERT INTO product_specs (product_id, attr_key, value_tr, value_en) VALUES (70, 'BAGLANTI', 'Sıkma', 'Clamp Coupling');
INSERT INTO product_specs (product_id, attr_key, value_tr, value_en) VALUES (70, 'BORU_ET_KALINLIGI', 'Kalın', 'Thick');
INSERT INTO product_specs (product_id, attr_key, value_tr, value_en) VALUES (70, 'KABLO_GIRISI', 'Normal', 'Standard');
INSERT INTO product_specs (product_id, attr_key, value_tr, value_en) VALUES (71, 'MATERYAL', 'EN 13600 Elektrolitik Bakır', 'Electrolytic Copper EN 13600');
INSERT INTO product_specs (product_id, attr_key, value_tr, value_en) VALUES (71, 'KAPLAMA', 'Kalay', 'Tin Plated');
INSERT INTO product_specs (product_id, attr_key, value_tr, value_en) VALUES (71, 'BAGLANTI', 'Sıkma', 'Clamp Coupling');
INSERT INTO product_specs (product_id, attr_key, value_tr, value_en) VALUES (71, 'BORU_ET_KALINLIGI', 'Çok Kalın', 'Very Thick');
INSERT INTO product_specs (product_id, attr_key, value_tr, value_en) VALUES (71, 'KABLO_GIRISI', 'Uzun', 'Long');
INSERT INTO product_specs (product_id, attr_key, value_tr, value_en) VALUES (72, 'MATERYAL', 'EN 13600 Elektrolitik Bakır', 'Electrolytic Copper EN 13600');
INSERT INTO product_specs (product_id, attr_key, value_tr, value_en) VALUES (72, 'KAPLAMA', 'Kalay', 'Tin Plated');
INSERT INTO product_specs (product_id, attr_key, value_tr, value_en) VALUES (72, 'BAGLANTI', 'Sıkma', 'Clamp Coupling');
INSERT INTO product_specs (product_id, attr_key, value_tr, value_en) VALUES (72, 'BORU_ET_KALINLIGI', 'Çok Kalın', 'Very Thick');
INSERT INTO product_specs (product_id, attr_key, value_tr, value_en) VALUES (72, 'KABLO_GIRISI', 'Çok Uzun', 'Very Long');
INSERT INTO product_images (product_id, file_url, is_primary, sort_order) VALUES (1, '1BOB-D.jpg', 1, 0);
INSERT INTO product_images (product_id, file_url, is_primary, sort_order) VALUES (2, '1BOB-E.jpg', 1, 0);
INSERT INTO product_images (product_id, file_url, is_primary, sort_order) VALUES (3, '1TBE.jpg', 1, 0);
INSERT INTO product_images (product_id, file_url, is_primary, sort_order) VALUES (4, '2TBE.jpg', 1, 0);
INSERT INTO product_images (product_id, file_url, is_primary, sort_order) VALUES (5, '3TBD.jpg', 1, 0);
INSERT INTO product_images (product_id, file_url, is_primary, sort_order) VALUES (6, '3TBE.jpg', 1, 0);
INSERT INTO product_images (product_id, file_url, is_primary, sort_order) VALUES (7, '4TBE.jpg', 1, 0);
INSERT INTO product_images (product_id, file_url, is_primary, sort_order) VALUES (8, 'KUB.jpg', 1, 0);
INSERT INTO product_images (product_id, file_url, is_primary, sort_order) VALUES (9, 'HSP-300.png', 1, 0);
INSERT INTO product_images (product_id, file_url, is_primary, sort_order) VALUES (9, 'HSP-300-KUTULU.png', 0, 1);
INSERT INTO product_images (product_id, file_url, is_primary, sort_order) VALUES (10, 'HSP-400.png', 1, 0);
INSERT INTO product_images (product_id, file_url, is_primary, sort_order) VALUES (10, 'HSP-400-KUTULU.png', 0, 1);
INSERT INTO product_images (product_id, file_url, is_primary, sort_order) VALUES (11, 'CT-W.png', 1, 0);
INSERT INTO product_images (product_id, file_url, is_primary, sort_order) VALUES (12, 'CT-B.png', 1, 0);
INSERT INTO product_images (product_id, file_url, is_primary, sort_order) VALUES (13, 'SP-VKB.png', 1, 0);
INSERT INTO product_images (product_id, file_url, is_primary, sort_order) VALUES (13, 'SP-VKS.png', 0, 1);
INSERT INTO product_images (product_id, file_url, is_primary, sort_order) VALUES (14, 'SP-YKB.png', 1, 0);
INSERT INTO product_images (product_id, file_url, is_primary, sort_order) VALUES (14, 'SP-YKS.png', 0, 1);
INSERT INTO product_images (product_id, file_url, is_primary, sort_order) VALUES (15, 'KM-250.png', 1, 0);
INSERT INTO product_images (product_id, file_url, is_primary, sort_order) VALUES (16, 'KM-50.png', 1, 0);
INSERT INTO product_images (product_id, file_url, is_primary, sort_order) VALUES (17, 'KM-95.png', 1, 0);
INSERT INTO product_images (product_id, file_url, is_primary, sort_order) VALUES (18, 'KM-500.png', 1, 0);
INSERT INTO product_images (product_id, file_url, is_primary, sort_order) VALUES (19, 'KMC-500.png', 1, 0);
INSERT INTO product_images (product_id, file_url, is_primary, sort_order) VALUES (19, 'KMC-500-UZUN.png', 0, 1);
INSERT INTO product_images (product_id, file_url, is_primary, sort_order) VALUES (20, 'SP-CK.jpg', 1, 0);
INSERT INTO product_images (product_id, file_url, is_primary, sort_order) VALUES (21, 'SP-DT.jpg', 1, 0);
INSERT INTO product_images (product_id, file_url, is_primary, sort_order) VALUES (22, 'SP-ET.jpg', 1, 0);
INSERT INTO product_images (product_id, file_url, is_primary, sort_order) VALUES (23, 'SP-FD.jpg', 1, 0);
INSERT INTO product_images (product_id, file_url, is_primary, sort_order) VALUES (24, 'SP-FE.jpg', 1, 0);
INSERT INTO product_images (product_id, file_url, is_primary, sort_order) VALUES (25, 'SP-FEG.jpg', 1, 0);
INSERT INTO product_images (product_id, file_url, is_primary, sort_order) VALUES (26, 'SP-IBU.jpg', 1, 0);
INSERT INTO product_images (product_id, file_url, is_primary, sort_order) VALUES (27, 'SP-IFD.jpg', 1, 0);
INSERT INTO product_images (product_id, file_url, is_primary, sort_order) VALUES (28, 'SP-IK.jpg', 1, 0);
INSERT INTO product_images (product_id, file_url, is_primary, sort_order) VALUES (29, 'SP-IKY.jpg', 1, 0);
INSERT INTO product_images (product_id, file_url, is_primary, sort_order) VALUES (30, 'SP-IKY-2.png', 1, 0);
INSERT INTO product_images (product_id, file_url, is_primary, sort_order) VALUES (31, 'SP-KY.jpg', 1, 0);
INSERT INTO product_images (product_id, file_url, is_primary, sort_order) VALUES (32, 'SP-YK.jpg', 1, 0);
INSERT INTO product_images (product_id, file_url, is_primary, sort_order) VALUES (33, 'MSP-35-150.png', 1, 0);
INSERT INTO product_images (product_id, file_url, is_primary, sort_order) VALUES (33, 'MSP-35-150-YAKIN.png', 0, 1);
INSERT INTO product_images (product_id, file_url, is_primary, sort_order) VALUES (34, 'MSP-35-150.png', 1, 0);
INSERT INTO product_images (product_id, file_url, is_primary, sort_order) VALUES (34, 'MSP-35-150-YAKIN.png', 0, 1);
INSERT INTO product_images (product_id, file_url, is_primary, sort_order) VALUES (35, 'MSP-6-50.png', 1, 0);
INSERT INTO product_images (product_id, file_url, is_primary, sort_order) VALUES (35, 'MSP-6-50-YAKIN-D.png', 0, 1);
INSERT INTO product_images (product_id, file_url, is_primary, sort_order) VALUES (36, 'MSP-6-50.png', 1, 0);
INSERT INTO product_images (product_id, file_url, is_primary, sort_order) VALUES (36, 'MSP-6-50-YAKIN-S.png', 0, 1);
INSERT INTO product_images (product_id, file_url, is_primary, sort_order) VALUES (37, 'MSP-6-50.png', 1, 0);
INSERT INTO product_images (product_id, file_url, is_primary, sort_order) VALUES (37, 'MSP-6-50-YAKIN-S1.png', 0, 1);
INSERT INTO product_images (product_id, file_url, is_primary, sort_order) VALUES (38, '13T-D.png', 1, 0);
INSERT INTO product_images (product_id, file_url, is_primary, sort_order) VALUES (39, '13T-S.png', 1, 0);
INSERT INTO product_images (product_id, file_url, is_primary, sort_order) VALUES (40, '6T-AL.png', 1, 0);
INSERT INTO product_images (product_id, file_url, is_primary, sort_order) VALUES (41, '6T-B.png', 1, 0);
INSERT INTO product_images (product_id, file_url, is_primary, sort_order) VALUES (42, '6T-D.png', 1, 0);
INSERT INTO product_images (product_id, file_url, is_primary, sort_order) VALUES (43, '6T-S.png', 1, 0);
INSERT INTO product_images (product_id, file_url, is_primary, sort_order) VALUES (44, 'AEM-D.jpg', 1, 0);
INSERT INTO product_images (product_id, file_url, is_primary, sort_order) VALUES (45, 'BEM-D.jpg', 1, 0);
INSERT INTO product_images (product_id, file_url, is_primary, sort_order) VALUES (46, 'BPK-D.jpg', 1, 0);
INSERT INTO product_images (product_id, file_url, is_primary, sort_order) VALUES (47, 'SEM-A.jpg', 1, 0);
INSERT INTO product_images (product_id, file_url, is_primary, sort_order) VALUES (48, 'SEM-D.jpg', 1, 0);
INSERT INTO product_images (product_id, file_url, is_primary, sort_order) VALUES (49, 'SEM-S1.jpg', 1, 0);
INSERT INTO product_images (product_id, file_url, is_primary, sort_order) VALUES (50, 'SP-IEM.jpg', 1, 0);
INSERT INTO product_images (product_id, file_url, is_primary, sort_order) VALUES (51, 'AKP-D.jpg', 1, 0);
INSERT INTO product_images (product_id, file_url, is_primary, sort_order) VALUES (52, 'AKP-DK.jpg', 1, 0);
INSERT INTO product_images (product_id, file_url, is_primary, sort_order) VALUES (53, 'AKP-DY.jpg', 1, 0);
INSERT INTO product_images (product_id, file_url, is_primary, sort_order) VALUES (54, 'BKP-D.jpg', 1, 0);
INSERT INTO product_images (product_id, file_url, is_primary, sort_order) VALUES (55, 'SKP-A.jpg', 1, 0);
INSERT INTO product_images (product_id, file_url, is_primary, sort_order) VALUES (56, 'SKP-C.jpg', 1, 0);
INSERT INTO product_images (product_id, file_url, is_primary, sort_order) VALUES (57, 'SKP-D.jpg', 1, 0);
INSERT INTO product_images (product_id, file_url, is_primary, sort_order) VALUES (58, 'SKP-D1.jpg', 1, 0);
INSERT INTO product_images (product_id, file_url, is_primary, sort_order) VALUES (59, 'SKP-DG.jpg', 1, 0);
INSERT INTO product_images (product_id, file_url, is_primary, sort_order) VALUES (60, 'SKP-E.jpg', 1, 0);
INSERT INTO product_images (product_id, file_url, is_primary, sort_order) VALUES (61, 'SKP-F.jpg', 1, 0);
INSERT INTO product_images (product_id, file_url, is_primary, sort_order) VALUES (62, 'SKP-L45.png', 1, 0);
INSERT INTO product_images (product_id, file_url, is_primary, sort_order) VALUES (63, 'SKP-L45.png', 1, 0);
INSERT INTO product_images (product_id, file_url, is_primary, sort_order) VALUES (64, 'SKP-L45.png', 1, 0);
INSERT INTO product_images (product_id, file_url, is_primary, sort_order) VALUES (65, 'SKP-L90.png', 1, 0);
INSERT INTO product_images (product_id, file_url, is_primary, sort_order) VALUES (66, 'SKP-L90.png', 1, 0);
INSERT INTO product_images (product_id, file_url, is_primary, sort_order) VALUES (67, 'SKP-L90.png', 1, 0);
INSERT INTO product_images (product_id, file_url, is_primary, sort_order) VALUES (68, 'SKP-S.jpg', 1, 0);
INSERT INTO product_images (product_id, file_url, is_primary, sort_order) VALUES (69, 'SKP-GD.png', 1, 0);
INSERT INTO product_images (product_id, file_url, is_primary, sort_order) VALUES (70, 'SKP-S1.jpg', 1, 0);
INSERT INTO product_images (product_id, file_url, is_primary, sort_order) VALUES (71, 'SKP-S2.jpg', 1, 0);
INSERT INTO product_images (product_id, file_url, is_primary, sort_order) VALUES (72, 'SKP-S3.jpg', 1, 0);
INSERT INTO product_certificates (product_id, cert_tag) VALUES (1, 'ISO');
INSERT INTO product_certificates (product_id, cert_tag) VALUES (1, 'RoHS Bara');
INSERT INTO product_certificates (product_id, cert_tag) VALUES (2, 'ISO');
INSERT INTO product_certificates (product_id, cert_tag) VALUES (2, 'RoHS Bara');
INSERT INTO product_certificates (product_id, cert_tag) VALUES (3, 'CE');
INSERT INTO product_certificates (product_id, cert_tag) VALUES (3, 'ISO');
INSERT INTO product_certificates (product_id, cert_tag) VALUES (3, 'RoHS Bara');
INSERT INTO product_certificates (product_id, cert_tag) VALUES (4, 'CE');
INSERT INTO product_certificates (product_id, cert_tag) VALUES (4, 'ISO');
INSERT INTO product_certificates (product_id, cert_tag) VALUES (4, 'RoHS Bara');
INSERT INTO product_certificates (product_id, cert_tag) VALUES (5, 'CE');
INSERT INTO product_certificates (product_id, cert_tag) VALUES (5, 'ISO');
INSERT INTO product_certificates (product_id, cert_tag) VALUES (5, 'RoHS Bara');
INSERT INTO product_certificates (product_id, cert_tag) VALUES (6, 'CE');
INSERT INTO product_certificates (product_id, cert_tag) VALUES (6, 'ISO');
INSERT INTO product_certificates (product_id, cert_tag) VALUES (6, 'RoHS Bara');
INSERT INTO product_certificates (product_id, cert_tag) VALUES (7, 'CE');
INSERT INTO product_certificates (product_id, cert_tag) VALUES (7, 'ISO');
INSERT INTO product_certificates (product_id, cert_tag) VALUES (7, 'RoHS Bara');
INSERT INTO product_certificates (product_id, cert_tag) VALUES (8, 'ISO');
INSERT INTO product_certificates (product_id, cert_tag) VALUES (8, 'RoHS Bara');
INSERT INTO product_certificates (product_id, cert_tag) VALUES (20, 'ISO');
INSERT INTO product_certificates (product_id, cert_tag) VALUES (20, 'RoHS');
INSERT INTO product_certificates (product_id, cert_tag) VALUES (21, 'ISO');
INSERT INTO product_certificates (product_id, cert_tag) VALUES (21, 'RoHS');
INSERT INTO product_certificates (product_id, cert_tag) VALUES (22, 'ISO');
INSERT INTO product_certificates (product_id, cert_tag) VALUES (22, 'RoHS');
INSERT INTO product_certificates (product_id, cert_tag) VALUES (23, 'ISO');
INSERT INTO product_certificates (product_id, cert_tag) VALUES (23, 'RoHS');
INSERT INTO product_certificates (product_id, cert_tag) VALUES (24, 'ISO');
INSERT INTO product_certificates (product_id, cert_tag) VALUES (24, 'RoHS');
INSERT INTO product_certificates (product_id, cert_tag) VALUES (25, 'ISO');
INSERT INTO product_certificates (product_id, cert_tag) VALUES (25, 'RoHS');
INSERT INTO product_certificates (product_id, cert_tag) VALUES (26, 'ISO');
INSERT INTO product_certificates (product_id, cert_tag) VALUES (26, 'RoHS');
INSERT INTO product_certificates (product_id, cert_tag) VALUES (27, 'ISO');
INSERT INTO product_certificates (product_id, cert_tag) VALUES (27, 'RoHS');
INSERT INTO product_certificates (product_id, cert_tag) VALUES (28, 'ISO');
INSERT INTO product_certificates (product_id, cert_tag) VALUES (28, 'RoHS');
INSERT INTO product_certificates (product_id, cert_tag) VALUES (29, 'ISO');
INSERT INTO product_certificates (product_id, cert_tag) VALUES (29, 'RoHS');
INSERT INTO product_certificates (product_id, cert_tag) VALUES (30, 'ISO');
INSERT INTO product_certificates (product_id, cert_tag) VALUES (30, 'RoHS');
INSERT INTO product_certificates (product_id, cert_tag) VALUES (31, 'ISO');
INSERT INTO product_certificates (product_id, cert_tag) VALUES (31, 'RoHS');
INSERT INTO product_certificates (product_id, cert_tag) VALUES (32, 'ISO');
INSERT INTO product_certificates (product_id, cert_tag) VALUES (32, 'RoHS');
INSERT INTO product_certificates (product_id, cert_tag) VALUES (44, 'TSE');
INSERT INTO product_certificates (product_id, cert_tag) VALUES (44, 'ISO');
INSERT INTO product_certificates (product_id, cert_tag) VALUES (44, 'EAC');
INSERT INTO product_certificates (product_id, cert_tag) VALUES (45, 'ISO');
INSERT INTO product_certificates (product_id, cert_tag) VALUES (46, 'ISO');
INSERT INTO product_certificates (product_id, cert_tag) VALUES (47, 'TSE');
INSERT INTO product_certificates (product_id, cert_tag) VALUES (47, 'ISO');
INSERT INTO product_certificates (product_id, cert_tag) VALUES (47, 'RoHS');
INSERT INTO product_certificates (product_id, cert_tag) VALUES (47, 'EAC');
INSERT INTO product_certificates (product_id, cert_tag) VALUES (48, 'TSE');
INSERT INTO product_certificates (product_id, cert_tag) VALUES (48, 'ISO');
INSERT INTO product_certificates (product_id, cert_tag) VALUES (48, 'RoHS');
INSERT INTO product_certificates (product_id, cert_tag) VALUES (48, 'EAC');
INSERT INTO product_certificates (product_id, cert_tag) VALUES (49, 'TSE');
INSERT INTO product_certificates (product_id, cert_tag) VALUES (49, 'ISO');
INSERT INTO product_certificates (product_id, cert_tag) VALUES (49, 'RoHS');
INSERT INTO product_certificates (product_id, cert_tag) VALUES (49, 'EAC');
INSERT INTO product_certificates (product_id, cert_tag) VALUES (50, 'ISO');
INSERT INTO product_certificates (product_id, cert_tag) VALUES (50, 'RoHS');
INSERT INTO product_certificates (product_id, cert_tag) VALUES (51, 'TSE');
INSERT INTO product_certificates (product_id, cert_tag) VALUES (51, 'ISO');
INSERT INTO product_certificates (product_id, cert_tag) VALUES (51, 'EAC');
INSERT INTO product_certificates (product_id, cert_tag) VALUES (52, 'TSE');
INSERT INTO product_certificates (product_id, cert_tag) VALUES (52, 'ISO');
INSERT INTO product_certificates (product_id, cert_tag) VALUES (52, 'EAC');
INSERT INTO product_certificates (product_id, cert_tag) VALUES (53, 'TSE');
INSERT INTO product_certificates (product_id, cert_tag) VALUES (53, 'ISO');
INSERT INTO product_certificates (product_id, cert_tag) VALUES (53, 'EAC');
INSERT INTO product_certificates (product_id, cert_tag) VALUES (54, 'ISO');
INSERT INTO product_certificates (product_id, cert_tag) VALUES (55, 'TSE');
INSERT INTO product_certificates (product_id, cert_tag) VALUES (55, 'ISO');
INSERT INTO product_certificates (product_id, cert_tag) VALUES (55, 'RoHS');
INSERT INTO product_certificates (product_id, cert_tag) VALUES (55, 'EAC');
INSERT INTO product_certificates (product_id, cert_tag) VALUES (56, 'TSE');
INSERT INTO product_certificates (product_id, cert_tag) VALUES (56, 'ISO');
INSERT INTO product_certificates (product_id, cert_tag) VALUES (56, 'RoHS');
INSERT INTO product_certificates (product_id, cert_tag) VALUES (56, 'EAC');
INSERT INTO product_certificates (product_id, cert_tag) VALUES (57, 'TSE');
INSERT INTO product_certificates (product_id, cert_tag) VALUES (57, 'ISO');
INSERT INTO product_certificates (product_id, cert_tag) VALUES (57, 'RoHS');
INSERT INTO product_certificates (product_id, cert_tag) VALUES (57, 'EAC');
INSERT INTO product_certificates (product_id, cert_tag) VALUES (58, 'ISO');
INSERT INTO product_certificates (product_id, cert_tag) VALUES (59, 'ISO');
INSERT INTO product_certificates (product_id, cert_tag) VALUES (59, 'EAC');
INSERT INTO product_certificates (product_id, cert_tag) VALUES (60, 'TSE');
INSERT INTO product_certificates (product_id, cert_tag) VALUES (60, 'ISO');
INSERT INTO product_certificates (product_id, cert_tag) VALUES (60, 'RoHS');
INSERT INTO product_certificates (product_id, cert_tag) VALUES (60, 'EAC');
INSERT INTO product_certificates (product_id, cert_tag) VALUES (61, 'ISO');
INSERT INTO product_certificates (product_id, cert_tag) VALUES (61, 'RoHS');
INSERT INTO product_certificates (product_id, cert_tag) VALUES (61, 'EAC');
INSERT INTO product_certificates (product_id, cert_tag) VALUES (62, 'TSE');
INSERT INTO product_certificates (product_id, cert_tag) VALUES (62, 'ISO');
INSERT INTO product_certificates (product_id, cert_tag) VALUES (62, 'RoHS');
INSERT INTO product_certificates (product_id, cert_tag) VALUES (62, 'EAC');
INSERT INTO product_certificates (product_id, cert_tag) VALUES (63, 'TSE');
INSERT INTO product_certificates (product_id, cert_tag) VALUES (63, 'ISO');
INSERT INTO product_certificates (product_id, cert_tag) VALUES (63, 'RoHS');
INSERT INTO product_certificates (product_id, cert_tag) VALUES (63, 'EAC');
INSERT INTO product_certificates (product_id, cert_tag) VALUES (64, 'TSE');
INSERT INTO product_certificates (product_id, cert_tag) VALUES (64, 'ISO');
INSERT INTO product_certificates (product_id, cert_tag) VALUES (64, 'RoHS');
INSERT INTO product_certificates (product_id, cert_tag) VALUES (64, 'EAC');
INSERT INTO product_certificates (product_id, cert_tag) VALUES (65, 'TSE');
INSERT INTO product_certificates (product_id, cert_tag) VALUES (65, 'ISO');
INSERT INTO product_certificates (product_id, cert_tag) VALUES (65, 'RoHS');
INSERT INTO product_certificates (product_id, cert_tag) VALUES (65, 'EAC');
INSERT INTO product_certificates (product_id, cert_tag) VALUES (66, 'TSE');
INSERT INTO product_certificates (product_id, cert_tag) VALUES (66, 'ISO');
INSERT INTO product_certificates (product_id, cert_tag) VALUES (66, 'RoHS');
INSERT INTO product_certificates (product_id, cert_tag) VALUES (66, 'EAC');
INSERT INTO product_certificates (product_id, cert_tag) VALUES (67, 'TSE');
INSERT INTO product_certificates (product_id, cert_tag) VALUES (67, 'ISO');
INSERT INTO product_certificates (product_id, cert_tag) VALUES (67, 'RoHS');
INSERT INTO product_certificates (product_id, cert_tag) VALUES (67, 'EAC');
INSERT INTO product_certificates (product_id, cert_tag) VALUES (68, 'TSE');
INSERT INTO product_certificates (product_id, cert_tag) VALUES (68, 'ISO');
INSERT INTO product_certificates (product_id, cert_tag) VALUES (68, 'RoHS');
INSERT INTO product_certificates (product_id, cert_tag) VALUES (68, 'EAC');
INSERT INTO product_certificates (product_id, cert_tag) VALUES (69, 'ISO');
INSERT INTO product_certificates (product_id, cert_tag) VALUES (69, 'RoHS');
INSERT INTO product_certificates (product_id, cert_tag) VALUES (69, 'EAC');
INSERT INTO product_certificates (product_id, cert_tag) VALUES (70, 'TSE');
INSERT INTO product_certificates (product_id, cert_tag) VALUES (70, 'ISO');
INSERT INTO product_certificates (product_id, cert_tag) VALUES (70, 'RoHS');
INSERT INTO product_certificates (product_id, cert_tag) VALUES (70, 'EAC');
INSERT INTO product_certificates (product_id, cert_tag) VALUES (71, 'TSE');
INSERT INTO product_certificates (product_id, cert_tag) VALUES (71, 'ISO');
INSERT INTO product_certificates (product_id, cert_tag) VALUES (71, 'RoHS');
INSERT INTO product_certificates (product_id, cert_tag) VALUES (71, 'EAC');
INSERT INTO product_certificates (product_id, cert_tag) VALUES (72, 'TSE');
INSERT INTO product_certificates (product_id, cert_tag) VALUES (72, 'ISO');
INSERT INTO product_certificates (product_id, cert_tag) VALUES (72, 'RoHS');
INSERT INTO product_certificates (product_id, cert_tag) VALUES (72, 'EAC');
INSERT INTO product_compatibility (product_id, compatible_product_id) VALUES (9, 57);
INSERT INTO product_compatibility (product_id, compatible_product_id) VALUES (9, 68);
INSERT INTO product_compatibility (product_id, compatible_product_id) VALUES (9, 51);
INSERT INTO product_compatibility (product_id, compatible_product_id) VALUES (9, 54);
INSERT INTO product_compatibility (product_id, compatible_product_id) VALUES (9, 40);
INSERT INTO product_compatibility (product_id, compatible_product_id) VALUES (9, 41);
INSERT INTO product_compatibility (product_id, compatible_product_id) VALUES (9, 42);
INSERT INTO product_compatibility (product_id, compatible_product_id) VALUES (9, 43);
INSERT INTO product_compatibility (product_id, compatible_product_id) VALUES (10, 57);
INSERT INTO product_compatibility (product_id, compatible_product_id) VALUES (10, 68);
INSERT INTO product_compatibility (product_id, compatible_product_id) VALUES (10, 38);
INSERT INTO product_compatibility (product_id, compatible_product_id) VALUES (10, 39);
INSERT INTO product_compatibility (product_id, compatible_product_id) VALUES (33, 68);
INSERT INTO product_compatibility (product_id, compatible_product_id) VALUES (33, 47);
INSERT INTO product_compatibility (product_id, compatible_product_id) VALUES (34, 70);
INSERT INTO product_compatibility (product_id, compatible_product_id) VALUES (34, 49);
INSERT INTO product_compatibility (product_id, compatible_product_id) VALUES (34, 64);
INSERT INTO product_compatibility (product_id, compatible_product_id) VALUES (34, 67);
INSERT INTO product_compatibility (product_id, compatible_product_id) VALUES (35, 57);
INSERT INTO product_compatibility (product_id, compatible_product_id) VALUES (35, 48);
INSERT INTO product_compatibility (product_id, compatible_product_id) VALUES (36, 68);
INSERT INTO product_compatibility (product_id, compatible_product_id) VALUES (36, 47);
INSERT INTO product_compatibility (product_id, compatible_product_id) VALUES (37, 70);
INSERT INTO product_compatibility (product_id, compatible_product_id) VALUES (37, 49);
INSERT INTO product_compatibility (product_id, compatible_product_id) VALUES (37, 64);
INSERT INTO product_compatibility (product_id, compatible_product_id) VALUES (37, 67);
INSERT INTO product_compatibility (product_id, compatible_product_id) VALUES (38, 10);
INSERT INTO product_compatibility (product_id, compatible_product_id) VALUES (38, 57);
INSERT INTO product_compatibility (product_id, compatible_product_id) VALUES (38, 48);
INSERT INTO product_compatibility (product_id, compatible_product_id) VALUES (38, 65);
INSERT INTO product_compatibility (product_id, compatible_product_id) VALUES (38, 62);
INSERT INTO product_compatibility (product_id, compatible_product_id) VALUES (39, 10);
INSERT INTO product_compatibility (product_id, compatible_product_id) VALUES (39, 68);
INSERT INTO product_compatibility (product_id, compatible_product_id) VALUES (39, 47);
INSERT INTO product_compatibility (product_id, compatible_product_id) VALUES (40, 9);
INSERT INTO product_compatibility (product_id, compatible_product_id) VALUES (40, 51);
INSERT INTO product_compatibility (product_id, compatible_product_id) VALUES (40, 44);
INSERT INTO product_compatibility (product_id, compatible_product_id) VALUES (41, 9);
INSERT INTO product_compatibility (product_id, compatible_product_id) VALUES (41, 54);
INSERT INTO product_compatibility (product_id, compatible_product_id) VALUES (41, 45);
INSERT INTO product_compatibility (product_id, compatible_product_id) VALUES (41, 46);
INSERT INTO product_compatibility (product_id, compatible_product_id) VALUES (42, 9);
INSERT INTO product_compatibility (product_id, compatible_product_id) VALUES (42, 57);
INSERT INTO product_compatibility (product_id, compatible_product_id) VALUES (42, 48);
INSERT INTO product_compatibility (product_id, compatible_product_id) VALUES (42, 65);
INSERT INTO product_compatibility (product_id, compatible_product_id) VALUES (42, 62);
INSERT INTO product_compatibility (product_id, compatible_product_id) VALUES (43, 9);
INSERT INTO product_compatibility (product_id, compatible_product_id) VALUES (43, 68);
INSERT INTO product_compatibility (product_id, compatible_product_id) VALUES (43, 47);
INSERT INTO product_variants (id, product_id, variant_code, sort_order) VALUES (1, 60, 'SKP-E/016-M05', 1);
INSERT INTO variant_attributes (variant_id, attr_key, attr_value, group_key) VALUES (1, 'KABLO_KESITI', '16', 'kunye_filtre');
INSERT INTO variant_attributes (variant_id, attr_key, attr_value, group_key) VALUES (1, 'CIVATA', 'M5', 'kunye_filtre');
INSERT INTO variant_attributes (variant_id, attr_key, attr_value, group_key) VALUES (1, 'd1', '5.5', 'boyut');
INSERT INTO variant_attributes (variant_id, attr_key, attr_value, group_key) VALUES (1, 'd4', '7', 'boyut');
INSERT INTO variant_attributes (variant_id, attr_key, attr_value, group_key) VALUES (1, 'a', '12.5', 'boyut');
INSERT INTO variant_attributes (variant_id, attr_key, attr_value, group_key) VALUES (1, 'd2', '5.5', 'boyut');
INSERT INTO variant_attributes (variant_id, attr_key, attr_value, group_key) VALUES (1, 'b', '10.5', 'boyut');
INSERT INTO variant_attributes (variant_id, attr_key, attr_value, group_key) VALUES (1, 'c1', '7.5', 'boyut');
INSERT INTO variant_attributes (variant_id, attr_key, attr_value, group_key) VALUES (1, 'c2', '7.5', 'boyut');
INSERT INTO variant_attributes (variant_id, attr_key, attr_value, group_key) VALUES (1, 'L', '24', 'boyut');
INSERT INTO variant_attributes (variant_id, attr_key, attr_value, group_key) VALUES (1, 'KUTU_ADEDI', '500', 'adet_agirlik');
INSERT INTO variant_attributes (variant_id, attr_key, attr_value, group_key) VALUES (1, 'KUTU_AGIRLIGI', '~2,0 kg.', 'adet_agirlik');
INSERT INTO variant_attributes (variant_id, attr_key, attr_value, group_key) VALUES (1, 'KOLI_ADEDI', '5000.0', 'adet_agirlik');
INSERT INTO variant_attributes (variant_id, attr_key, attr_value, group_key) VALUES (1, 'KOLI_AGIRLIGI', '~20 kg.', 'adet_agirlik');
INSERT INTO product_variants (id, product_id, variant_code, sort_order) VALUES (2, 60, 'SKP-E/016-M06/SD', 2);
INSERT INTO variant_attributes (variant_id, attr_key, attr_value, group_key) VALUES (2, 'KABLO_KESITI', '16', 'kunye_filtre');
INSERT INTO variant_attributes (variant_id, attr_key, attr_value, group_key) VALUES (2, 'CIVATA', 'M6', 'kunye_filtre');
INSERT INTO variant_attributes (variant_id, attr_key, attr_value, group_key) VALUES (2, 'd1', '5.5', 'boyut');
INSERT INTO variant_attributes (variant_id, attr_key, attr_value, group_key) VALUES (2, 'd4', '7', 'boyut');
INSERT INTO variant_attributes (variant_id, attr_key, attr_value, group_key) VALUES (2, 'a', '12.5', 'boyut');
INSERT INTO variant_attributes (variant_id, attr_key, attr_value, group_key) VALUES (2, 'd2', '6.5', 'boyut');
INSERT INTO variant_attributes (variant_id, attr_key, attr_value, group_key) VALUES (2, 'b', '10.5', 'boyut');
INSERT INTO variant_attributes (variant_id, attr_key, attr_value, group_key) VALUES (2, 'c1', '7.5', 'boyut');
INSERT INTO variant_attributes (variant_id, attr_key, attr_value, group_key) VALUES (2, 'c2', '7.5', 'boyut');
INSERT INTO variant_attributes (variant_id, attr_key, attr_value, group_key) VALUES (2, 'L', '24', 'boyut');
INSERT INTO variant_attributes (variant_id, attr_key, attr_value, group_key) VALUES (2, 'KUTU_ADEDI', '500', 'adet_agirlik');
INSERT INTO variant_attributes (variant_id, attr_key, attr_value, group_key) VALUES (2, 'KUTU_AGIRLIGI', '~2,0 kg.', 'adet_agirlik');
INSERT INTO variant_attributes (variant_id, attr_key, attr_value, group_key) VALUES (2, 'KOLI_ADEDI', '5000.0', 'adet_agirlik');
INSERT INTO variant_attributes (variant_id, attr_key, attr_value, group_key) VALUES (2, 'KOLI_AGIRLIGI', '~20 kg.', 'adet_agirlik');
INSERT INTO product_variants (id, product_id, variant_code, sort_order) VALUES (3, 60, 'SKP-E/025-M05', 3);
INSERT INTO variant_attributes (variant_id, attr_key, attr_value, group_key) VALUES (3, 'KABLO_KESITI', '25', 'kunye_filtre');
INSERT INTO variant_attributes (variant_id, attr_key, attr_value, group_key) VALUES (3, 'CIVATA', 'M5', 'kunye_filtre');
INSERT INTO variant_attributes (variant_id, attr_key, attr_value, group_key) VALUES (3, 'd1', '7', 'boyut');
INSERT INTO variant_attributes (variant_id, attr_key, attr_value, group_key) VALUES (3, 'd4', '9', 'boyut');
INSERT INTO variant_attributes (variant_id, attr_key, attr_value, group_key) VALUES (3, 'a', '17.5', 'boyut');
INSERT INTO variant_attributes (variant_id, attr_key, attr_value, group_key) VALUES (3, 'd2', '5.5', 'boyut');
INSERT INTO variant_attributes (variant_id, attr_key, attr_value, group_key) VALUES (3, 'b', '14', 'boyut');
INSERT INTO variant_attributes (variant_id, attr_key, attr_value, group_key) VALUES (3, 'c1', '8.5', 'boyut');
INSERT INTO variant_attributes (variant_id, attr_key, attr_value, group_key) VALUES (3, 'c2', '8.5', 'boyut');
INSERT INTO variant_attributes (variant_id, attr_key, attr_value, group_key) VALUES (3, 'L', '30.5', 'boyut');
INSERT INTO variant_attributes (variant_id, attr_key, attr_value, group_key) VALUES (3, 'KUTU_ADEDI', '300', 'adet_agirlik');
INSERT INTO variant_attributes (variant_id, attr_key, attr_value, group_key) VALUES (3, 'KUTU_AGIRLIGI', '~2,4 kg.', 'adet_agirlik');
INSERT INTO variant_attributes (variant_id, attr_key, attr_value, group_key) VALUES (3, 'KOLI_ADEDI', '3000.0', 'adet_agirlik');
INSERT INTO variant_attributes (variant_id, attr_key, attr_value, group_key) VALUES (3, 'KOLI_AGIRLIGI', '~24 kg.', 'adet_agirlik');
INSERT INTO product_variants (id, product_id, variant_code, sort_order) VALUES (4, 60, 'SKP-E/025-M06', 4);
INSERT INTO variant_attributes (variant_id, attr_key, attr_value, group_key) VALUES (4, 'KABLO_KESITI', '25', 'kunye_filtre');
INSERT INTO variant_attributes (variant_id, attr_key, attr_value, group_key) VALUES (4, 'CIVATA', 'M6', 'kunye_filtre');
INSERT INTO variant_attributes (variant_id, attr_key, attr_value, group_key) VALUES (4, 'd1', '7', 'boyut');
INSERT INTO variant_attributes (variant_id, attr_key, attr_value, group_key) VALUES (4, 'd4', '9', 'boyut');
INSERT INTO variant_attributes (variant_id, attr_key, attr_value, group_key) VALUES (4, 'a', '17.5', 'boyut');
INSERT INTO variant_attributes (variant_id, attr_key, attr_value, group_key) VALUES (4, 'd2', '6.5', 'boyut');
INSERT INTO variant_attributes (variant_id, attr_key, attr_value, group_key) VALUES (4, 'b', '14', 'boyut');
INSERT INTO variant_attributes (variant_id, attr_key, attr_value, group_key) VALUES (4, 'c1', '8.5', 'boyut');
INSERT INTO variant_attributes (variant_id, attr_key, attr_value, group_key) VALUES (4, 'c2', '8.5', 'boyut');
INSERT INTO variant_attributes (variant_id, attr_key, attr_value, group_key) VALUES (4, 'L', '30.5', 'boyut');
INSERT INTO variant_attributes (variant_id, attr_key, attr_value, group_key) VALUES (4, 'KUTU_ADEDI', '300', 'adet_agirlik');
INSERT INTO variant_attributes (variant_id, attr_key, attr_value, group_key) VALUES (4, 'KUTU_AGIRLIGI', '~2,4 kg.', 'adet_agirlik');
INSERT INTO variant_attributes (variant_id, attr_key, attr_value, group_key) VALUES (4, 'KOLI_ADEDI', '3000.0', 'adet_agirlik');
INSERT INTO variant_attributes (variant_id, attr_key, attr_value, group_key) VALUES (4, 'KOLI_AGIRLIGI', '~24 kg.', 'adet_agirlik');
INSERT INTO product_variants (id, product_id, variant_code, sort_order) VALUES (5, 60, 'SKP-E/025-M08/SD', 5);
INSERT INTO variant_attributes (variant_id, attr_key, attr_value, group_key) VALUES (5, 'KABLO_KESITI', '25', 'kunye_filtre');
INSERT INTO variant_attributes (variant_id, attr_key, attr_value, group_key) VALUES (5, 'CIVATA', 'M8', 'kunye_filtre');
INSERT INTO variant_attributes (variant_id, attr_key, attr_value, group_key) VALUES (5, 'd1', '7', 'boyut');
INSERT INTO variant_attributes (variant_id, attr_key, attr_value, group_key) VALUES (5, 'd4', '9', 'boyut');
INSERT INTO variant_attributes (variant_id, attr_key, attr_value, group_key) VALUES (5, 'a', '17.5', 'boyut');
INSERT INTO variant_attributes (variant_id, attr_key, attr_value, group_key) VALUES (5, 'd2', '8.5', 'boyut');
INSERT INTO variant_attributes (variant_id, attr_key, attr_value, group_key) VALUES (5, 'b', '14', 'boyut');
INSERT INTO variant_attributes (variant_id, attr_key, attr_value, group_key) VALUES (5, 'c1', '8.5', 'boyut');
INSERT INTO variant_attributes (variant_id, attr_key, attr_value, group_key) VALUES (5, 'c2', '8.5', 'boyut');
INSERT INTO variant_attributes (variant_id, attr_key, attr_value, group_key) VALUES (5, 'L', '30.5', 'boyut');
INSERT INTO variant_attributes (variant_id, attr_key, attr_value, group_key) VALUES (5, 'KUTU_ADEDI', '300', 'adet_agirlik');
INSERT INTO variant_attributes (variant_id, attr_key, attr_value, group_key) VALUES (5, 'KUTU_AGIRLIGI', '~2,4 kg.', 'adet_agirlik');
INSERT INTO variant_attributes (variant_id, attr_key, attr_value, group_key) VALUES (5, 'KOLI_ADEDI', '3000.0', 'adet_agirlik');
INSERT INTO variant_attributes (variant_id, attr_key, attr_value, group_key) VALUES (5, 'KOLI_AGIRLIGI', '~24 kg.', 'adet_agirlik');
INSERT INTO product_variants (id, product_id, variant_code, sort_order) VALUES (6, 60, 'SKP-E/035-M06', 6);
INSERT INTO variant_attributes (variant_id, attr_key, attr_value, group_key) VALUES (6, 'KABLO_KESITI', '35', 'kunye_filtre');
INSERT INTO variant_attributes (variant_id, attr_key, attr_value, group_key) VALUES (6, 'CIVATA', 'M6', 'kunye_filtre');
INSERT INTO variant_attributes (variant_id, attr_key, attr_value, group_key) VALUES (6, 'd1', '8.5', 'boyut');
INSERT INTO variant_attributes (variant_id, attr_key, attr_value, group_key) VALUES (6, 'd4', '10.5', 'boyut');
INSERT INTO variant_attributes (variant_id, attr_key, attr_value, group_key) VALUES (6, 'a', '18.5', 'boyut');
INSERT INTO variant_attributes (variant_id, attr_key, attr_value, group_key) VALUES (6, 'd2', '6.5', 'boyut');
INSERT INTO variant_attributes (variant_id, attr_key, attr_value, group_key) VALUES (6, 'b', '16', 'boyut');
INSERT INTO variant_attributes (variant_id, attr_key, attr_value, group_key) VALUES (6, 'c1', '9.5', 'boyut');
INSERT INTO variant_attributes (variant_id, attr_key, attr_value, group_key) VALUES (6, 'c2', '9.5', 'boyut');
INSERT INTO variant_attributes (variant_id, attr_key, attr_value, group_key) VALUES (6, 'L', '34', 'boyut');
INSERT INTO variant_attributes (variant_id, attr_key, attr_value, group_key) VALUES (6, 'KUTU_ADEDI', '200', 'adet_agirlik');
INSERT INTO variant_attributes (variant_id, attr_key, attr_value, group_key) VALUES (6, 'KUTU_AGIRLIGI', '~2,2 kg.', 'adet_agirlik');
INSERT INTO variant_attributes (variant_id, attr_key, attr_value, group_key) VALUES (6, 'KOLI_ADEDI', '2000.0', 'adet_agirlik');
INSERT INTO variant_attributes (variant_id, attr_key, attr_value, group_key) VALUES (6, 'KOLI_AGIRLIGI', '~22 kg.', 'adet_agirlik');
INSERT INTO product_variants (id, product_id, variant_code, sort_order) VALUES (7, 60, 'SKP-E/035-M08/SD', 7);
INSERT INTO variant_attributes (variant_id, attr_key, attr_value, group_key) VALUES (7, 'KABLO_KESITI', '35', 'kunye_filtre');
INSERT INTO variant_attributes (variant_id, attr_key, attr_value, group_key) VALUES (7, 'CIVATA', 'M8', 'kunye_filtre');
INSERT INTO variant_attributes (variant_id, attr_key, attr_value, group_key) VALUES (7, 'd1', '8.5', 'boyut');
INSERT INTO variant_attributes (variant_id, attr_key, attr_value, group_key) VALUES (7, 'd4', '10.5', 'boyut');
INSERT INTO variant_attributes (variant_id, attr_key, attr_value, group_key) VALUES (7, 'a', '18.5', 'boyut');
INSERT INTO variant_attributes (variant_id, attr_key, attr_value, group_key) VALUES (7, 'd2', '8.5', 'boyut');
INSERT INTO variant_attributes (variant_id, attr_key, attr_value, group_key) VALUES (7, 'b', '16', 'boyut');
INSERT INTO variant_attributes (variant_id, attr_key, attr_value, group_key) VALUES (7, 'c1', '9.5', 'boyut');
INSERT INTO variant_attributes (variant_id, attr_key, attr_value, group_key) VALUES (7, 'c2', '9.5', 'boyut');
INSERT INTO variant_attributes (variant_id, attr_key, attr_value, group_key) VALUES (7, 'L', '34', 'boyut');
INSERT INTO variant_attributes (variant_id, attr_key, attr_value, group_key) VALUES (7, 'KUTU_ADEDI', '200', 'adet_agirlik');
INSERT INTO variant_attributes (variant_id, attr_key, attr_value, group_key) VALUES (7, 'KUTU_AGIRLIGI', '~2,2 kg.', 'adet_agirlik');
INSERT INTO variant_attributes (variant_id, attr_key, attr_value, group_key) VALUES (7, 'KOLI_ADEDI', '2000.0', 'adet_agirlik');
INSERT INTO variant_attributes (variant_id, attr_key, attr_value, group_key) VALUES (7, 'KOLI_AGIRLIGI', '~22 kg.', 'adet_agirlik');
INSERT INTO product_variants (id, product_id, variant_code, sort_order) VALUES (8, 60, 'SKP-E/050-M06', 8);
INSERT INTO variant_attributes (variant_id, attr_key, attr_value, group_key) VALUES (8, 'KABLO_KESITI', '50', 'kunye_filtre');
INSERT INTO variant_attributes (variant_id, attr_key, attr_value, group_key) VALUES (8, 'CIVATA', 'M6', 'kunye_filtre');
INSERT INTO variant_attributes (variant_id, attr_key, attr_value, group_key) VALUES (8, 'd1', '10', 'boyut');
INSERT INTO variant_attributes (variant_id, attr_key, attr_value, group_key) VALUES (8, 'd4', '12', 'boyut');
INSERT INTO variant_attributes (variant_id, attr_key, attr_value, group_key) VALUES (8, 'a', '20', 'boyut');
INSERT INTO variant_attributes (variant_id, attr_key, attr_value, group_key) VALUES (8, 'd2', '6.5', 'boyut');
INSERT INTO variant_attributes (variant_id, attr_key, attr_value, group_key) VALUES (8, 'b', '18', 'boyut');
INSERT INTO variant_attributes (variant_id, attr_key, attr_value, group_key) VALUES (8, 'c1', '11', 'boyut');
INSERT INTO variant_attributes (variant_id, attr_key, attr_value, group_key) VALUES (8, 'c2', '11', 'boyut');
INSERT INTO variant_attributes (variant_id, attr_key, attr_value, group_key) VALUES (8, 'L', '39.5', 'boyut');
INSERT INTO variant_attributes (variant_id, attr_key, attr_value, group_key) VALUES (8, 'KUTU_ADEDI', '125', 'adet_agirlik');
INSERT INTO variant_attributes (variant_id, attr_key, attr_value, group_key) VALUES (8, 'KUTU_AGIRLIGI', '~1,8 kg.', 'adet_agirlik');
INSERT INTO variant_attributes (variant_id, attr_key, attr_value, group_key) VALUES (8, 'KOLI_ADEDI', '1250.0', 'adet_agirlik');
INSERT INTO variant_attributes (variant_id, attr_key, attr_value, group_key) VALUES (8, 'KOLI_AGIRLIGI', '~18 kg.', 'adet_agirlik');
INSERT INTO product_variants (id, product_id, variant_code, sort_order) VALUES (9, 60, 'SKP-E/050-M08', 9);
INSERT INTO variant_attributes (variant_id, attr_key, attr_value, group_key) VALUES (9, 'KABLO_KESITI', '50', 'kunye_filtre');
INSERT INTO variant_attributes (variant_id, attr_key, attr_value, group_key) VALUES (9, 'CIVATA', 'M8', 'kunye_filtre');
INSERT INTO variant_attributes (variant_id, attr_key, attr_value, group_key) VALUES (9, 'd1', '10', 'boyut');
INSERT INTO variant_attributes (variant_id, attr_key, attr_value, group_key) VALUES (9, 'd4', '12', 'boyut');
INSERT INTO variant_attributes (variant_id, attr_key, attr_value, group_key) VALUES (9, 'a', '20', 'boyut');
INSERT INTO variant_attributes (variant_id, attr_key, attr_value, group_key) VALUES (9, 'd2', '8.5', 'boyut');
INSERT INTO variant_attributes (variant_id, attr_key, attr_value, group_key) VALUES (9, 'b', '18', 'boyut');
INSERT INTO variant_attributes (variant_id, attr_key, attr_value, group_key) VALUES (9, 'c1', '11', 'boyut');
INSERT INTO variant_attributes (variant_id, attr_key, attr_value, group_key) VALUES (9, 'c2', '11', 'boyut');
INSERT INTO variant_attributes (variant_id, attr_key, attr_value, group_key) VALUES (9, 'L', '39.5', 'boyut');
INSERT INTO variant_attributes (variant_id, attr_key, attr_value, group_key) VALUES (9, 'KUTU_ADEDI', '125', 'adet_agirlik');
INSERT INTO variant_attributes (variant_id, attr_key, attr_value, group_key) VALUES (9, 'KUTU_AGIRLIGI', '~1,9 kg.', 'adet_agirlik');
INSERT INTO variant_attributes (variant_id, attr_key, attr_value, group_key) VALUES (9, 'KOLI_ADEDI', '1250.0', 'adet_agirlik');
INSERT INTO variant_attributes (variant_id, attr_key, attr_value, group_key) VALUES (9, 'KOLI_AGIRLIGI', '~19 kg.', 'adet_agirlik');
INSERT INTO product_variants (id, product_id, variant_code, sort_order) VALUES (10, 60, 'SKP-E/050-M10/SD', 10);
INSERT INTO variant_attributes (variant_id, attr_key, attr_value, group_key) VALUES (10, 'KABLO_KESITI', '50', 'kunye_filtre');
INSERT INTO variant_attributes (variant_id, attr_key, attr_value, group_key) VALUES (10, 'CIVATA', 'M10', 'kunye_filtre');
INSERT INTO variant_attributes (variant_id, attr_key, attr_value, group_key) VALUES (10, 'd1', '10', 'boyut');
INSERT INTO variant_attributes (variant_id, attr_key, attr_value, group_key) VALUES (10, 'd4', '12', 'boyut');
INSERT INTO variant_attributes (variant_id, attr_key, attr_value, group_key) VALUES (10, 'a', '20', 'boyut');
INSERT INTO variant_attributes (variant_id, attr_key, attr_value, group_key) VALUES (10, 'd2', '10.5', 'boyut');
INSERT INTO variant_attributes (variant_id, attr_key, attr_value, group_key) VALUES (10, 'b', '18', 'boyut');
INSERT INTO variant_attributes (variant_id, attr_key, attr_value, group_key) VALUES (10, 'c1', '11', 'boyut');
INSERT INTO variant_attributes (variant_id, attr_key, attr_value, group_key) VALUES (10, 'c2', '11', 'boyut');
INSERT INTO variant_attributes (variant_id, attr_key, attr_value, group_key) VALUES (10, 'L', '39.5', 'boyut');
INSERT INTO variant_attributes (variant_id, attr_key, attr_value, group_key) VALUES (10, 'KUTU_ADEDI', '125', 'adet_agirlik');
INSERT INTO variant_attributes (variant_id, attr_key, attr_value, group_key) VALUES (10, 'KUTU_AGIRLIGI', '~1,8 kg.', 'adet_agirlik');
INSERT INTO variant_attributes (variant_id, attr_key, attr_value, group_key) VALUES (10, 'KOLI_ADEDI', '1250.0', 'adet_agirlik');
INSERT INTO variant_attributes (variant_id, attr_key, attr_value, group_key) VALUES (10, 'KOLI_AGIRLIGI', '~18 kg.', 'adet_agirlik');
INSERT INTO product_variants (id, product_id, variant_code, sort_order) VALUES (11, 60, 'SKP-E/070-M06', 11);
INSERT INTO variant_attributes (variant_id, attr_key, attr_value, group_key) VALUES (11, 'KABLO_KESITI', '70', 'kunye_filtre');
INSERT INTO variant_attributes (variant_id, attr_key, attr_value, group_key) VALUES (11, 'CIVATA', 'M6', 'kunye_filtre');
INSERT INTO variant_attributes (variant_id, attr_key, attr_value, group_key) VALUES (11, 'd1', '11.5', 'boyut');
INSERT INTO variant_attributes (variant_id, attr_key, attr_value, group_key) VALUES (11, 'd4', '14', 'boyut');
INSERT INTO variant_attributes (variant_id, attr_key, attr_value, group_key) VALUES (11, 'a', '22', 'boyut');
INSERT INTO variant_attributes (variant_id, attr_key, attr_value, group_key) VALUES (11, 'd2', '6.5', 'boyut');
INSERT INTO variant_attributes (variant_id, attr_key, attr_value, group_key) VALUES (11, 'b', '21', 'boyut');
INSERT INTO variant_attributes (variant_id, attr_key, attr_value, group_key) VALUES (11, 'c1', '11', 'boyut');
INSERT INTO variant_attributes (variant_id, attr_key, attr_value, group_key) VALUES (11, 'c2', '11', 'boyut');
INSERT INTO variant_attributes (variant_id, attr_key, attr_value, group_key) VALUES (11, 'L', '42', 'boyut');
INSERT INTO variant_attributes (variant_id, attr_key, attr_value, group_key) VALUES (11, 'KUTU_ADEDI', '80', 'adet_agirlik');
INSERT INTO variant_attributes (variant_id, attr_key, attr_value, group_key) VALUES (11, 'KUTU_AGIRLIGI', '~1,7 kg.', 'adet_agirlik');
INSERT INTO variant_attributes (variant_id, attr_key, attr_value, group_key) VALUES (11, 'KOLI_ADEDI', '800.0', 'adet_agirlik');
INSERT INTO variant_attributes (variant_id, attr_key, attr_value, group_key) VALUES (11, 'KOLI_AGIRLIGI', '~17 kg.', 'adet_agirlik');
INSERT INTO product_variants (id, product_id, variant_code, sort_order) VALUES (12, 60, 'SKP-E/070-M08', 12);
INSERT INTO variant_attributes (variant_id, attr_key, attr_value, group_key) VALUES (12, 'KABLO_KESITI', '70', 'kunye_filtre');
INSERT INTO variant_attributes (variant_id, attr_key, attr_value, group_key) VALUES (12, 'CIVATA', 'M8', 'kunye_filtre');
INSERT INTO variant_attributes (variant_id, attr_key, attr_value, group_key) VALUES (12, 'd1', '11.5', 'boyut');
INSERT INTO variant_attributes (variant_id, attr_key, attr_value, group_key) VALUES (12, 'd4', '14', 'boyut');
INSERT INTO variant_attributes (variant_id, attr_key, attr_value, group_key) VALUES (12, 'a', '22', 'boyut');
INSERT INTO variant_attributes (variant_id, attr_key, attr_value, group_key) VALUES (12, 'd2', '8.5', 'boyut');
INSERT INTO variant_attributes (variant_id, attr_key, attr_value, group_key) VALUES (12, 'b', '21', 'boyut');
INSERT INTO variant_attributes (variant_id, attr_key, attr_value, group_key) VALUES (12, 'c1', '11', 'boyut');
INSERT INTO variant_attributes (variant_id, attr_key, attr_value, group_key) VALUES (12, 'c2', '11', 'boyut');
INSERT INTO variant_attributes (variant_id, attr_key, attr_value, group_key) VALUES (12, 'L', '42', 'boyut');
INSERT INTO variant_attributes (variant_id, attr_key, attr_value, group_key) VALUES (12, 'KUTU_ADEDI', '80', 'adet_agirlik');
INSERT INTO variant_attributes (variant_id, attr_key, attr_value, group_key) VALUES (12, 'KUTU_AGIRLIGI', '~1,7 kg.', 'adet_agirlik');
INSERT INTO variant_attributes (variant_id, attr_key, attr_value, group_key) VALUES (12, 'KOLI_ADEDI', '800.0', 'adet_agirlik');
INSERT INTO variant_attributes (variant_id, attr_key, attr_value, group_key) VALUES (12, 'KOLI_AGIRLIGI', '~17 kg.', 'adet_agirlik');
INSERT INTO product_variants (id, product_id, variant_code, sort_order) VALUES (13, 60, 'SKP-E/070-M10/SD', 13);
INSERT INTO variant_attributes (variant_id, attr_key, attr_value, group_key) VALUES (13, 'KABLO_KESITI', '70', 'kunye_filtre');
INSERT INTO variant_attributes (variant_id, attr_key, attr_value, group_key) VALUES (13, 'CIVATA', 'M10', 'kunye_filtre');
INSERT INTO variant_attributes (variant_id, attr_key, attr_value, group_key) VALUES (13, 'd1', '11.5', 'boyut');
INSERT INTO variant_attributes (variant_id, attr_key, attr_value, group_key) VALUES (13, 'd4', '14', 'boyut');
INSERT INTO variant_attributes (variant_id, attr_key, attr_value, group_key) VALUES (13, 'a', '22', 'boyut');
INSERT INTO variant_attributes (variant_id, attr_key, attr_value, group_key) VALUES (13, 'd2', '10.5', 'boyut');
INSERT INTO variant_attributes (variant_id, attr_key, attr_value, group_key) VALUES (13, 'b', '21', 'boyut');
INSERT INTO variant_attributes (variant_id, attr_key, attr_value, group_key) VALUES (13, 'c1', '11', 'boyut');
INSERT INTO variant_attributes (variant_id, attr_key, attr_value, group_key) VALUES (13, 'c2', '11', 'boyut');
INSERT INTO variant_attributes (variant_id, attr_key, attr_value, group_key) VALUES (13, 'L', '42', 'boyut');
INSERT INTO variant_attributes (variant_id, attr_key, attr_value, group_key) VALUES (13, 'KUTU_ADEDI', '80', 'adet_agirlik');
INSERT INTO variant_attributes (variant_id, attr_key, attr_value, group_key) VALUES (13, 'KUTU_AGIRLIGI', '~1,7 kg.', 'adet_agirlik');
INSERT INTO variant_attributes (variant_id, attr_key, attr_value, group_key) VALUES (13, 'KOLI_ADEDI', '800.0', 'adet_agirlik');
INSERT INTO variant_attributes (variant_id, attr_key, attr_value, group_key) VALUES (13, 'KOLI_AGIRLIGI', '~17 kg.', 'adet_agirlik');
INSERT INTO product_variants (id, product_id, variant_code, sort_order) VALUES (14, 60, 'SKP-E/095-M08', 14);
INSERT INTO variant_attributes (variant_id, attr_key, attr_value, group_key) VALUES (14, 'KABLO_KESITI', '95', 'kunye_filtre');
INSERT INTO variant_attributes (variant_id, attr_key, attr_value, group_key) VALUES (14, 'CIVATA', 'M8', 'kunye_filtre');
INSERT INTO variant_attributes (variant_id, attr_key, attr_value, group_key) VALUES (14, 'd1', '13.5', 'boyut');
INSERT INTO variant_attributes (variant_id, attr_key, attr_value, group_key) VALUES (14, 'd4', '16', 'boyut');
INSERT INTO variant_attributes (variant_id, attr_key, attr_value, group_key) VALUES (14, 'a', '25', 'boyut');
INSERT INTO variant_attributes (variant_id, attr_key, attr_value, group_key) VALUES (14, 'd2', '8.5', 'boyut');
INSERT INTO variant_attributes (variant_id, attr_key, attr_value, group_key) VALUES (14, 'b', '24.5', 'boyut');
INSERT INTO variant_attributes (variant_id, attr_key, attr_value, group_key) VALUES (14, 'c1', '12', 'boyut');
INSERT INTO variant_attributes (variant_id, attr_key, attr_value, group_key) VALUES (14, 'c2', '12.5', 'boyut');
INSERT INTO variant_attributes (variant_id, attr_key, attr_value, group_key) VALUES (14, 'L', '48', 'boyut');
INSERT INTO variant_attributes (variant_id, attr_key, attr_value, group_key) VALUES (14, 'KUTU_ADEDI', '60', 'adet_agirlik');
INSERT INTO variant_attributes (variant_id, attr_key, attr_value, group_key) VALUES (14, 'KUTU_AGIRLIGI', '~1,8 kg.', 'adet_agirlik');
INSERT INTO variant_attributes (variant_id, attr_key, attr_value, group_key) VALUES (14, 'KOLI_ADEDI', '600.0', 'adet_agirlik');
INSERT INTO variant_attributes (variant_id, attr_key, attr_value, group_key) VALUES (14, 'KOLI_AGIRLIGI', '~18 kg.', 'adet_agirlik');
INSERT INTO product_variants (id, product_id, variant_code, sort_order) VALUES (15, 60, 'SKP-E/095-M10', 15);
INSERT INTO variant_attributes (variant_id, attr_key, attr_value, group_key) VALUES (15, 'KABLO_KESITI', '95', 'kunye_filtre');
INSERT INTO variant_attributes (variant_id, attr_key, attr_value, group_key) VALUES (15, 'CIVATA', 'M10', 'kunye_filtre');
INSERT INTO variant_attributes (variant_id, attr_key, attr_value, group_key) VALUES (15, 'd1', '13.5', 'boyut');
INSERT INTO variant_attributes (variant_id, attr_key, attr_value, group_key) VALUES (15, 'd4', '16', 'boyut');
INSERT INTO variant_attributes (variant_id, attr_key, attr_value, group_key) VALUES (15, 'a', '25', 'boyut');
INSERT INTO variant_attributes (variant_id, attr_key, attr_value, group_key) VALUES (15, 'd2', '10.5', 'boyut');
INSERT INTO variant_attributes (variant_id, attr_key, attr_value, group_key) VALUES (15, 'b', '24.5', 'boyut');
INSERT INTO variant_attributes (variant_id, attr_key, attr_value, group_key) VALUES (15, 'c1', '12', 'boyut');
INSERT INTO variant_attributes (variant_id, attr_key, attr_value, group_key) VALUES (15, 'c2', '12.5', 'boyut');
INSERT INTO variant_attributes (variant_id, attr_key, attr_value, group_key) VALUES (15, 'L', '48', 'boyut');
INSERT INTO variant_attributes (variant_id, attr_key, attr_value, group_key) VALUES (15, 'KUTU_ADEDI', '60', 'adet_agirlik');
INSERT INTO variant_attributes (variant_id, attr_key, attr_value, group_key) VALUES (15, 'KUTU_AGIRLIGI', '~1,9 kg.', 'adet_agirlik');
INSERT INTO variant_attributes (variant_id, attr_key, attr_value, group_key) VALUES (15, 'KOLI_ADEDI', '600.0', 'adet_agirlik');
INSERT INTO variant_attributes (variant_id, attr_key, attr_value, group_key) VALUES (15, 'KOLI_AGIRLIGI', '~19 kg.', 'adet_agirlik');
INSERT INTO product_variants (id, product_id, variant_code, sort_order) VALUES (16, 60, 'SKP-E/095-M12/SD', 16);
INSERT INTO variant_attributes (variant_id, attr_key, attr_value, group_key) VALUES (16, 'KABLO_KESITI', '95', 'kunye_filtre');
INSERT INTO variant_attributes (variant_id, attr_key, attr_value, group_key) VALUES (16, 'CIVATA', 'M12', 'kunye_filtre');
INSERT INTO variant_attributes (variant_id, attr_key, attr_value, group_key) VALUES (16, 'd1', '13.5', 'boyut');
INSERT INTO variant_attributes (variant_id, attr_key, attr_value, group_key) VALUES (16, 'd4', '16', 'boyut');
INSERT INTO variant_attributes (variant_id, attr_key, attr_value, group_key) VALUES (16, 'a', '25', 'boyut');
INSERT INTO variant_attributes (variant_id, attr_key, attr_value, group_key) VALUES (16, 'd2', '13', 'boyut');
INSERT INTO variant_attributes (variant_id, attr_key, attr_value, group_key) VALUES (16, 'b', '24.5', 'boyut');
INSERT INTO variant_attributes (variant_id, attr_key, attr_value, group_key) VALUES (16, 'c1', '12', 'boyut');
INSERT INTO variant_attributes (variant_id, attr_key, attr_value, group_key) VALUES (16, 'c2', '12.5', 'boyut');
INSERT INTO variant_attributes (variant_id, attr_key, attr_value, group_key) VALUES (16, 'L', '48', 'boyut');
INSERT INTO variant_attributes (variant_id, attr_key, attr_value, group_key) VALUES (16, 'KUTU_ADEDI', '60', 'adet_agirlik');
INSERT INTO variant_attributes (variant_id, attr_key, attr_value, group_key) VALUES (16, 'KUTU_AGIRLIGI', '~1,8 kg.', 'adet_agirlik');
INSERT INTO variant_attributes (variant_id, attr_key, attr_value, group_key) VALUES (16, 'KOLI_ADEDI', '600.0', 'adet_agirlik');
INSERT INTO variant_attributes (variant_id, attr_key, attr_value, group_key) VALUES (16, 'KOLI_AGIRLIGI', '~18 kg.', 'adet_agirlik');
INSERT INTO product_variants (id, product_id, variant_code, sort_order) VALUES (17, 60, 'SKP-E/120-M08', 17);
INSERT INTO variant_attributes (variant_id, attr_key, attr_value, group_key) VALUES (17, 'KABLO_KESITI', '120', 'kunye_filtre');
INSERT INTO variant_attributes (variant_id, attr_key, attr_value, group_key) VALUES (17, 'CIVATA', 'M8', 'kunye_filtre');
INSERT INTO variant_attributes (variant_id, attr_key, attr_value, group_key) VALUES (17, 'd1', '15.5', 'boyut');
INSERT INTO variant_attributes (variant_id, attr_key, attr_value, group_key) VALUES (17, 'd4', '18', 'boyut');
INSERT INTO variant_attributes (variant_id, attr_key, attr_value, group_key) VALUES (17, 'a', '27', 'boyut');
INSERT INTO variant_attributes (variant_id, attr_key, attr_value, group_key) VALUES (17, 'd2', '8.5', 'boyut');
INSERT INTO variant_attributes (variant_id, attr_key, attr_value, group_key) VALUES (17, 'b', '27', 'boyut');
INSERT INTO variant_attributes (variant_id, attr_key, attr_value, group_key) VALUES (17, 'c1', '14', 'boyut');
INSERT INTO variant_attributes (variant_id, attr_key, attr_value, group_key) VALUES (17, 'c2', '14', 'boyut');
INSERT INTO variant_attributes (variant_id, attr_key, attr_value, group_key) VALUES (17, 'L', '52', 'boyut');
INSERT INTO variant_attributes (variant_id, attr_key, attr_value, group_key) VALUES (17, 'KUTU_ADEDI', '50', 'adet_agirlik');
INSERT INTO variant_attributes (variant_id, attr_key, attr_value, group_key) VALUES (17, 'KUTU_AGIRLIGI', '~1,8 kg.', 'adet_agirlik');
INSERT INTO variant_attributes (variant_id, attr_key, attr_value, group_key) VALUES (17, 'KOLI_ADEDI', '500.0', 'adet_agirlik');
INSERT INTO variant_attributes (variant_id, attr_key, attr_value, group_key) VALUES (17, 'KOLI_AGIRLIGI', '~18 kg.', 'adet_agirlik');
INSERT INTO product_variants (id, product_id, variant_code, sort_order) VALUES (18, 60, 'SKP-E/120-M10', 18);
INSERT INTO variant_attributes (variant_id, attr_key, attr_value, group_key) VALUES (18, 'KABLO_KESITI', '120', 'kunye_filtre');
INSERT INTO variant_attributes (variant_id, attr_key, attr_value, group_key) VALUES (18, 'CIVATA', 'M10', 'kunye_filtre');
INSERT INTO variant_attributes (variant_id, attr_key, attr_value, group_key) VALUES (18, 'd1', '15.5', 'boyut');
INSERT INTO variant_attributes (variant_id, attr_key, attr_value, group_key) VALUES (18, 'd4', '18', 'boyut');
INSERT INTO variant_attributes (variant_id, attr_key, attr_value, group_key) VALUES (18, 'a', '27', 'boyut');
INSERT INTO variant_attributes (variant_id, attr_key, attr_value, group_key) VALUES (18, 'd2', '10.5', 'boyut');
INSERT INTO variant_attributes (variant_id, attr_key, attr_value, group_key) VALUES (18, 'b', '27', 'boyut');
INSERT INTO variant_attributes (variant_id, attr_key, attr_value, group_key) VALUES (18, 'c1', '14', 'boyut');
INSERT INTO variant_attributes (variant_id, attr_key, attr_value, group_key) VALUES (18, 'c2', '14', 'boyut');
INSERT INTO variant_attributes (variant_id, attr_key, attr_value, group_key) VALUES (18, 'L', '52', 'boyut');
INSERT INTO variant_attributes (variant_id, attr_key, attr_value, group_key) VALUES (18, 'KUTU_ADEDI', '50', 'adet_agirlik');
INSERT INTO variant_attributes (variant_id, attr_key, attr_value, group_key) VALUES (18, 'KUTU_AGIRLIGI', '~1,8 kg.', 'adet_agirlik');
INSERT INTO variant_attributes (variant_id, attr_key, attr_value, group_key) VALUES (18, 'KOLI_ADEDI', '500.0', 'adet_agirlik');
INSERT INTO variant_attributes (variant_id, attr_key, attr_value, group_key) VALUES (18, 'KOLI_AGIRLIGI', '~18 kg.', 'adet_agirlik');
INSERT INTO product_variants (id, product_id, variant_code, sort_order) VALUES (19, 60, 'SKP-E/120-M12/SD', 19);
INSERT INTO variant_attributes (variant_id, attr_key, attr_value, group_key) VALUES (19, 'KABLO_KESITI', '120', 'kunye_filtre');
INSERT INTO variant_attributes (variant_id, attr_key, attr_value, group_key) VALUES (19, 'CIVATA', 'M12', 'kunye_filtre');
INSERT INTO variant_attributes (variant_id, attr_key, attr_value, group_key) VALUES (19, 'd1', '15.5', 'boyut');
INSERT INTO variant_attributes (variant_id, attr_key, attr_value, group_key) VALUES (19, 'd4', '18', 'boyut');
INSERT INTO variant_attributes (variant_id, attr_key, attr_value, group_key) VALUES (19, 'a', '27', 'boyut');
INSERT INTO variant_attributes (variant_id, attr_key, attr_value, group_key) VALUES (19, 'd2', '13', 'boyut');
INSERT INTO variant_attributes (variant_id, attr_key, attr_value, group_key) VALUES (19, 'b', '27', 'boyut');
INSERT INTO variant_attributes (variant_id, attr_key, attr_value, group_key) VALUES (19, 'c1', '14', 'boyut');
INSERT INTO variant_attributes (variant_id, attr_key, attr_value, group_key) VALUES (19, 'c2', '14', 'boyut');
INSERT INTO variant_attributes (variant_id, attr_key, attr_value, group_key) VALUES (19, 'L', '52', 'boyut');
INSERT INTO variant_attributes (variant_id, attr_key, attr_value, group_key) VALUES (19, 'KUTU_ADEDI', '50', 'adet_agirlik');
INSERT INTO variant_attributes (variant_id, attr_key, attr_value, group_key) VALUES (19, 'KUTU_AGIRLIGI', '~1,8 kg.', 'adet_agirlik');
INSERT INTO variant_attributes (variant_id, attr_key, attr_value, group_key) VALUES (19, 'KOLI_ADEDI', '500.0', 'adet_agirlik');
INSERT INTO variant_attributes (variant_id, attr_key, attr_value, group_key) VALUES (19, 'KOLI_AGIRLIGI', '~18 kg.', 'adet_agirlik');
INSERT INTO product_variants (id, product_id, variant_code, sort_order) VALUES (20, 60, 'SKP-E/150-M08', 20);
INSERT INTO variant_attributes (variant_id, attr_key, attr_value, group_key) VALUES (20, 'KABLO_KESITI', '150', 'kunye_filtre');
INSERT INTO variant_attributes (variant_id, attr_key, attr_value, group_key) VALUES (20, 'CIVATA', 'M8', 'kunye_filtre');
INSERT INTO variant_attributes (variant_id, attr_key, attr_value, group_key) VALUES (20, 'd1', '16.5', 'boyut');
INSERT INTO variant_attributes (variant_id, attr_key, attr_value, group_key) VALUES (20, 'd4', '20', 'boyut');
INSERT INTO variant_attributes (variant_id, attr_key, attr_value, group_key) VALUES (20, 'a', '29', 'boyut');
INSERT INTO variant_attributes (variant_id, attr_key, attr_value, group_key) VALUES (20, 'd2', '8.5', 'boyut');
INSERT INTO variant_attributes (variant_id, attr_key, attr_value, group_key) VALUES (20, 'b', '29', 'boyut');
INSERT INTO variant_attributes (variant_id, attr_key, attr_value, group_key) VALUES (20, 'c1', '14', 'boyut');
INSERT INTO variant_attributes (variant_id, attr_key, attr_value, group_key) VALUES (20, 'c2', '14', 'boyut');
INSERT INTO variant_attributes (variant_id, attr_key, attr_value, group_key) VALUES (20, 'L', '54.5', 'boyut');
INSERT INTO variant_attributes (variant_id, attr_key, attr_value, group_key) VALUES (20, 'KUTU_ADEDI', '35', 'adet_agirlik');
INSERT INTO variant_attributes (variant_id, attr_key, attr_value, group_key) VALUES (20, 'KUTU_AGIRLIGI', '~2,0 kg.', 'adet_agirlik');
INSERT INTO variant_attributes (variant_id, attr_key, attr_value, group_key) VALUES (20, 'KOLI_ADEDI', '350.0', 'adet_agirlik');
INSERT INTO variant_attributes (variant_id, attr_key, attr_value, group_key) VALUES (20, 'KOLI_AGIRLIGI', '~20 kg.', 'adet_agirlik');
INSERT INTO product_variants (id, product_id, variant_code, sort_order) VALUES (21, 60, 'SKP-E/150-M10', 21);
INSERT INTO variant_attributes (variant_id, attr_key, attr_value, group_key) VALUES (21, 'KABLO_KESITI', '150', 'kunye_filtre');
INSERT INTO variant_attributes (variant_id, attr_key, attr_value, group_key) VALUES (21, 'CIVATA', 'M10', 'kunye_filtre');
INSERT INTO variant_attributes (variant_id, attr_key, attr_value, group_key) VALUES (21, 'd1', '16.5', 'boyut');
INSERT INTO variant_attributes (variant_id, attr_key, attr_value, group_key) VALUES (21, 'd4', '20', 'boyut');
INSERT INTO variant_attributes (variant_id, attr_key, attr_value, group_key) VALUES (21, 'a', '29', 'boyut');
INSERT INTO variant_attributes (variant_id, attr_key, attr_value, group_key) VALUES (21, 'd2', '10.5', 'boyut');
INSERT INTO variant_attributes (variant_id, attr_key, attr_value, group_key) VALUES (21, 'b', '29', 'boyut');
INSERT INTO variant_attributes (variant_id, attr_key, attr_value, group_key) VALUES (21, 'c1', '14', 'boyut');
INSERT INTO variant_attributes (variant_id, attr_key, attr_value, group_key) VALUES (21, 'c2', '14', 'boyut');
INSERT INTO variant_attributes (variant_id, attr_key, attr_value, group_key) VALUES (21, 'L', '54.5', 'boyut');
INSERT INTO variant_attributes (variant_id, attr_key, attr_value, group_key) VALUES (21, 'KUTU_ADEDI', '35', 'adet_agirlik');
INSERT INTO variant_attributes (variant_id, attr_key, attr_value, group_key) VALUES (21, 'KUTU_AGIRLIGI', '~2,0 kg.', 'adet_agirlik');
INSERT INTO variant_attributes (variant_id, attr_key, attr_value, group_key) VALUES (21, 'KOLI_ADEDI', '350.0', 'adet_agirlik');
INSERT INTO variant_attributes (variant_id, attr_key, attr_value, group_key) VALUES (21, 'KOLI_AGIRLIGI', '~20 kg.', 'adet_agirlik');
INSERT INTO product_variants (id, product_id, variant_code, sort_order) VALUES (22, 60, 'SKP-E/150-M12/SD', 22);
INSERT INTO variant_attributes (variant_id, attr_key, attr_value, group_key) VALUES (22, 'KABLO_KESITI', '150', 'kunye_filtre');
INSERT INTO variant_attributes (variant_id, attr_key, attr_value, group_key) VALUES (22, 'CIVATA', 'M12', 'kunye_filtre');
INSERT INTO variant_attributes (variant_id, attr_key, attr_value, group_key) VALUES (22, 'd1', '16.5', 'boyut');
INSERT INTO variant_attributes (variant_id, attr_key, attr_value, group_key) VALUES (22, 'd4', '20', 'boyut');
INSERT INTO variant_attributes (variant_id, attr_key, attr_value, group_key) VALUES (22, 'a', '29', 'boyut');
INSERT INTO variant_attributes (variant_id, attr_key, attr_value, group_key) VALUES (22, 'd2', '13', 'boyut');
INSERT INTO variant_attributes (variant_id, attr_key, attr_value, group_key) VALUES (22, 'b', '29', 'boyut');
INSERT INTO variant_attributes (variant_id, attr_key, attr_value, group_key) VALUES (22, 'c1', '14', 'boyut');
INSERT INTO variant_attributes (variant_id, attr_key, attr_value, group_key) VALUES (22, 'c2', '14', 'boyut');
INSERT INTO variant_attributes (variant_id, attr_key, attr_value, group_key) VALUES (22, 'L', '54.5', 'boyut');
INSERT INTO variant_attributes (variant_id, attr_key, attr_value, group_key) VALUES (22, 'KUTU_ADEDI', '35', 'adet_agirlik');
INSERT INTO variant_attributes (variant_id, attr_key, attr_value, group_key) VALUES (22, 'KUTU_AGIRLIGI', '~2,0 kg.', 'adet_agirlik');
INSERT INTO variant_attributes (variant_id, attr_key, attr_value, group_key) VALUES (22, 'KOLI_ADEDI', '350.0', 'adet_agirlik');
INSERT INTO variant_attributes (variant_id, attr_key, attr_value, group_key) VALUES (22, 'KOLI_AGIRLIGI', '~20 kg.', 'adet_agirlik');
INSERT INTO product_variants (id, product_id, variant_code, sort_order) VALUES (23, 60, 'SKP-E/185-M10', 23);
INSERT INTO variant_attributes (variant_id, attr_key, attr_value, group_key) VALUES (23, 'KABLO_KESITI', '185', 'kunye_filtre');
INSERT INTO variant_attributes (variant_id, attr_key, attr_value, group_key) VALUES (23, 'CIVATA', 'M10', 'kunye_filtre');
INSERT INTO variant_attributes (variant_id, attr_key, attr_value, group_key) VALUES (23, 'd1', '18.5', 'boyut');
INSERT INTO variant_attributes (variant_id, attr_key, attr_value, group_key) VALUES (23, 'd4', '22', 'boyut');
INSERT INTO variant_attributes (variant_id, attr_key, attr_value, group_key) VALUES (23, 'a', '32', 'boyut');
INSERT INTO variant_attributes (variant_id, attr_key, attr_value, group_key) VALUES (23, 'd2', '10.5', 'boyut');
INSERT INTO variant_attributes (variant_id, attr_key, attr_value, group_key) VALUES (23, 'b', '32', 'boyut');
INSERT INTO variant_attributes (variant_id, attr_key, attr_value, group_key) VALUES (23, 'c1', '14.5', 'boyut');
INSERT INTO variant_attributes (variant_id, attr_key, attr_value, group_key) VALUES (23, 'c2', '14.5', 'boyut');
INSERT INTO variant_attributes (variant_id, attr_key, attr_value, group_key) VALUES (23, 'L', '61.5', 'boyut');
INSERT INTO variant_attributes (variant_id, attr_key, attr_value, group_key) VALUES (23, 'KUTU_ADEDI', '25', 'adet_agirlik');
INSERT INTO variant_attributes (variant_id, attr_key, attr_value, group_key) VALUES (23, 'KUTU_AGIRLIGI', '~1,8 kg.', 'adet_agirlik');
INSERT INTO variant_attributes (variant_id, attr_key, attr_value, group_key) VALUES (23, 'KOLI_ADEDI', '250.0', 'adet_agirlik');
INSERT INTO variant_attributes (variant_id, attr_key, attr_value, group_key) VALUES (23, 'KOLI_AGIRLIGI', '~18 kg.', 'adet_agirlik');
INSERT INTO product_variants (id, product_id, variant_code, sort_order) VALUES (24, 60, 'SKP-E/185-M12/SD', 24);
INSERT INTO variant_attributes (variant_id, attr_key, attr_value, group_key) VALUES (24, 'KABLO_KESITI', '185', 'kunye_filtre');
INSERT INTO variant_attributes (variant_id, attr_key, attr_value, group_key) VALUES (24, 'CIVATA', 'M12', 'kunye_filtre');
INSERT INTO variant_attributes (variant_id, attr_key, attr_value, group_key) VALUES (24, 'd1', '18.5', 'boyut');
INSERT INTO variant_attributes (variant_id, attr_key, attr_value, group_key) VALUES (24, 'd4', '22', 'boyut');
INSERT INTO variant_attributes (variant_id, attr_key, attr_value, group_key) VALUES (24, 'a', '32', 'boyut');
INSERT INTO variant_attributes (variant_id, attr_key, attr_value, group_key) VALUES (24, 'd2', '13', 'boyut');
INSERT INTO variant_attributes (variant_id, attr_key, attr_value, group_key) VALUES (24, 'b', '32', 'boyut');
INSERT INTO variant_attributes (variant_id, attr_key, attr_value, group_key) VALUES (24, 'c1', '14.5', 'boyut');
INSERT INTO variant_attributes (variant_id, attr_key, attr_value, group_key) VALUES (24, 'c2', '14.5', 'boyut');
INSERT INTO variant_attributes (variant_id, attr_key, attr_value, group_key) VALUES (24, 'L', '61.5', 'boyut');
INSERT INTO variant_attributes (variant_id, attr_key, attr_value, group_key) VALUES (24, 'KUTU_ADEDI', '25', 'adet_agirlik');
INSERT INTO variant_attributes (variant_id, attr_key, attr_value, group_key) VALUES (24, 'KUTU_AGIRLIGI', '~1,8 kg.', 'adet_agirlik');
INSERT INTO variant_attributes (variant_id, attr_key, attr_value, group_key) VALUES (24, 'KOLI_ADEDI', '250.0', 'adet_agirlik');
INSERT INTO variant_attributes (variant_id, attr_key, attr_value, group_key) VALUES (24, 'KOLI_AGIRLIGI', '~18 kg.', 'adet_agirlik');
INSERT INTO product_variants (id, product_id, variant_code, sort_order) VALUES (25, 60, 'SKP-E/185-M16', 25);
INSERT INTO variant_attributes (variant_id, attr_key, attr_value, group_key) VALUES (25, 'KABLO_KESITI', '185', 'kunye_filtre');
INSERT INTO variant_attributes (variant_id, attr_key, attr_value, group_key) VALUES (25, 'CIVATA', 'M16', 'kunye_filtre');
INSERT INTO variant_attributes (variant_id, attr_key, attr_value, group_key) VALUES (25, 'd1', '18.5', 'boyut');
INSERT INTO variant_attributes (variant_id, attr_key, attr_value, group_key) VALUES (25, 'd4', '22', 'boyut');
INSERT INTO variant_attributes (variant_id, attr_key, attr_value, group_key) VALUES (25, 'a', '32', 'boyut');
INSERT INTO variant_attributes (variant_id, attr_key, attr_value, group_key) VALUES (25, 'd2', '16.5', 'boyut');
INSERT INTO variant_attributes (variant_id, attr_key, attr_value, group_key) VALUES (25, 'b', '32', 'boyut');
INSERT INTO variant_attributes (variant_id, attr_key, attr_value, group_key) VALUES (25, 'c1', '14.5', 'boyut');
INSERT INTO variant_attributes (variant_id, attr_key, attr_value, group_key) VALUES (25, 'c2', '14.5', 'boyut');
INSERT INTO variant_attributes (variant_id, attr_key, attr_value, group_key) VALUES (25, 'L', '61.5', 'boyut');
INSERT INTO variant_attributes (variant_id, attr_key, attr_value, group_key) VALUES (25, 'KUTU_ADEDI', '25', 'adet_agirlik');
INSERT INTO variant_attributes (variant_id, attr_key, attr_value, group_key) VALUES (25, 'KUTU_AGIRLIGI', '~1,8 kg.', 'adet_agirlik');
INSERT INTO variant_attributes (variant_id, attr_key, attr_value, group_key) VALUES (25, 'KOLI_ADEDI', '250.0', 'adet_agirlik');
INSERT INTO variant_attributes (variant_id, attr_key, attr_value, group_key) VALUES (25, 'KOLI_AGIRLIGI', '~18 kg.', 'adet_agirlik');
INSERT INTO product_variants (id, product_id, variant_code, sort_order) VALUES (26, 60, 'SKP-E/240-M10', 26);
INSERT INTO variant_attributes (variant_id, attr_key, attr_value, group_key) VALUES (26, 'KABLO_KESITI', '240', 'kunye_filtre');
INSERT INTO variant_attributes (variant_id, attr_key, attr_value, group_key) VALUES (26, 'CIVATA', 'M10', 'kunye_filtre');
INSERT INTO variant_attributes (variant_id, attr_key, attr_value, group_key) VALUES (26, 'd1', '21.5', 'boyut');
INSERT INTO variant_attributes (variant_id, attr_key, attr_value, group_key) VALUES (26, 'd4', '25.5', 'boyut');
INSERT INTO variant_attributes (variant_id, attr_key, attr_value, group_key) VALUES (26, 'a', '36.5', 'boyut');
INSERT INTO variant_attributes (variant_id, attr_key, attr_value, group_key) VALUES (26, 'd2', '10.5', 'boyut');
INSERT INTO variant_attributes (variant_id, attr_key, attr_value, group_key) VALUES (26, 'b', '37.5', 'boyut');
INSERT INTO variant_attributes (variant_id, attr_key, attr_value, group_key) VALUES (26, 'c1', '16', 'boyut');
INSERT INTO variant_attributes (variant_id, attr_key, attr_value, group_key) VALUES (26, 'c2', '16', 'boyut');
INSERT INTO variant_attributes (variant_id, attr_key, attr_value, group_key) VALUES (26, 'L', '69', 'boyut');
INSERT INTO variant_attributes (variant_id, attr_key, attr_value, group_key) VALUES (26, 'KUTU_ADEDI', '20', 'adet_agirlik');
INSERT INTO variant_attributes (variant_id, attr_key, attr_value, group_key) VALUES (26, 'KUTU_AGIRLIGI', '~2,2 kg.', 'adet_agirlik');
INSERT INTO variant_attributes (variant_id, attr_key, attr_value, group_key) VALUES (26, 'KOLI_ADEDI', '200.0', 'adet_agirlik');
INSERT INTO variant_attributes (variant_id, attr_key, attr_value, group_key) VALUES (26, 'KOLI_AGIRLIGI', '~22 kg.', 'adet_agirlik');
INSERT INTO product_variants (id, product_id, variant_code, sort_order) VALUES (27, 60, 'SKP-E/240-M12/SD', 27);
INSERT INTO variant_attributes (variant_id, attr_key, attr_value, group_key) VALUES (27, 'KABLO_KESITI', '240', 'kunye_filtre');
INSERT INTO variant_attributes (variant_id, attr_key, attr_value, group_key) VALUES (27, 'CIVATA', 'M12', 'kunye_filtre');
INSERT INTO variant_attributes (variant_id, attr_key, attr_value, group_key) VALUES (27, 'd1', '21.5', 'boyut');
INSERT INTO variant_attributes (variant_id, attr_key, attr_value, group_key) VALUES (27, 'd4', '25.5', 'boyut');
INSERT INTO variant_attributes (variant_id, attr_key, attr_value, group_key) VALUES (27, 'a', '36.5', 'boyut');
INSERT INTO variant_attributes (variant_id, attr_key, attr_value, group_key) VALUES (27, 'd2', '13', 'boyut');
INSERT INTO variant_attributes (variant_id, attr_key, attr_value, group_key) VALUES (27, 'b', '38', 'boyut');
INSERT INTO variant_attributes (variant_id, attr_key, attr_value, group_key) VALUES (27, 'c1', '16', 'boyut');
INSERT INTO variant_attributes (variant_id, attr_key, attr_value, group_key) VALUES (27, 'c2', '16', 'boyut');
INSERT INTO variant_attributes (variant_id, attr_key, attr_value, group_key) VALUES (27, 'L', '69', 'boyut');
INSERT INTO variant_attributes (variant_id, attr_key, attr_value, group_key) VALUES (27, 'KUTU_ADEDI', '20', 'adet_agirlik');
INSERT INTO variant_attributes (variant_id, attr_key, attr_value, group_key) VALUES (27, 'KUTU_AGIRLIGI', '~2,2 kg.', 'adet_agirlik');
INSERT INTO variant_attributes (variant_id, attr_key, attr_value, group_key) VALUES (27, 'KOLI_ADEDI', '200.0', 'adet_agirlik');
INSERT INTO variant_attributes (variant_id, attr_key, attr_value, group_key) VALUES (27, 'KOLI_AGIRLIGI', '~22 kg.', 'adet_agirlik');
INSERT INTO product_variants (id, product_id, variant_code, sort_order) VALUES (28, 60, 'SKP-E/240-M16', 28);
INSERT INTO variant_attributes (variant_id, attr_key, attr_value, group_key) VALUES (28, 'KABLO_KESITI', '240', 'kunye_filtre');
INSERT INTO variant_attributes (variant_id, attr_key, attr_value, group_key) VALUES (28, 'CIVATA', 'M16', 'kunye_filtre');
INSERT INTO variant_attributes (variant_id, attr_key, attr_value, group_key) VALUES (28, 'd1', '21.5', 'boyut');
INSERT INTO variant_attributes (variant_id, attr_key, attr_value, group_key) VALUES (28, 'd4', '25.5', 'boyut');
INSERT INTO variant_attributes (variant_id, attr_key, attr_value, group_key) VALUES (28, 'a', '36.5', 'boyut');
INSERT INTO variant_attributes (variant_id, attr_key, attr_value, group_key) VALUES (28, 'd2', '16.5', 'boyut');
INSERT INTO variant_attributes (variant_id, attr_key, attr_value, group_key) VALUES (28, 'b', '38', 'boyut');
INSERT INTO variant_attributes (variant_id, attr_key, attr_value, group_key) VALUES (28, 'c1', '16', 'boyut');
INSERT INTO variant_attributes (variant_id, attr_key, attr_value, group_key) VALUES (28, 'c2', '16', 'boyut');
INSERT INTO variant_attributes (variant_id, attr_key, attr_value, group_key) VALUES (28, 'L', '69', 'boyut');
INSERT INTO variant_attributes (variant_id, attr_key, attr_value, group_key) VALUES (28, 'KUTU_ADEDI', '20', 'adet_agirlik');
INSERT INTO variant_attributes (variant_id, attr_key, attr_value, group_key) VALUES (28, 'KUTU_AGIRLIGI', '~2,2 kg.', 'adet_agirlik');
INSERT INTO variant_attributes (variant_id, attr_key, attr_value, group_key) VALUES (28, 'KOLI_ADEDI', '200.0', 'adet_agirlik');
INSERT INTO variant_attributes (variant_id, attr_key, attr_value, group_key) VALUES (28, 'KOLI_AGIRLIGI', '~22 kg.', 'adet_agirlik');
INSERT INTO product_variants (id, product_id, variant_code, sort_order) VALUES (29, 69, 'SKP-S/GD/016-M06/SD', 29);
INSERT INTO variant_attributes (variant_id, attr_key, attr_value, group_key) VALUES (29, 'KABLO_KESITI', '16', 'kunye_filtre');
INSERT INTO variant_attributes (variant_id, attr_key, attr_value, group_key) VALUES (29, 'CIVATA', 'M06', 'kunye_filtre');
INSERT INTO variant_attributes (variant_id, attr_key, attr_value, group_key) VALUES (29, 'd1', '5.5', 'boyut');
INSERT INTO variant_attributes (variant_id, attr_key, attr_value, group_key) VALUES (29, 'd4', '7.5', 'boyut');
INSERT INTO variant_attributes (variant_id, attr_key, attr_value, group_key) VALUES (29, 'a', '12.5', 'boyut');
INSERT INTO variant_attributes (variant_id, attr_key, attr_value, group_key) VALUES (29, 'd2', '6.5', 'boyut');
INSERT INTO variant_attributes (variant_id, attr_key, attr_value, group_key) VALUES (29, 'b', '12', 'boyut');
INSERT INTO variant_attributes (variant_id, attr_key, attr_value, group_key) VALUES (29, 'c1', '7.5', 'boyut');
INSERT INTO variant_attributes (variant_id, attr_key, attr_value, group_key) VALUES (29, 'c2', '7.5', 'boyut');
INSERT INTO variant_attributes (variant_id, attr_key, attr_value, group_key) VALUES (29, 'L', '24', 'boyut');
INSERT INTO variant_attributes (variant_id, attr_key, attr_value, group_key) VALUES (29, 'KUTU_ADEDI', '400', 'adet_agirlik');
INSERT INTO variant_attributes (variant_id, attr_key, attr_value, group_key) VALUES (29, 'KUTU_AGIRLIGI', '~2,0 kg.', 'adet_agirlik');
INSERT INTO variant_attributes (variant_id, attr_key, attr_value, group_key) VALUES (29, 'KOLI_ADEDI', '3200.0', 'adet_agirlik');
INSERT INTO variant_attributes (variant_id, attr_key, attr_value, group_key) VALUES (29, 'KOLI_AGIRLIGI', '~16,0 kg', 'adet_agirlik');
INSERT INTO product_variants (id, product_id, variant_code, sort_order) VALUES (30, 69, 'SKP-S/GD/025-M08/SD', 30);
INSERT INTO variant_attributes (variant_id, attr_key, attr_value, group_key) VALUES (30, 'KABLO_KESITI', '25', 'kunye_filtre');
INSERT INTO variant_attributes (variant_id, attr_key, attr_value, group_key) VALUES (30, 'CIVATA', 'M08', 'kunye_filtre');
INSERT INTO variant_attributes (variant_id, attr_key, attr_value, group_key) VALUES (30, 'd1', '7', 'boyut');
INSERT INTO variant_attributes (variant_id, attr_key, attr_value, group_key) VALUES (30, 'd4', '9.5', 'boyut');
INSERT INTO variant_attributes (variant_id, attr_key, attr_value, group_key) VALUES (30, 'a', '17.5', 'boyut');
INSERT INTO variant_attributes (variant_id, attr_key, attr_value, group_key) VALUES (30, 'd2', '8.5', 'boyut');
INSERT INTO variant_attributes (variant_id, attr_key, attr_value, group_key) VALUES (30, 'b', '14', 'boyut');
INSERT INTO variant_attributes (variant_id, attr_key, attr_value, group_key) VALUES (30, 'c1', '8.5', 'boyut');
INSERT INTO variant_attributes (variant_id, attr_key, attr_value, group_key) VALUES (30, 'c2', '8.5', 'boyut');
INSERT INTO variant_attributes (variant_id, attr_key, attr_value, group_key) VALUES (30, 'L', '30.5', 'boyut');
INSERT INTO variant_attributes (variant_id, attr_key, attr_value, group_key) VALUES (30, 'KUTU_ADEDI', '300', 'adet_agirlik');
INSERT INTO variant_attributes (variant_id, attr_key, attr_value, group_key) VALUES (30, 'KUTU_AGIRLIGI', '~2,5 kg.', 'adet_agirlik');
INSERT INTO variant_attributes (variant_id, attr_key, attr_value, group_key) VALUES (30, 'KOLI_ADEDI', '2400.0', 'adet_agirlik');
INSERT INTO variant_attributes (variant_id, attr_key, attr_value, group_key) VALUES (30, 'KOLI_AGIRLIGI', '~20,0 kg', 'adet_agirlik');
INSERT INTO product_variants (id, product_id, variant_code, sort_order) VALUES (31, 69, 'SKP-S/GD/035-M08/SD', 31);
INSERT INTO variant_attributes (variant_id, attr_key, attr_value, group_key) VALUES (31, 'KABLO_KESITI', '35', 'kunye_filtre');
INSERT INTO variant_attributes (variant_id, attr_key, attr_value, group_key) VALUES (31, 'CIVATA', 'M08', 'kunye_filtre');
INSERT INTO variant_attributes (variant_id, attr_key, attr_value, group_key) VALUES (31, 'd1', '8.5', 'boyut');
INSERT INTO variant_attributes (variant_id, attr_key, attr_value, group_key) VALUES (31, 'd4', '11', 'boyut');
INSERT INTO variant_attributes (variant_id, attr_key, attr_value, group_key) VALUES (31, 'a', '19', 'boyut');
INSERT INTO variant_attributes (variant_id, attr_key, attr_value, group_key) VALUES (31, 'd2', '8.5', 'boyut');
INSERT INTO variant_attributes (variant_id, attr_key, attr_value, group_key) VALUES (31, 'b', '16.5', 'boyut');
INSERT INTO variant_attributes (variant_id, attr_key, attr_value, group_key) VALUES (31, 'c1', '9.5', 'boyut');
INSERT INTO variant_attributes (variant_id, attr_key, attr_value, group_key) VALUES (31, 'c2', '9.5', 'boyut');
INSERT INTO variant_attributes (variant_id, attr_key, attr_value, group_key) VALUES (31, 'L', '34.5', 'boyut');
INSERT INTO variant_attributes (variant_id, attr_key, attr_value, group_key) VALUES (31, 'KUTU_ADEDI', '200', 'adet_agirlik');
INSERT INTO variant_attributes (variant_id, attr_key, attr_value, group_key) VALUES (31, 'KUTU_AGIRLIGI', '~2,6 kg.', 'adet_agirlik');
INSERT INTO variant_attributes (variant_id, attr_key, attr_value, group_key) VALUES (31, 'KOLI_ADEDI', '1600.0', 'adet_agirlik');
INSERT INTO variant_attributes (variant_id, attr_key, attr_value, group_key) VALUES (31, 'KOLI_AGIRLIGI', '~20,8 kg', 'adet_agirlik');
INSERT INTO product_variants (id, product_id, variant_code, sort_order) VALUES (32, 69, 'SKP-S/GD/050-M10/SD', 32);
INSERT INTO variant_attributes (variant_id, attr_key, attr_value, group_key) VALUES (32, 'KABLO_KESITI', '50', 'kunye_filtre');
INSERT INTO variant_attributes (variant_id, attr_key, attr_value, group_key) VALUES (32, 'CIVATA', 'M10', 'kunye_filtre');
INSERT INTO variant_attributes (variant_id, attr_key, attr_value, group_key) VALUES (32, 'd1', '10', 'boyut');
INSERT INTO variant_attributes (variant_id, attr_key, attr_value, group_key) VALUES (32, 'd4', '13', 'boyut');
INSERT INTO variant_attributes (variant_id, attr_key, attr_value, group_key) VALUES (32, 'a', '20', 'boyut');
INSERT INTO variant_attributes (variant_id, attr_key, attr_value, group_key) VALUES (32, 'd2', '10.5', 'boyut');
INSERT INTO variant_attributes (variant_id, attr_key, attr_value, group_key) VALUES (32, 'b', '19', 'boyut');
INSERT INTO variant_attributes (variant_id, attr_key, attr_value, group_key) VALUES (32, 'c1', '11', 'boyut');
INSERT INTO variant_attributes (variant_id, attr_key, attr_value, group_key) VALUES (32, 'c2', '11', 'boyut');
INSERT INTO variant_attributes (variant_id, attr_key, attr_value, group_key) VALUES (32, 'L', '39.5', 'boyut');
INSERT INTO variant_attributes (variant_id, attr_key, attr_value, group_key) VALUES (32, 'KUTU_ADEDI', '125', 'adet_agirlik');
INSERT INTO variant_attributes (variant_id, attr_key, attr_value, group_key) VALUES (32, 'KUTU_AGIRLIGI', '~2,6 kg.', 'adet_agirlik');
INSERT INTO variant_attributes (variant_id, attr_key, attr_value, group_key) VALUES (32, 'KOLI_ADEDI', '1000.0', 'adet_agirlik');
INSERT INTO variant_attributes (variant_id, attr_key, attr_value, group_key) VALUES (32, 'KOLI_AGIRLIGI', '~20,8 kg', 'adet_agirlik');
INSERT INTO product_variants (id, product_id, variant_code, sort_order) VALUES (33, 69, 'SKP-S/GD/070-M10/SD', 33);
INSERT INTO variant_attributes (variant_id, attr_key, attr_value, group_key) VALUES (33, 'KABLO_KESITI', '70', 'kunye_filtre');
INSERT INTO variant_attributes (variant_id, attr_key, attr_value, group_key) VALUES (33, 'CIVATA', 'M10', 'kunye_filtre');
INSERT INTO variant_attributes (variant_id, attr_key, attr_value, group_key) VALUES (33, 'd1', '11.5', 'boyut');
INSERT INTO variant_attributes (variant_id, attr_key, attr_value, group_key) VALUES (33, 'd4', '14.5', 'boyut');
INSERT INTO variant_attributes (variant_id, attr_key, attr_value, group_key) VALUES (33, 'a', '21.5', 'boyut');
INSERT INTO variant_attributes (variant_id, attr_key, attr_value, group_key) VALUES (33, 'd2', '10.5', 'boyut');
INSERT INTO variant_attributes (variant_id, attr_key, attr_value, group_key) VALUES (33, 'b', '21', 'boyut');
INSERT INTO variant_attributes (variant_id, attr_key, attr_value, group_key) VALUES (33, 'c1', '11', 'boyut');
INSERT INTO variant_attributes (variant_id, attr_key, attr_value, group_key) VALUES (33, 'c2', '11', 'boyut');
INSERT INTO variant_attributes (variant_id, attr_key, attr_value, group_key) VALUES (33, 'L', '41.5', 'boyut');
INSERT INTO variant_attributes (variant_id, attr_key, attr_value, group_key) VALUES (33, 'KUTU_ADEDI', '80', 'adet_agirlik');
INSERT INTO variant_attributes (variant_id, attr_key, attr_value, group_key) VALUES (33, 'KUTU_AGIRLIGI', '~2,1 kg.', 'adet_agirlik');
INSERT INTO variant_attributes (variant_id, attr_key, attr_value, group_key) VALUES (33, 'KOLI_ADEDI', '640.0', 'adet_agirlik');
INSERT INTO variant_attributes (variant_id, attr_key, attr_value, group_key) VALUES (33, 'KOLI_AGIRLIGI', '~16,8 kg', 'adet_agirlik');
INSERT INTO product_variants (id, product_id, variant_code, sort_order) VALUES (34, 69, 'SKP-S/GD/095-M12/SD', 34);
INSERT INTO variant_attributes (variant_id, attr_key, attr_value, group_key) VALUES (34, 'KABLO_KESITI', '95', 'kunye_filtre');
INSERT INTO variant_attributes (variant_id, attr_key, attr_value, group_key) VALUES (34, 'CIVATA', 'M12', 'kunye_filtre');
INSERT INTO variant_attributes (variant_id, attr_key, attr_value, group_key) VALUES (34, 'd1', '13.5', 'boyut');
INSERT INTO variant_attributes (variant_id, attr_key, attr_value, group_key) VALUES (34, 'd4', '16.5', 'boyut');
INSERT INTO variant_attributes (variant_id, attr_key, attr_value, group_key) VALUES (34, 'a', '25', 'boyut');
INSERT INTO variant_attributes (variant_id, attr_key, attr_value, group_key) VALUES (34, 'd2', '13', 'boyut');
INSERT INTO variant_attributes (variant_id, attr_key, attr_value, group_key) VALUES (34, 'b', '24', 'boyut');
INSERT INTO variant_attributes (variant_id, attr_key, attr_value, group_key) VALUES (34, 'c1', '12.5', 'boyut');
INSERT INTO variant_attributes (variant_id, attr_key, attr_value, group_key) VALUES (34, 'c2', '12.5', 'boyut');
INSERT INTO variant_attributes (variant_id, attr_key, attr_value, group_key) VALUES (34, 'L', '48', 'boyut');
INSERT INTO variant_attributes (variant_id, attr_key, attr_value, group_key) VALUES (34, 'KUTU_ADEDI', '60', 'adet_agirlik');
INSERT INTO variant_attributes (variant_id, attr_key, attr_value, group_key) VALUES (34, 'KUTU_AGIRLIGI', '~1,9 kg.', 'adet_agirlik');
INSERT INTO variant_attributes (variant_id, attr_key, attr_value, group_key) VALUES (34, 'KOLI_ADEDI', '480.0', 'adet_agirlik');
INSERT INTO variant_attributes (variant_id, attr_key, attr_value, group_key) VALUES (34, 'KOLI_AGIRLIGI', '~15,2 kg', 'adet_agirlik');
INSERT INTO product_variants (id, product_id, variant_code, sort_order) VALUES (35, 69, 'SKP-S/GD/120-M12/SD', 35);
INSERT INTO variant_attributes (variant_id, attr_key, attr_value, group_key) VALUES (35, 'KABLO_KESITI', '120', 'kunye_filtre');
INSERT INTO variant_attributes (variant_id, attr_key, attr_value, group_key) VALUES (35, 'CIVATA', 'M12', 'kunye_filtre');
INSERT INTO variant_attributes (variant_id, attr_key, attr_value, group_key) VALUES (35, 'd1', '14.5', 'boyut');
INSERT INTO variant_attributes (variant_id, attr_key, attr_value, group_key) VALUES (35, 'd4', '18', 'boyut');
INSERT INTO variant_attributes (variant_id, attr_key, attr_value, group_key) VALUES (35, 'a', '27', 'boyut');
INSERT INTO variant_attributes (variant_id, attr_key, attr_value, group_key) VALUES (35, 'd2', '13', 'boyut');
INSERT INTO variant_attributes (variant_id, attr_key, attr_value, group_key) VALUES (35, 'b', '26.5', 'boyut');
INSERT INTO variant_attributes (variant_id, attr_key, attr_value, group_key) VALUES (35, 'c1', '14', 'boyut');
INSERT INTO variant_attributes (variant_id, attr_key, attr_value, group_key) VALUES (35, 'c2', '14', 'boyut');
INSERT INTO variant_attributes (variant_id, attr_key, attr_value, group_key) VALUES (35, 'L', '52', 'boyut');
INSERT INTO variant_attributes (variant_id, attr_key, attr_value, group_key) VALUES (35, 'KUTU_ADEDI', '50', 'adet_agirlik');
INSERT INTO variant_attributes (variant_id, attr_key, attr_value, group_key) VALUES (35, 'KUTU_AGIRLIGI', '~2,4 kg.', 'adet_agirlik');
INSERT INTO variant_attributes (variant_id, attr_key, attr_value, group_key) VALUES (35, 'KOLI_ADEDI', '400.0', 'adet_agirlik');
INSERT INTO variant_attributes (variant_id, attr_key, attr_value, group_key) VALUES (35, 'KOLI_AGIRLIGI', '~19,2 kg', 'adet_agirlik');
INSERT INTO product_variants (id, product_id, variant_code, sort_order) VALUES (36, 69, 'SKP-S/GD/150-M12/SD', 36);
INSERT INTO variant_attributes (variant_id, attr_key, attr_value, group_key) VALUES (36, 'KABLO_KESITI', '150', 'kunye_filtre');
INSERT INTO variant_attributes (variant_id, attr_key, attr_value, group_key) VALUES (36, 'CIVATA', 'M12', 'kunye_filtre');
INSERT INTO variant_attributes (variant_id, attr_key, attr_value, group_key) VALUES (36, 'd1', '16.5', 'boyut');
INSERT INTO variant_attributes (variant_id, attr_key, attr_value, group_key) VALUES (36, 'd4', '21', 'boyut');
INSERT INTO variant_attributes (variant_id, attr_key, attr_value, group_key) VALUES (36, 'a', '29', 'boyut');
INSERT INTO variant_attributes (variant_id, attr_key, attr_value, group_key) VALUES (36, 'd2', '13', 'boyut');
INSERT INTO variant_attributes (variant_id, attr_key, attr_value, group_key) VALUES (36, 'b', '30.5', 'boyut');
INSERT INTO variant_attributes (variant_id, attr_key, attr_value, group_key) VALUES (36, 'c1', '15', 'boyut');
INSERT INTO variant_attributes (variant_id, attr_key, attr_value, group_key) VALUES (36, 'c2', '15', 'boyut');
INSERT INTO variant_attributes (variant_id, attr_key, attr_value, group_key) VALUES (36, 'L', '57', 'boyut');
INSERT INTO variant_attributes (variant_id, attr_key, attr_value, group_key) VALUES (36, 'KUTU_ADEDI', '30', 'adet_agirlik');
INSERT INTO variant_attributes (variant_id, attr_key, attr_value, group_key) VALUES (36, 'KUTU_AGIRLIGI', '~2,4 kg.', 'adet_agirlik');
INSERT INTO variant_attributes (variant_id, attr_key, attr_value, group_key) VALUES (36, 'KOLI_ADEDI', '240.0', 'adet_agirlik');
INSERT INTO variant_attributes (variant_id, attr_key, attr_value, group_key) VALUES (36, 'KOLI_AGIRLIGI', '~19,2 kg', 'adet_agirlik');
INSERT INTO product_variants (id, product_id, variant_code, sort_order) VALUES (37, 69, 'SKP-S/GD/185-M12/SD', 37);
INSERT INTO variant_attributes (variant_id, attr_key, attr_value, group_key) VALUES (37, 'KABLO_KESITI', '185', 'kunye_filtre');
INSERT INTO variant_attributes (variant_id, attr_key, attr_value, group_key) VALUES (37, 'CIVATA', 'M12', 'kunye_filtre');
INSERT INTO variant_attributes (variant_id, attr_key, attr_value, group_key) VALUES (37, 'd1', '18.5', 'boyut');
INSERT INTO variant_attributes (variant_id, attr_key, attr_value, group_key) VALUES (37, 'd4', '23', 'boyut');
INSERT INTO variant_attributes (variant_id, attr_key, attr_value, group_key) VALUES (37, 'a', '33', 'boyut');
INSERT INTO variant_attributes (variant_id, attr_key, attr_value, group_key) VALUES (37, 'd2', '13', 'boyut');
INSERT INTO variant_attributes (variant_id, attr_key, attr_value, group_key) VALUES (37, 'b', '33.5', 'boyut');
INSERT INTO variant_attributes (variant_id, attr_key, attr_value, group_key) VALUES (37, 'c1', '16', 'boyut');
INSERT INTO variant_attributes (variant_id, attr_key, attr_value, group_key) VALUES (37, 'c2', '16', 'boyut');
INSERT INTO variant_attributes (variant_id, attr_key, attr_value, group_key) VALUES (37, 'L', '63', 'boyut');
INSERT INTO variant_attributes (variant_id, attr_key, attr_value, group_key) VALUES (37, 'KUTU_ADEDI', '20', 'adet_agirlik');
INSERT INTO variant_attributes (variant_id, attr_key, attr_value, group_key) VALUES (37, 'KUTU_AGIRLIGI', '~1,9 kg.', 'adet_agirlik');
INSERT INTO variant_attributes (variant_id, attr_key, attr_value, group_key) VALUES (37, 'KOLI_ADEDI', '160.0', 'adet_agirlik');
INSERT INTO variant_attributes (variant_id, attr_key, attr_value, group_key) VALUES (37, 'KOLI_AGIRLIGI', '~15,2 kg', 'adet_agirlik');
INSERT INTO product_variants (id, product_id, variant_code, sort_order) VALUES (38, 69, 'SKP-S/GD/240-M12/SD', 38);
INSERT INTO variant_attributes (variant_id, attr_key, attr_value, group_key) VALUES (38, 'KABLO_KESITI', '240', 'kunye_filtre');
INSERT INTO variant_attributes (variant_id, attr_key, attr_value, group_key) VALUES (38, 'CIVATA', 'M12', 'kunye_filtre');
INSERT INTO variant_attributes (variant_id, attr_key, attr_value, group_key) VALUES (38, 'd1', '21', 'boyut');
INSERT INTO variant_attributes (variant_id, attr_key, attr_value, group_key) VALUES (38, 'd4', '26', 'boyut');
INSERT INTO variant_attributes (variant_id, attr_key, attr_value, group_key) VALUES (38, 'a', '37', 'boyut');
INSERT INTO variant_attributes (variant_id, attr_key, attr_value, group_key) VALUES (38, 'd2', '13', 'boyut');
INSERT INTO variant_attributes (variant_id, attr_key, attr_value, group_key) VALUES (38, 'b', '38', 'boyut');
INSERT INTO variant_attributes (variant_id, attr_key, attr_value, group_key) VALUES (38, 'c1', '16.5', 'boyut');
INSERT INTO variant_attributes (variant_id, attr_key, attr_value, group_key) VALUES (38, 'c2', '16.5', 'boyut');
INSERT INTO variant_attributes (variant_id, attr_key, attr_value, group_key) VALUES (38, 'L', '70', 'boyut');
INSERT INTO variant_attributes (variant_id, attr_key, attr_value, group_key) VALUES (38, 'KUTU_ADEDI', '20', 'adet_agirlik');
INSERT INTO variant_attributes (variant_id, attr_key, attr_value, group_key) VALUES (38, 'KUTU_AGIRLIGI', '~2,7 kg.', 'adet_agirlik');
INSERT INTO variant_attributes (variant_id, attr_key, attr_value, group_key) VALUES (38, 'KOLI_ADEDI', '160.0', 'adet_agirlik');
INSERT INTO variant_attributes (variant_id, attr_key, attr_value, group_key) VALUES (38, 'KOLI_AGIRLIGI', '~21,6 kg', 'adet_agirlik');
INSERT INTO product_variants (id, product_id, variant_code, sort_order) VALUES (39, 55, 'SKP-A/006-M04', 39);
INSERT INTO variant_attributes (variant_id, attr_key, attr_value, group_key) VALUES (39, 'KABLO_KESITI', '6', 'kunye_filtre');
INSERT INTO variant_attributes (variant_id, attr_key, attr_value, group_key) VALUES (39, 'CIVATA', 'M4', 'kunye_filtre');
INSERT INTO variant_attributes (variant_id, attr_key, attr_value, group_key) VALUES (39, 'd1', '4', 'boyut');
INSERT INTO variant_attributes (variant_id, attr_key, attr_value, group_key) VALUES (39, 'd4', '5.5', 'boyut');
INSERT INTO variant_attributes (variant_id, attr_key, attr_value, group_key) VALUES (39, 'a', '9', 'boyut');
INSERT INTO variant_attributes (variant_id, attr_key, attr_value, group_key) VALUES (39, 'd2', '4.3', 'boyut');
INSERT INTO variant_attributes (variant_id, attr_key, attr_value, group_key) VALUES (39, 'b', '9', 'boyut');
INSERT INTO variant_attributes (variant_id, attr_key, attr_value, group_key) VALUES (39, 'c1', '6.5', 'boyut');
INSERT INTO variant_attributes (variant_id, attr_key, attr_value, group_key) VALUES (39, 'c2', '6.5', 'boyut');
INSERT INTO variant_attributes (variant_id, attr_key, attr_value, group_key) VALUES (39, 'L', '18', 'boyut');
INSERT INTO variant_attributes (variant_id, attr_key, attr_value, group_key) VALUES (39, 'KUTU_ADEDI', '1000', 'adet_agirlik');
INSERT INTO variant_attributes (variant_id, attr_key, attr_value, group_key) VALUES (39, 'KUTU_AGIRLIGI', '~2,2 kg.', 'adet_agirlik');
INSERT INTO variant_attributes (variant_id, attr_key, attr_value, group_key) VALUES (39, 'KOLI_ADEDI', '8000.0', 'adet_agirlik');
INSERT INTO variant_attributes (variant_id, attr_key, attr_value, group_key) VALUES (39, 'KOLI_AGIRLIGI', '17,6 kg.', 'adet_agirlik');
INSERT INTO product_variants (id, product_id, variant_code, sort_order) VALUES (40, 55, 'SKP-A/006-M05/SD', 40);
INSERT INTO variant_attributes (variant_id, attr_key, attr_value, group_key) VALUES (40, 'KABLO_KESITI', '6', 'kunye_filtre');
INSERT INTO variant_attributes (variant_id, attr_key, attr_value, group_key) VALUES (40, 'CIVATA', 'M5', 'kunye_filtre');
INSERT INTO variant_attributes (variant_id, attr_key, attr_value, group_key) VALUES (40, 'd1', '4', 'boyut');
INSERT INTO variant_attributes (variant_id, attr_key, attr_value, group_key) VALUES (40, 'd4', '5.5', 'boyut');
INSERT INTO variant_attributes (variant_id, attr_key, attr_value, group_key) VALUES (40, 'a', '9', 'boyut');
INSERT INTO variant_attributes (variant_id, attr_key, attr_value, group_key) VALUES (40, 'd2', '5.3', 'boyut');
INSERT INTO variant_attributes (variant_id, attr_key, attr_value, group_key) VALUES (40, 'b', '9', 'boyut');
INSERT INTO variant_attributes (variant_id, attr_key, attr_value, group_key) VALUES (40, 'c1', '6.5', 'boyut');
INSERT INTO variant_attributes (variant_id, attr_key, attr_value, group_key) VALUES (40, 'c2', '6.5', 'boyut');
INSERT INTO variant_attributes (variant_id, attr_key, attr_value, group_key) VALUES (40, 'L', '18', 'boyut');
INSERT INTO variant_attributes (variant_id, attr_key, attr_value, group_key) VALUES (40, 'KUTU_ADEDI', '1000', 'adet_agirlik');
INSERT INTO variant_attributes (variant_id, attr_key, attr_value, group_key) VALUES (40, 'KUTU_AGIRLIGI', '~2,2 kg.', 'adet_agirlik');
INSERT INTO variant_attributes (variant_id, attr_key, attr_value, group_key) VALUES (40, 'KOLI_ADEDI', '8000.0', 'adet_agirlik');
INSERT INTO variant_attributes (variant_id, attr_key, attr_value, group_key) VALUES (40, 'KOLI_AGIRLIGI', '17,6 kg.', 'adet_agirlik');
INSERT INTO product_variants (id, product_id, variant_code, sort_order) VALUES (41, 55, 'SKP-A/010-M04', 41);
INSERT INTO variant_attributes (variant_id, attr_key, attr_value, group_key) VALUES (41, 'KABLO_KESITI', '10', 'kunye_filtre');
INSERT INTO variant_attributes (variant_id, attr_key, attr_value, group_key) VALUES (41, 'CIVATA', 'M4', 'kunye_filtre');
INSERT INTO variant_attributes (variant_id, attr_key, attr_value, group_key) VALUES (41, 'd1', '4.5', 'boyut');
INSERT INTO variant_attributes (variant_id, attr_key, attr_value, group_key) VALUES (41, 'd4', '6', 'boyut');
INSERT INTO variant_attributes (variant_id, attr_key, attr_value, group_key) VALUES (41, 'a', '11.5', 'boyut');
INSERT INTO variant_attributes (variant_id, attr_key, attr_value, group_key) VALUES (41, 'd2', '4.3', 'boyut');
INSERT INTO variant_attributes (variant_id, attr_key, attr_value, group_key) VALUES (41, 'b', '9', 'boyut');
INSERT INTO variant_attributes (variant_id, attr_key, attr_value, group_key) VALUES (41, 'c1', '7', 'boyut');
INSERT INTO variant_attributes (variant_id, attr_key, attr_value, group_key) VALUES (41, 'c2', '7', 'boyut');
INSERT INTO variant_attributes (variant_id, attr_key, attr_value, group_key) VALUES (41, 'L', '20', 'boyut');
INSERT INTO variant_attributes (variant_id, attr_key, attr_value, group_key) VALUES (41, 'KUTU_ADEDI', '800', 'adet_agirlik');
INSERT INTO variant_attributes (variant_id, attr_key, attr_value, group_key) VALUES (41, 'KUTU_AGIRLIGI', '~2,2 kg.', 'adet_agirlik');
INSERT INTO variant_attributes (variant_id, attr_key, attr_value, group_key) VALUES (41, 'KOLI_ADEDI', '6400.0', 'adet_agirlik');
INSERT INTO variant_attributes (variant_id, attr_key, attr_value, group_key) VALUES (41, 'KOLI_AGIRLIGI', '17,6 kg.', 'adet_agirlik');
INSERT INTO product_variants (id, product_id, variant_code, sort_order) VALUES (42, 55, 'SKP-A/010-M05/SD', 42);
INSERT INTO variant_attributes (variant_id, attr_key, attr_value, group_key) VALUES (42, 'KABLO_KESITI', '10', 'kunye_filtre');
INSERT INTO variant_attributes (variant_id, attr_key, attr_value, group_key) VALUES (42, 'CIVATA', 'M5', 'kunye_filtre');
INSERT INTO variant_attributes (variant_id, attr_key, attr_value, group_key) VALUES (42, 'd1', '4.5', 'boyut');
INSERT INTO variant_attributes (variant_id, attr_key, attr_value, group_key) VALUES (42, 'd4', '6', 'boyut');
INSERT INTO variant_attributes (variant_id, attr_key, attr_value, group_key) VALUES (42, 'a', '11.5', 'boyut');
INSERT INTO variant_attributes (variant_id, attr_key, attr_value, group_key) VALUES (42, 'd2', '5.3', 'boyut');
INSERT INTO variant_attributes (variant_id, attr_key, attr_value, group_key) VALUES (42, 'b', '9', 'boyut');
INSERT INTO variant_attributes (variant_id, attr_key, attr_value, group_key) VALUES (42, 'c1', '7', 'boyut');
INSERT INTO variant_attributes (variant_id, attr_key, attr_value, group_key) VALUES (42, 'c2', '7', 'boyut');
INSERT INTO variant_attributes (variant_id, attr_key, attr_value, group_key) VALUES (42, 'L', '20', 'boyut');
INSERT INTO variant_attributes (variant_id, attr_key, attr_value, group_key) VALUES (42, 'KUTU_ADEDI', '800', 'adet_agirlik');
INSERT INTO variant_attributes (variant_id, attr_key, attr_value, group_key) VALUES (42, 'KUTU_AGIRLIGI', '~2,2 kg.', 'adet_agirlik');
INSERT INTO variant_attributes (variant_id, attr_key, attr_value, group_key) VALUES (42, 'KOLI_ADEDI', '6400.0', 'adet_agirlik');
INSERT INTO variant_attributes (variant_id, attr_key, attr_value, group_key) VALUES (42, 'KOLI_AGIRLIGI', '17,6 kg.', 'adet_agirlik');
INSERT INTO product_variants (id, product_id, variant_code, sort_order) VALUES (43, 55, 'SKP-A/016-M05', 43);
INSERT INTO variant_attributes (variant_id, attr_key, attr_value, group_key) VALUES (43, 'KABLO_KESITI', '16', 'kunye_filtre');
INSERT INTO variant_attributes (variant_id, attr_key, attr_value, group_key) VALUES (43, 'CIVATA', 'M5', 'kunye_filtre');
INSERT INTO variant_attributes (variant_id, attr_key, attr_value, group_key) VALUES (43, 'd1', '5.5', 'boyut');
INSERT INTO variant_attributes (variant_id, attr_key, attr_value, group_key) VALUES (43, 'd4', '7.5', 'boyut');
INSERT INTO variant_attributes (variant_id, attr_key, attr_value, group_key) VALUES (43, 'a', '13', 'boyut');
INSERT INTO variant_attributes (variant_id, attr_key, attr_value, group_key) VALUES (43, 'd2', '5.3', 'boyut');
INSERT INTO variant_attributes (variant_id, attr_key, attr_value, group_key) VALUES (43, 'b', '11.5', 'boyut');
INSERT INTO variant_attributes (variant_id, attr_key, attr_value, group_key) VALUES (43, 'c1', '7.5', 'boyut');
INSERT INTO variant_attributes (variant_id, attr_key, attr_value, group_key) VALUES (43, 'c2', '7.5', 'boyut');
INSERT INTO variant_attributes (variant_id, attr_key, attr_value, group_key) VALUES (43, 'L', '23.5', 'boyut');
INSERT INTO variant_attributes (variant_id, attr_key, attr_value, group_key) VALUES (43, 'KUTU_ADEDI', '400', 'adet_agirlik');
INSERT INTO variant_attributes (variant_id, attr_key, attr_value, group_key) VALUES (43, 'KUTU_AGIRLIGI', '~2,1 kg.', 'adet_agirlik');
INSERT INTO variant_attributes (variant_id, attr_key, attr_value, group_key) VALUES (43, 'KOLI_ADEDI', '3200.0', 'adet_agirlik');
INSERT INTO variant_attributes (variant_id, attr_key, attr_value, group_key) VALUES (43, 'KOLI_AGIRLIGI', '16,8 kg.', 'adet_agirlik');
INSERT INTO product_variants (id, product_id, variant_code, sort_order) VALUES (44, 55, 'SKP-A/016-M06/SD', 44);
INSERT INTO variant_attributes (variant_id, attr_key, attr_value, group_key) VALUES (44, 'KABLO_KESITI', '16', 'kunye_filtre');
INSERT INTO variant_attributes (variant_id, attr_key, attr_value, group_key) VALUES (44, 'CIVATA', 'M6', 'kunye_filtre');
INSERT INTO variant_attributes (variant_id, attr_key, attr_value, group_key) VALUES (44, 'd1', '5.5', 'boyut');
INSERT INTO variant_attributes (variant_id, attr_key, attr_value, group_key) VALUES (44, 'd4', '7.5', 'boyut');
INSERT INTO variant_attributes (variant_id, attr_key, attr_value, group_key) VALUES (44, 'a', '13', 'boyut');
INSERT INTO variant_attributes (variant_id, attr_key, attr_value, group_key) VALUES (44, 'd2', '6.5', 'boyut');
INSERT INTO variant_attributes (variant_id, attr_key, attr_value, group_key) VALUES (44, 'b', '11.5', 'boyut');
INSERT INTO variant_attributes (variant_id, attr_key, attr_value, group_key) VALUES (44, 'c1', '7.5', 'boyut');
INSERT INTO variant_attributes (variant_id, attr_key, attr_value, group_key) VALUES (44, 'c2', '7.5', 'boyut');
INSERT INTO variant_attributes (variant_id, attr_key, attr_value, group_key) VALUES (44, 'L', '23.5', 'boyut');
INSERT INTO variant_attributes (variant_id, attr_key, attr_value, group_key) VALUES (44, 'KUTU_ADEDI', '400', 'adet_agirlik');
INSERT INTO variant_attributes (variant_id, attr_key, attr_value, group_key) VALUES (44, 'KUTU_AGIRLIGI', '~2,0 kg.', 'adet_agirlik');
INSERT INTO variant_attributes (variant_id, attr_key, attr_value, group_key) VALUES (44, 'KOLI_ADEDI', '3200.0', 'adet_agirlik');
INSERT INTO variant_attributes (variant_id, attr_key, attr_value, group_key) VALUES (44, 'KOLI_AGIRLIGI', '16,0 kg.', 'adet_agirlik');
INSERT INTO product_variants (id, product_id, variant_code, sort_order) VALUES (45, 55, 'SKP-A/025-M05', 45);
INSERT INTO variant_attributes (variant_id, attr_key, attr_value, group_key) VALUES (45, 'KABLO_KESITI', '25', 'kunye_filtre');
INSERT INTO variant_attributes (variant_id, attr_key, attr_value, group_key) VALUES (45, 'CIVATA', 'M5', 'kunye_filtre');
INSERT INTO variant_attributes (variant_id, attr_key, attr_value, group_key) VALUES (45, 'd1', '7', 'boyut');
INSERT INTO variant_attributes (variant_id, attr_key, attr_value, group_key) VALUES (45, 'd4', '9.5', 'boyut');
INSERT INTO variant_attributes (variant_id, attr_key, attr_value, group_key) VALUES (45, 'a', '17', 'boyut');
INSERT INTO variant_attributes (variant_id, attr_key, attr_value, group_key) VALUES (45, 'd2', '5.3', 'boyut');
INSERT INTO variant_attributes (variant_id, attr_key, attr_value, group_key) VALUES (45, 'b', '14', 'boyut');
INSERT INTO variant_attributes (variant_id, attr_key, attr_value, group_key) VALUES (45, 'c1', '8.5', 'boyut');
INSERT INTO variant_attributes (variant_id, attr_key, attr_value, group_key) VALUES (45, 'c2', '8.5', 'boyut');
INSERT INTO variant_attributes (variant_id, attr_key, attr_value, group_key) VALUES (45, 'L', '28.5', 'boyut');
INSERT INTO variant_attributes (variant_id, attr_key, attr_value, group_key) VALUES (45, 'KUTU_ADEDI', '300', 'adet_agirlik');
INSERT INTO variant_attributes (variant_id, attr_key, attr_value, group_key) VALUES (45, 'KUTU_AGIRLIGI', '~2,7 kg.', 'adet_agirlik');
INSERT INTO variant_attributes (variant_id, attr_key, attr_value, group_key) VALUES (45, 'KOLI_ADEDI', '2400.0', 'adet_agirlik');
INSERT INTO variant_attributes (variant_id, attr_key, attr_value, group_key) VALUES (45, 'KOLI_AGIRLIGI', '21,6 kg.', 'adet_agirlik');
INSERT INTO product_variants (id, product_id, variant_code, sort_order) VALUES (46, 55, 'SKP-A/025-M06', 46);
INSERT INTO variant_attributes (variant_id, attr_key, attr_value, group_key) VALUES (46, 'KABLO_KESITI', '25', 'kunye_filtre');
INSERT INTO variant_attributes (variant_id, attr_key, attr_value, group_key) VALUES (46, 'CIVATA', 'M6', 'kunye_filtre');
INSERT INTO variant_attributes (variant_id, attr_key, attr_value, group_key) VALUES (46, 'd1', '7', 'boyut');
INSERT INTO variant_attributes (variant_id, attr_key, attr_value, group_key) VALUES (46, 'd4', '9.5', 'boyut');
INSERT INTO variant_attributes (variant_id, attr_key, attr_value, group_key) VALUES (46, 'a', '17', 'boyut');
INSERT INTO variant_attributes (variant_id, attr_key, attr_value, group_key) VALUES (46, 'd2', '6.5', 'boyut');
INSERT INTO variant_attributes (variant_id, attr_key, attr_value, group_key) VALUES (46, 'b', '14', 'boyut');
INSERT INTO variant_attributes (variant_id, attr_key, attr_value, group_key) VALUES (46, 'c1', '8.5', 'boyut');
INSERT INTO variant_attributes (variant_id, attr_key, attr_value, group_key) VALUES (46, 'c2', '8.5', 'boyut');
INSERT INTO variant_attributes (variant_id, attr_key, attr_value, group_key) VALUES (46, 'L', '28.5', 'boyut');
INSERT INTO variant_attributes (variant_id, attr_key, attr_value, group_key) VALUES (46, 'KUTU_ADEDI', '300', 'adet_agirlik');
INSERT INTO variant_attributes (variant_id, attr_key, attr_value, group_key) VALUES (46, 'KUTU_AGIRLIGI', '~2,7 kg.', 'adet_agirlik');
INSERT INTO variant_attributes (variant_id, attr_key, attr_value, group_key) VALUES (46, 'KOLI_ADEDI', '2400.0', 'adet_agirlik');
INSERT INTO variant_attributes (variant_id, attr_key, attr_value, group_key) VALUES (46, 'KOLI_AGIRLIGI', '21,6 kg.', 'adet_agirlik');
INSERT INTO product_variants (id, product_id, variant_code, sort_order) VALUES (47, 55, 'SKP-A/025-M08/SD', 47);
INSERT INTO variant_attributes (variant_id, attr_key, attr_value, group_key) VALUES (47, 'KABLO_KESITI', '25', 'kunye_filtre');
INSERT INTO variant_attributes (variant_id, attr_key, attr_value, group_key) VALUES (47, 'CIVATA', 'M8', 'kunye_filtre');
INSERT INTO variant_attributes (variant_id, attr_key, attr_value, group_key) VALUES (47, 'd1', '7', 'boyut');
INSERT INTO variant_attributes (variant_id, attr_key, attr_value, group_key) VALUES (47, 'd4', '9.5', 'boyut');
INSERT INTO variant_attributes (variant_id, attr_key, attr_value, group_key) VALUES (47, 'a', '17', 'boyut');
INSERT INTO variant_attributes (variant_id, attr_key, attr_value, group_key) VALUES (47, 'd2', '8.5', 'boyut');
INSERT INTO variant_attributes (variant_id, attr_key, attr_value, group_key) VALUES (47, 'b', '14', 'boyut');
INSERT INTO variant_attributes (variant_id, attr_key, attr_value, group_key) VALUES (47, 'c1', '8.5', 'boyut');
INSERT INTO variant_attributes (variant_id, attr_key, attr_value, group_key) VALUES (47, 'c2', '8.5', 'boyut');
INSERT INTO variant_attributes (variant_id, attr_key, attr_value, group_key) VALUES (47, 'L', '28.5', 'boyut');
INSERT INTO variant_attributes (variant_id, attr_key, attr_value, group_key) VALUES (47, 'KUTU_ADEDI', '300', 'adet_agirlik');
INSERT INTO variant_attributes (variant_id, attr_key, attr_value, group_key) VALUES (47, 'KUTU_AGIRLIGI', '~2,7 kg.', 'adet_agirlik');
INSERT INTO variant_attributes (variant_id, attr_key, attr_value, group_key) VALUES (47, 'KOLI_ADEDI', '2400.0', 'adet_agirlik');
INSERT INTO variant_attributes (variant_id, attr_key, attr_value, group_key) VALUES (47, 'KOLI_AGIRLIGI', '21,6 kg.', 'adet_agirlik');
INSERT INTO product_variants (id, product_id, variant_code, sort_order) VALUES (48, 55, 'SKP-A/035-M06', 48);
INSERT INTO variant_attributes (variant_id, attr_key, attr_value, group_key) VALUES (48, 'KABLO_KESITI', '35', 'kunye_filtre');
INSERT INTO variant_attributes (variant_id, attr_key, attr_value, group_key) VALUES (48, 'CIVATA', 'M6', 'kunye_filtre');
INSERT INTO variant_attributes (variant_id, attr_key, attr_value, group_key) VALUES (48, 'd1', '8.5', 'boyut');
INSERT INTO variant_attributes (variant_id, attr_key, attr_value, group_key) VALUES (48, 'd4', '11', 'boyut');
INSERT INTO variant_attributes (variant_id, attr_key, attr_value, group_key) VALUES (48, 'a', '19.5', 'boyut');
INSERT INTO variant_attributes (variant_id, attr_key, attr_value, group_key) VALUES (48, 'd2', '6.5', 'boyut');
INSERT INTO variant_attributes (variant_id, attr_key, attr_value, group_key) VALUES (48, 'b', '17', 'boyut');
INSERT INTO variant_attributes (variant_id, attr_key, attr_value, group_key) VALUES (48, 'c1', '9.5', 'boyut');
INSERT INTO variant_attributes (variant_id, attr_key, attr_value, group_key) VALUES (48, 'c2', '9.5', 'boyut');
INSERT INTO variant_attributes (variant_id, attr_key, attr_value, group_key) VALUES (48, 'L', '33', 'boyut');
INSERT INTO variant_attributes (variant_id, attr_key, attr_value, group_key) VALUES (48, 'KUTU_ADEDI', '200', 'adet_agirlik');
INSERT INTO variant_attributes (variant_id, attr_key, attr_value, group_key) VALUES (48, 'KUTU_AGIRLIGI', '~2,6 kg.', 'adet_agirlik');
INSERT INTO variant_attributes (variant_id, attr_key, attr_value, group_key) VALUES (48, 'KOLI_ADEDI', '1600.0', 'adet_agirlik');
INSERT INTO variant_attributes (variant_id, attr_key, attr_value, group_key) VALUES (48, 'KOLI_AGIRLIGI', '20,8 kg.', 'adet_agirlik');
INSERT INTO product_variants (id, product_id, variant_code, sort_order) VALUES (49, 55, 'SKP-A/035-M08/SD', 49);
INSERT INTO variant_attributes (variant_id, attr_key, attr_value, group_key) VALUES (49, 'KABLO_KESITI', '35', 'kunye_filtre');
INSERT INTO variant_attributes (variant_id, attr_key, attr_value, group_key) VALUES (49, 'CIVATA', 'M8', 'kunye_filtre');
INSERT INTO variant_attributes (variant_id, attr_key, attr_value, group_key) VALUES (49, 'd1', '8.5', 'boyut');
INSERT INTO variant_attributes (variant_id, attr_key, attr_value, group_key) VALUES (49, 'd4', '11', 'boyut');
INSERT INTO variant_attributes (variant_id, attr_key, attr_value, group_key) VALUES (49, 'a', '19.5', 'boyut');
INSERT INTO variant_attributes (variant_id, attr_key, attr_value, group_key) VALUES (49, 'd2', '8.5', 'boyut');
INSERT INTO variant_attributes (variant_id, attr_key, attr_value, group_key) VALUES (49, 'b', '17', 'boyut');
INSERT INTO variant_attributes (variant_id, attr_key, attr_value, group_key) VALUES (49, 'c1', '9.5', 'boyut');
INSERT INTO variant_attributes (variant_id, attr_key, attr_value, group_key) VALUES (49, 'c2', '9.5', 'boyut');
INSERT INTO variant_attributes (variant_id, attr_key, attr_value, group_key) VALUES (49, 'L', '33', 'boyut');
INSERT INTO variant_attributes (variant_id, attr_key, attr_value, group_key) VALUES (49, 'KUTU_ADEDI', '200', 'adet_agirlik');
INSERT INTO variant_attributes (variant_id, attr_key, attr_value, group_key) VALUES (49, 'KUTU_AGIRLIGI', '~2,7 kg.', 'adet_agirlik');
INSERT INTO variant_attributes (variant_id, attr_key, attr_value, group_key) VALUES (49, 'KOLI_ADEDI', '1600.0', 'adet_agirlik');
INSERT INTO variant_attributes (variant_id, attr_key, attr_value, group_key) VALUES (49, 'KOLI_AGIRLIGI', '21,6 kg.', 'adet_agirlik');
INSERT INTO product_variants (id, product_id, variant_code, sort_order) VALUES (50, 55, 'SKP-A/035-M10', 50);
INSERT INTO variant_attributes (variant_id, attr_key, attr_value, group_key) VALUES (50, 'KABLO_KESITI', '35', 'kunye_filtre');
INSERT INTO variant_attributes (variant_id, attr_key, attr_value, group_key) VALUES (50, 'CIVATA', 'M10', 'kunye_filtre');
INSERT INTO variant_attributes (variant_id, attr_key, attr_value, group_key) VALUES (50, 'd1', '8.5', 'boyut');
INSERT INTO variant_attributes (variant_id, attr_key, attr_value, group_key) VALUES (50, 'd4', '11', 'boyut');
INSERT INTO variant_attributes (variant_id, attr_key, attr_value, group_key) VALUES (50, 'a', '19.5', 'boyut');
INSERT INTO variant_attributes (variant_id, attr_key, attr_value, group_key) VALUES (50, 'd2', '10.5', 'boyut');
INSERT INTO variant_attributes (variant_id, attr_key, attr_value, group_key) VALUES (50, 'b', '17', 'boyut');
INSERT INTO variant_attributes (variant_id, attr_key, attr_value, group_key) VALUES (50, 'c1', '10', 'boyut');
INSERT INTO variant_attributes (variant_id, attr_key, attr_value, group_key) VALUES (50, 'c2', '10', 'boyut');
INSERT INTO variant_attributes (variant_id, attr_key, attr_value, group_key) VALUES (50, 'L', '33', 'boyut');
INSERT INTO variant_attributes (variant_id, attr_key, attr_value, group_key) VALUES (50, 'KUTU_ADEDI', '200', 'adet_agirlik');
INSERT INTO variant_attributes (variant_id, attr_key, attr_value, group_key) VALUES (50, 'KUTU_AGIRLIGI', '~2,5 kg.', 'adet_agirlik');
INSERT INTO variant_attributes (variant_id, attr_key, attr_value, group_key) VALUES (50, 'KOLI_ADEDI', '1600.0', 'adet_agirlik');
INSERT INTO variant_attributes (variant_id, attr_key, attr_value, group_key) VALUES (50, 'KOLI_AGIRLIGI', '20,0 kg.', 'adet_agirlik');
INSERT INTO product_variants (id, product_id, variant_code, sort_order) VALUES (51, 55, 'SKP-A/050-M06', 51);
INSERT INTO variant_attributes (variant_id, attr_key, attr_value, group_key) VALUES (51, 'KABLO_KESITI', '50', 'kunye_filtre');
INSERT INTO variant_attributes (variant_id, attr_key, attr_value, group_key) VALUES (51, 'CIVATA', 'M6', 'kunye_filtre');
INSERT INTO variant_attributes (variant_id, attr_key, attr_value, group_key) VALUES (51, 'd1', '10', 'boyut');
INSERT INTO variant_attributes (variant_id, attr_key, attr_value, group_key) VALUES (51, 'd4', '13', 'boyut');
INSERT INTO variant_attributes (variant_id, attr_key, attr_value, group_key) VALUES (51, 'a', '21', 'boyut');
INSERT INTO variant_attributes (variant_id, attr_key, attr_value, group_key) VALUES (51, 'd2', '6.5', 'boyut');
INSERT INTO variant_attributes (variant_id, attr_key, attr_value, group_key) VALUES (51, 'b', '19', 'boyut');
INSERT INTO variant_attributes (variant_id, attr_key, attr_value, group_key) VALUES (51, 'c1', '11', 'boyut');
INSERT INTO variant_attributes (variant_id, attr_key, attr_value, group_key) VALUES (51, 'c2', '11', 'boyut');
INSERT INTO variant_attributes (variant_id, attr_key, attr_value, group_key) VALUES (51, 'L', '37.5', 'boyut');
INSERT INTO variant_attributes (variant_id, attr_key, attr_value, group_key) VALUES (51, 'KUTU_ADEDI', '125', 'adet_agirlik');
INSERT INTO variant_attributes (variant_id, attr_key, attr_value, group_key) VALUES (51, 'KUTU_AGIRLIGI', '~2,6 kg.', 'adet_agirlik');
INSERT INTO variant_attributes (variant_id, attr_key, attr_value, group_key) VALUES (51, 'KOLI_ADEDI', '1000.0', 'adet_agirlik');
INSERT INTO variant_attributes (variant_id, attr_key, attr_value, group_key) VALUES (51, 'KOLI_AGIRLIGI', '20,8 kg.', 'adet_agirlik');
INSERT INTO product_variants (id, product_id, variant_code, sort_order) VALUES (52, 55, 'SKP-A/050-M08', 52);
INSERT INTO variant_attributes (variant_id, attr_key, attr_value, group_key) VALUES (52, 'KABLO_KESITI', '50', 'kunye_filtre');
INSERT INTO variant_attributes (variant_id, attr_key, attr_value, group_key) VALUES (52, 'CIVATA', 'M8', 'kunye_filtre');
INSERT INTO variant_attributes (variant_id, attr_key, attr_value, group_key) VALUES (52, 'd1', '10', 'boyut');
INSERT INTO variant_attributes (variant_id, attr_key, attr_value, group_key) VALUES (52, 'd4', '13', 'boyut');
INSERT INTO variant_attributes (variant_id, attr_key, attr_value, group_key) VALUES (52, 'a', '21', 'boyut');
INSERT INTO variant_attributes (variant_id, attr_key, attr_value, group_key) VALUES (52, 'd2', '8.5', 'boyut');
INSERT INTO variant_attributes (variant_id, attr_key, attr_value, group_key) VALUES (52, 'b', '19', 'boyut');
INSERT INTO variant_attributes (variant_id, attr_key, attr_value, group_key) VALUES (52, 'c1', '11', 'boyut');
INSERT INTO variant_attributes (variant_id, attr_key, attr_value, group_key) VALUES (52, 'c2', '11', 'boyut');
INSERT INTO variant_attributes (variant_id, attr_key, attr_value, group_key) VALUES (52, 'L', '37.5', 'boyut');
INSERT INTO variant_attributes (variant_id, attr_key, attr_value, group_key) VALUES (52, 'KUTU_ADEDI', '125', 'adet_agirlik');
INSERT INTO variant_attributes (variant_id, attr_key, attr_value, group_key) VALUES (52, 'KUTU_AGIRLIGI', '~2,8 kg.', 'adet_agirlik');
INSERT INTO variant_attributes (variant_id, attr_key, attr_value, group_key) VALUES (52, 'KOLI_ADEDI', '1000.0', 'adet_agirlik');
INSERT INTO variant_attributes (variant_id, attr_key, attr_value, group_key) VALUES (52, 'KOLI_AGIRLIGI', '22,4 kg.', 'adet_agirlik');
INSERT INTO product_variants (id, product_id, variant_code, sort_order) VALUES (53, 55, 'SKP-A/050-M10/SD', 53);
INSERT INTO variant_attributes (variant_id, attr_key, attr_value, group_key) VALUES (53, 'KABLO_KESITI', '50', 'kunye_filtre');
INSERT INTO variant_attributes (variant_id, attr_key, attr_value, group_key) VALUES (53, 'CIVATA', 'M10', 'kunye_filtre');
INSERT INTO variant_attributes (variant_id, attr_key, attr_value, group_key) VALUES (53, 'd1', '10', 'boyut');
INSERT INTO variant_attributes (variant_id, attr_key, attr_value, group_key) VALUES (53, 'd4', '13', 'boyut');
INSERT INTO variant_attributes (variant_id, attr_key, attr_value, group_key) VALUES (53, 'a', '21', 'boyut');
INSERT INTO variant_attributes (variant_id, attr_key, attr_value, group_key) VALUES (53, 'd2', '10.5', 'boyut');
INSERT INTO variant_attributes (variant_id, attr_key, attr_value, group_key) VALUES (53, 'b', '19', 'boyut');
INSERT INTO variant_attributes (variant_id, attr_key, attr_value, group_key) VALUES (53, 'c1', '11', 'boyut');
INSERT INTO variant_attributes (variant_id, attr_key, attr_value, group_key) VALUES (53, 'c2', '11', 'boyut');
INSERT INTO variant_attributes (variant_id, attr_key, attr_value, group_key) VALUES (53, 'L', '37.5', 'boyut');
INSERT INTO variant_attributes (variant_id, attr_key, attr_value, group_key) VALUES (53, 'KUTU_ADEDI', '125', 'adet_agirlik');
INSERT INTO variant_attributes (variant_id, attr_key, attr_value, group_key) VALUES (53, 'KUTU_AGIRLIGI', '~2,6 kg.', 'adet_agirlik');
INSERT INTO variant_attributes (variant_id, attr_key, attr_value, group_key) VALUES (53, 'KOLI_ADEDI', '1000.0', 'adet_agirlik');
INSERT INTO variant_attributes (variant_id, attr_key, attr_value, group_key) VALUES (53, 'KOLI_AGIRLIGI', '20,8 kg.', 'adet_agirlik');
INSERT INTO product_variants (id, product_id, variant_code, sort_order) VALUES (54, 55, 'SKP-A/050-M12', 54);
INSERT INTO variant_attributes (variant_id, attr_key, attr_value, group_key) VALUES (54, 'KABLO_KESITI', '50', 'kunye_filtre');
INSERT INTO variant_attributes (variant_id, attr_key, attr_value, group_key) VALUES (54, 'CIVATA', 'M12', 'kunye_filtre');
INSERT INTO variant_attributes (variant_id, attr_key, attr_value, group_key) VALUES (54, 'd1', '10', 'boyut');
INSERT INTO variant_attributes (variant_id, attr_key, attr_value, group_key) VALUES (54, 'd4', '13', 'boyut');
INSERT INTO variant_attributes (variant_id, attr_key, attr_value, group_key) VALUES (54, 'a', '21', 'boyut');
INSERT INTO variant_attributes (variant_id, attr_key, attr_value, group_key) VALUES (54, 'd2', '13', 'boyut');
INSERT INTO variant_attributes (variant_id, attr_key, attr_value, group_key) VALUES (54, 'b', '19', 'boyut');
INSERT INTO variant_attributes (variant_id, attr_key, attr_value, group_key) VALUES (54, 'c1', '11', 'boyut');
INSERT INTO variant_attributes (variant_id, attr_key, attr_value, group_key) VALUES (54, 'c2', '11', 'boyut');
INSERT INTO variant_attributes (variant_id, attr_key, attr_value, group_key) VALUES (54, 'L', '37.5', 'boyut');
INSERT INTO variant_attributes (variant_id, attr_key, attr_value, group_key) VALUES (54, 'KUTU_ADEDI', '125', 'adet_agirlik');
INSERT INTO variant_attributes (variant_id, attr_key, attr_value, group_key) VALUES (54, 'KUTU_AGIRLIGI', '~2,5 kg.', 'adet_agirlik');
INSERT INTO variant_attributes (variant_id, attr_key, attr_value, group_key) VALUES (54, 'KOLI_ADEDI', '1000.0', 'adet_agirlik');
INSERT INTO variant_attributes (variant_id, attr_key, attr_value, group_key) VALUES (54, 'KOLI_AGIRLIGI', '20,0 kg.', 'adet_agirlik');
INSERT INTO product_variants (id, product_id, variant_code, sort_order) VALUES (55, 55, 'SKP-A/070-M06', 55);
INSERT INTO variant_attributes (variant_id, attr_key, attr_value, group_key) VALUES (55, 'KABLO_KESITI', '70', 'kunye_filtre');
INSERT INTO variant_attributes (variant_id, attr_key, attr_value, group_key) VALUES (55, 'CIVATA', 'M6', 'kunye_filtre');
INSERT INTO variant_attributes (variant_id, attr_key, attr_value, group_key) VALUES (55, 'd1', '11.5', 'boyut');
INSERT INTO variant_attributes (variant_id, attr_key, attr_value, group_key) VALUES (55, 'd4', '14.5', 'boyut');
INSERT INTO variant_attributes (variant_id, attr_key, attr_value, group_key) VALUES (55, 'a', '24', 'boyut');
INSERT INTO variant_attributes (variant_id, attr_key, attr_value, group_key) VALUES (55, 'd2', '6.5', 'boyut');
INSERT INTO variant_attributes (variant_id, attr_key, attr_value, group_key) VALUES (55, 'b', '21.5', 'boyut');
INSERT INTO variant_attributes (variant_id, attr_key, attr_value, group_key) VALUES (55, 'c1', '11', 'boyut');
INSERT INTO variant_attributes (variant_id, attr_key, attr_value, group_key) VALUES (55, 'c2', '11', 'boyut');
INSERT INTO variant_attributes (variant_id, attr_key, attr_value, group_key) VALUES (55, 'L', '40', 'boyut');
INSERT INTO variant_attributes (variant_id, attr_key, attr_value, group_key) VALUES (55, 'KUTU_ADEDI', '80', 'adet_agirlik');
INSERT INTO variant_attributes (variant_id, attr_key, attr_value, group_key) VALUES (55, 'KUTU_AGIRLIGI', '~2,2 kg.', 'adet_agirlik');
INSERT INTO variant_attributes (variant_id, attr_key, attr_value, group_key) VALUES (55, 'KOLI_ADEDI', '640.0', 'adet_agirlik');
INSERT INTO variant_attributes (variant_id, attr_key, attr_value, group_key) VALUES (55, 'KOLI_AGIRLIGI', '17,6 kg.', 'adet_agirlik');
INSERT INTO product_variants (id, product_id, variant_code, sort_order) VALUES (56, 55, 'SKP-A/070-M08', 56);
INSERT INTO variant_attributes (variant_id, attr_key, attr_value, group_key) VALUES (56, 'KABLO_KESITI', '70', 'kunye_filtre');
INSERT INTO variant_attributes (variant_id, attr_key, attr_value, group_key) VALUES (56, 'CIVATA', 'M8', 'kunye_filtre');
INSERT INTO variant_attributes (variant_id, attr_key, attr_value, group_key) VALUES (56, 'd1', '11.5', 'boyut');
INSERT INTO variant_attributes (variant_id, attr_key, attr_value, group_key) VALUES (56, 'd4', '14.5', 'boyut');
INSERT INTO variant_attributes (variant_id, attr_key, attr_value, group_key) VALUES (56, 'a', '24', 'boyut');
INSERT INTO variant_attributes (variant_id, attr_key, attr_value, group_key) VALUES (56, 'd2', '8.5', 'boyut');
INSERT INTO variant_attributes (variant_id, attr_key, attr_value, group_key) VALUES (56, 'b', '21.5', 'boyut');
INSERT INTO variant_attributes (variant_id, attr_key, attr_value, group_key) VALUES (56, 'c1', '11', 'boyut');
INSERT INTO variant_attributes (variant_id, attr_key, attr_value, group_key) VALUES (56, 'c2', '11', 'boyut');
INSERT INTO variant_attributes (variant_id, attr_key, attr_value, group_key) VALUES (56, 'L', '40', 'boyut');
INSERT INTO variant_attributes (variant_id, attr_key, attr_value, group_key) VALUES (56, 'KUTU_ADEDI', '80', 'adet_agirlik');
INSERT INTO variant_attributes (variant_id, attr_key, attr_value, group_key) VALUES (56, 'KUTU_AGIRLIGI', '~2,1 kg.', 'adet_agirlik');
INSERT INTO variant_attributes (variant_id, attr_key, attr_value, group_key) VALUES (56, 'KOLI_ADEDI', '640.0', 'adet_agirlik');
INSERT INTO variant_attributes (variant_id, attr_key, attr_value, group_key) VALUES (56, 'KOLI_AGIRLIGI', '16,8 kg.', 'adet_agirlik');
INSERT INTO product_variants (id, product_id, variant_code, sort_order) VALUES (57, 55, 'SKP-A/070-M10/SD', 57);
INSERT INTO variant_attributes (variant_id, attr_key, attr_value, group_key) VALUES (57, 'KABLO_KESITI', '70', 'kunye_filtre');
INSERT INTO variant_attributes (variant_id, attr_key, attr_value, group_key) VALUES (57, 'CIVATA', 'M10', 'kunye_filtre');
INSERT INTO variant_attributes (variant_id, attr_key, attr_value, group_key) VALUES (57, 'd1', '11.5', 'boyut');
INSERT INTO variant_attributes (variant_id, attr_key, attr_value, group_key) VALUES (57, 'd4', '14.5', 'boyut');
INSERT INTO variant_attributes (variant_id, attr_key, attr_value, group_key) VALUES (57, 'a', '24', 'boyut');
INSERT INTO variant_attributes (variant_id, attr_key, attr_value, group_key) VALUES (57, 'd2', '10.5', 'boyut');
INSERT INTO variant_attributes (variant_id, attr_key, attr_value, group_key) VALUES (57, 'b', '21.5', 'boyut');
INSERT INTO variant_attributes (variant_id, attr_key, attr_value, group_key) VALUES (57, 'c1', '11', 'boyut');
INSERT INTO variant_attributes (variant_id, attr_key, attr_value, group_key) VALUES (57, 'c2', '11', 'boyut');
INSERT INTO variant_attributes (variant_id, attr_key, attr_value, group_key) VALUES (57, 'L', '40', 'boyut');
INSERT INTO variant_attributes (variant_id, attr_key, attr_value, group_key) VALUES (57, 'KUTU_ADEDI', '80', 'adet_agirlik');
INSERT INTO variant_attributes (variant_id, attr_key, attr_value, group_key) VALUES (57, 'KUTU_AGIRLIGI', '~2,1 kg.', 'adet_agirlik');
INSERT INTO variant_attributes (variant_id, attr_key, attr_value, group_key) VALUES (57, 'KOLI_ADEDI', '640.0', 'adet_agirlik');
INSERT INTO variant_attributes (variant_id, attr_key, attr_value, group_key) VALUES (57, 'KOLI_AGIRLIGI', '16,8 kg.', 'adet_agirlik');
INSERT INTO product_variants (id, product_id, variant_code, sort_order) VALUES (58, 55, 'SKP-A/070-M12', 58);
INSERT INTO variant_attributes (variant_id, attr_key, attr_value, group_key) VALUES (58, 'KABLO_KESITI', '70', 'kunye_filtre');
INSERT INTO variant_attributes (variant_id, attr_key, attr_value, group_key) VALUES (58, 'CIVATA', 'M12', 'kunye_filtre');
INSERT INTO variant_attributes (variant_id, attr_key, attr_value, group_key) VALUES (58, 'd1', '11.5', 'boyut');
INSERT INTO variant_attributes (variant_id, attr_key, attr_value, group_key) VALUES (58, 'd4', '14.5', 'boyut');
INSERT INTO variant_attributes (variant_id, attr_key, attr_value, group_key) VALUES (58, 'a', '24', 'boyut');
INSERT INTO variant_attributes (variant_id, attr_key, attr_value, group_key) VALUES (58, 'd2', '13', 'boyut');
INSERT INTO variant_attributes (variant_id, attr_key, attr_value, group_key) VALUES (58, 'b', '21.5', 'boyut');
INSERT INTO variant_attributes (variant_id, attr_key, attr_value, group_key) VALUES (58, 'c1', '11', 'boyut');
INSERT INTO variant_attributes (variant_id, attr_key, attr_value, group_key) VALUES (58, 'c2', '11', 'boyut');
INSERT INTO variant_attributes (variant_id, attr_key, attr_value, group_key) VALUES (58, 'L', '40', 'boyut');
INSERT INTO variant_attributes (variant_id, attr_key, attr_value, group_key) VALUES (58, 'KUTU_ADEDI', '80', 'adet_agirlik');
INSERT INTO variant_attributes (variant_id, attr_key, attr_value, group_key) VALUES (58, 'KUTU_AGIRLIGI', '~1,9 kg.', 'adet_agirlik');
INSERT INTO variant_attributes (variant_id, attr_key, attr_value, group_key) VALUES (58, 'KOLI_ADEDI', '640.0', 'adet_agirlik');
INSERT INTO variant_attributes (variant_id, attr_key, attr_value, group_key) VALUES (58, 'KOLI_AGIRLIGI', '15,2 kg.', 'adet_agirlik');
INSERT INTO product_variants (id, product_id, variant_code, sort_order) VALUES (59, 55, 'SKP-A/070-M14', 59);
INSERT INTO variant_attributes (variant_id, attr_key, attr_value, group_key) VALUES (59, 'KABLO_KESITI', '70', 'kunye_filtre');
INSERT INTO variant_attributes (variant_id, attr_key, attr_value, group_key) VALUES (59, 'CIVATA', 'M14', 'kunye_filtre');
INSERT INTO variant_attributes (variant_id, attr_key, attr_value, group_key) VALUES (59, 'd1', '11.5', 'boyut');
INSERT INTO variant_attributes (variant_id, attr_key, attr_value, group_key) VALUES (59, 'd4', '14.5', 'boyut');
INSERT INTO variant_attributes (variant_id, attr_key, attr_value, group_key) VALUES (59, 'a', '24', 'boyut');
INSERT INTO variant_attributes (variant_id, attr_key, attr_value, group_key) VALUES (59, 'd2', '14.5', 'boyut');
INSERT INTO variant_attributes (variant_id, attr_key, attr_value, group_key) VALUES (59, 'b', '21.5', 'boyut');
INSERT INTO variant_attributes (variant_id, attr_key, attr_value, group_key) VALUES (59, 'c1', '11', 'boyut');
INSERT INTO variant_attributes (variant_id, attr_key, attr_value, group_key) VALUES (59, 'c2', '11', 'boyut');
INSERT INTO variant_attributes (variant_id, attr_key, attr_value, group_key) VALUES (59, 'L', '40', 'boyut');
INSERT INTO variant_attributes (variant_id, attr_key, attr_value, group_key) VALUES (59, 'KUTU_ADEDI', '80', 'adet_agirlik');
INSERT INTO variant_attributes (variant_id, attr_key, attr_value, group_key) VALUES (59, 'KUTU_AGIRLIGI', '~1,9 kg.', 'adet_agirlik');
INSERT INTO variant_attributes (variant_id, attr_key, attr_value, group_key) VALUES (59, 'KOLI_ADEDI', '640.0', 'adet_agirlik');
INSERT INTO variant_attributes (variant_id, attr_key, attr_value, group_key) VALUES (59, 'KOLI_AGIRLIGI', '15,2 kg.', 'adet_agirlik');
INSERT INTO product_variants (id, product_id, variant_code, sort_order) VALUES (60, 55, 'SKP-A/095-M08', 60);
INSERT INTO variant_attributes (variant_id, attr_key, attr_value, group_key) VALUES (60, 'KABLO_KESITI', '95', 'kunye_filtre');
INSERT INTO variant_attributes (variant_id, attr_key, attr_value, group_key) VALUES (60, 'CIVATA', 'M8', 'kunye_filtre');
INSERT INTO variant_attributes (variant_id, attr_key, attr_value, group_key) VALUES (60, 'd1', '13.5', 'boyut');
INSERT INTO variant_attributes (variant_id, attr_key, attr_value, group_key) VALUES (60, 'd4', '16.5', 'boyut');
INSERT INTO variant_attributes (variant_id, attr_key, attr_value, group_key) VALUES (60, 'a', '27', 'boyut');
INSERT INTO variant_attributes (variant_id, attr_key, attr_value, group_key) VALUES (60, 'd2', '8.5', 'boyut');
INSERT INTO variant_attributes (variant_id, attr_key, attr_value, group_key) VALUES (60, 'b', '24', 'boyut');
INSERT INTO variant_attributes (variant_id, attr_key, attr_value, group_key) VALUES (60, 'c1', '12', 'boyut');
INSERT INTO variant_attributes (variant_id, attr_key, attr_value, group_key) VALUES (60, 'c2', '12.5', 'boyut');
INSERT INTO variant_attributes (variant_id, attr_key, attr_value, group_key) VALUES (60, 'L', '45.5', 'boyut');
INSERT INTO variant_attributes (variant_id, attr_key, attr_value, group_key) VALUES (60, 'KUTU_ADEDI', '60', 'adet_agirlik');
INSERT INTO variant_attributes (variant_id, attr_key, attr_value, group_key) VALUES (60, 'KUTU_AGIRLIGI', '~2,0 kg.', 'adet_agirlik');
INSERT INTO variant_attributes (variant_id, attr_key, attr_value, group_key) VALUES (60, 'KOLI_ADEDI', '480.0', 'adet_agirlik');
INSERT INTO variant_attributes (variant_id, attr_key, attr_value, group_key) VALUES (60, 'KOLI_AGIRLIGI', '16,0 kg.', 'adet_agirlik');
INSERT INTO product_variants (id, product_id, variant_code, sort_order) VALUES (61, 55, 'SKP-A/095-M10', 61);
INSERT INTO variant_attributes (variant_id, attr_key, attr_value, group_key) VALUES (61, 'KABLO_KESITI', '95', 'kunye_filtre');
INSERT INTO variant_attributes (variant_id, attr_key, attr_value, group_key) VALUES (61, 'CIVATA', 'M10', 'kunye_filtre');
INSERT INTO variant_attributes (variant_id, attr_key, attr_value, group_key) VALUES (61, 'd1', '13.5', 'boyut');
INSERT INTO variant_attributes (variant_id, attr_key, attr_value, group_key) VALUES (61, 'd4', '16.5', 'boyut');
INSERT INTO variant_attributes (variant_id, attr_key, attr_value, group_key) VALUES (61, 'a', '27', 'boyut');
INSERT INTO variant_attributes (variant_id, attr_key, attr_value, group_key) VALUES (61, 'd2', '10.5', 'boyut');
INSERT INTO variant_attributes (variant_id, attr_key, attr_value, group_key) VALUES (61, 'b', '24', 'boyut');
INSERT INTO variant_attributes (variant_id, attr_key, attr_value, group_key) VALUES (61, 'c1', '12', 'boyut');
INSERT INTO variant_attributes (variant_id, attr_key, attr_value, group_key) VALUES (61, 'c2', '12.5', 'boyut');
INSERT INTO variant_attributes (variant_id, attr_key, attr_value, group_key) VALUES (61, 'L', '45.5', 'boyut');
INSERT INTO variant_attributes (variant_id, attr_key, attr_value, group_key) VALUES (61, 'KUTU_ADEDI', '60', 'adet_agirlik');
INSERT INTO variant_attributes (variant_id, attr_key, attr_value, group_key) VALUES (61, 'KUTU_AGIRLIGI', '~2,0 kg.', 'adet_agirlik');
INSERT INTO variant_attributes (variant_id, attr_key, attr_value, group_key) VALUES (61, 'KOLI_ADEDI', '480.0', 'adet_agirlik');
INSERT INTO variant_attributes (variant_id, attr_key, attr_value, group_key) VALUES (61, 'KOLI_AGIRLIGI', '16,0 kg.', 'adet_agirlik');
INSERT INTO product_variants (id, product_id, variant_code, sort_order) VALUES (62, 55, 'SKP-A/095-M12/SD', 62);
INSERT INTO variant_attributes (variant_id, attr_key, attr_value, group_key) VALUES (62, 'KABLO_KESITI', '95', 'kunye_filtre');
INSERT INTO variant_attributes (variant_id, attr_key, attr_value, group_key) VALUES (62, 'CIVATA', 'M12', 'kunye_filtre');
INSERT INTO variant_attributes (variant_id, attr_key, attr_value, group_key) VALUES (62, 'd1', '13.5', 'boyut');
INSERT INTO variant_attributes (variant_id, attr_key, attr_value, group_key) VALUES (62, 'd4', '16.5', 'boyut');
INSERT INTO variant_attributes (variant_id, attr_key, attr_value, group_key) VALUES (62, 'a', '27', 'boyut');
INSERT INTO variant_attributes (variant_id, attr_key, attr_value, group_key) VALUES (62, 'd2', '13', 'boyut');
INSERT INTO variant_attributes (variant_id, attr_key, attr_value, group_key) VALUES (62, 'b', '24', 'boyut');
INSERT INTO variant_attributes (variant_id, attr_key, attr_value, group_key) VALUES (62, 'c1', '12', 'boyut');
INSERT INTO variant_attributes (variant_id, attr_key, attr_value, group_key) VALUES (62, 'c2', '12.5', 'boyut');
INSERT INTO variant_attributes (variant_id, attr_key, attr_value, group_key) VALUES (62, 'L', '45.5', 'boyut');
INSERT INTO variant_attributes (variant_id, attr_key, attr_value, group_key) VALUES (62, 'KUTU_ADEDI', '60', 'adet_agirlik');
INSERT INTO variant_attributes (variant_id, attr_key, attr_value, group_key) VALUES (62, 'KUTU_AGIRLIGI', '~1,9 kg.', 'adet_agirlik');
INSERT INTO variant_attributes (variant_id, attr_key, attr_value, group_key) VALUES (62, 'KOLI_ADEDI', '480.0', 'adet_agirlik');
INSERT INTO variant_attributes (variant_id, attr_key, attr_value, group_key) VALUES (62, 'KOLI_AGIRLIGI', '15,2 kg.', 'adet_agirlik');
INSERT INTO product_variants (id, product_id, variant_code, sort_order) VALUES (63, 55, 'SKP-A/120-M08', 63);
INSERT INTO variant_attributes (variant_id, attr_key, attr_value, group_key) VALUES (63, 'KABLO_KESITI', '120', 'kunye_filtre');
INSERT INTO variant_attributes (variant_id, attr_key, attr_value, group_key) VALUES (63, 'CIVATA', 'M8', 'kunye_filtre');
INSERT INTO variant_attributes (variant_id, attr_key, attr_value, group_key) VALUES (63, 'd1', '14.5', 'boyut');
INSERT INTO variant_attributes (variant_id, attr_key, attr_value, group_key) VALUES (63, 'd4', '18', 'boyut');
INSERT INTO variant_attributes (variant_id, attr_key, attr_value, group_key) VALUES (63, 'a', '30', 'boyut');
INSERT INTO variant_attributes (variant_id, attr_key, attr_value, group_key) VALUES (63, 'd2', '8.5', 'boyut');
INSERT INTO variant_attributes (variant_id, attr_key, attr_value, group_key) VALUES (63, 'b', '27', 'boyut');
INSERT INTO variant_attributes (variant_id, attr_key, attr_value, group_key) VALUES (63, 'c1', '14', 'boyut');
INSERT INTO variant_attributes (variant_id, attr_key, attr_value, group_key) VALUES (63, 'c2', '14', 'boyut');
INSERT INTO variant_attributes (variant_id, attr_key, attr_value, group_key) VALUES (63, 'L', '50.5', 'boyut');
INSERT INTO variant_attributes (variant_id, attr_key, attr_value, group_key) VALUES (63, 'KUTU_ADEDI', '50', 'adet_agirlik');
INSERT INTO variant_attributes (variant_id, attr_key, attr_value, group_key) VALUES (63, 'KUTU_AGIRLIGI', '~2,4 kg.', 'adet_agirlik');
INSERT INTO variant_attributes (variant_id, attr_key, attr_value, group_key) VALUES (63, 'KOLI_ADEDI', '400.0', 'adet_agirlik');
INSERT INTO variant_attributes (variant_id, attr_key, attr_value, group_key) VALUES (63, 'KOLI_AGIRLIGI', '19,2 kg.', 'adet_agirlik');
INSERT INTO product_variants (id, product_id, variant_code, sort_order) VALUES (64, 55, 'SKP-A/120-M10', 64);
INSERT INTO variant_attributes (variant_id, attr_key, attr_value, group_key) VALUES (64, 'KABLO_KESITI', '120', 'kunye_filtre');
INSERT INTO variant_attributes (variant_id, attr_key, attr_value, group_key) VALUES (64, 'CIVATA', 'M10', 'kunye_filtre');
INSERT INTO variant_attributes (variant_id, attr_key, attr_value, group_key) VALUES (64, 'd1', '14.5', 'boyut');
INSERT INTO variant_attributes (variant_id, attr_key, attr_value, group_key) VALUES (64, 'd4', '18', 'boyut');
INSERT INTO variant_attributes (variant_id, attr_key, attr_value, group_key) VALUES (64, 'a', '30', 'boyut');
INSERT INTO variant_attributes (variant_id, attr_key, attr_value, group_key) VALUES (64, 'd2', '10.5', 'boyut');
INSERT INTO variant_attributes (variant_id, attr_key, attr_value, group_key) VALUES (64, 'b', '27', 'boyut');
INSERT INTO variant_attributes (variant_id, attr_key, attr_value, group_key) VALUES (64, 'c1', '14', 'boyut');
INSERT INTO variant_attributes (variant_id, attr_key, attr_value, group_key) VALUES (64, 'c2', '14', 'boyut');
INSERT INTO variant_attributes (variant_id, attr_key, attr_value, group_key) VALUES (64, 'L', '50.5', 'boyut');
INSERT INTO variant_attributes (variant_id, attr_key, attr_value, group_key) VALUES (64, 'KUTU_ADEDI', '50', 'adet_agirlik');
INSERT INTO variant_attributes (variant_id, attr_key, attr_value, group_key) VALUES (64, 'KUTU_AGIRLIGI', '~2,4 kg.', 'adet_agirlik');
INSERT INTO variant_attributes (variant_id, attr_key, attr_value, group_key) VALUES (64, 'KOLI_ADEDI', '400.0', 'adet_agirlik');
INSERT INTO variant_attributes (variant_id, attr_key, attr_value, group_key) VALUES (64, 'KOLI_AGIRLIGI', '19,2 kg.', 'adet_agirlik');
INSERT INTO product_variants (id, product_id, variant_code, sort_order) VALUES (65, 55, 'SKP-A/120-M12/SD', 65);
INSERT INTO variant_attributes (variant_id, attr_key, attr_value, group_key) VALUES (65, 'KABLO_KESITI', '120', 'kunye_filtre');
INSERT INTO variant_attributes (variant_id, attr_key, attr_value, group_key) VALUES (65, 'CIVATA', 'M12', 'kunye_filtre');
INSERT INTO variant_attributes (variant_id, attr_key, attr_value, group_key) VALUES (65, 'd1', '14.5', 'boyut');
INSERT INTO variant_attributes (variant_id, attr_key, attr_value, group_key) VALUES (65, 'd4', '18', 'boyut');
INSERT INTO variant_attributes (variant_id, attr_key, attr_value, group_key) VALUES (65, 'a', '30', 'boyut');
INSERT INTO variant_attributes (variant_id, attr_key, attr_value, group_key) VALUES (65, 'd2', '13', 'boyut');
INSERT INTO variant_attributes (variant_id, attr_key, attr_value, group_key) VALUES (65, 'b', '27', 'boyut');
INSERT INTO variant_attributes (variant_id, attr_key, attr_value, group_key) VALUES (65, 'c1', '14', 'boyut');
INSERT INTO variant_attributes (variant_id, attr_key, attr_value, group_key) VALUES (65, 'c2', '14', 'boyut');
INSERT INTO variant_attributes (variant_id, attr_key, attr_value, group_key) VALUES (65, 'L', '50.5', 'boyut');
INSERT INTO variant_attributes (variant_id, attr_key, attr_value, group_key) VALUES (65, 'KUTU_ADEDI', '50', 'adet_agirlik');
INSERT INTO variant_attributes (variant_id, attr_key, attr_value, group_key) VALUES (65, 'KUTU_AGIRLIGI', '~2,4 kg.', 'adet_agirlik');
INSERT INTO variant_attributes (variant_id, attr_key, attr_value, group_key) VALUES (65, 'KOLI_ADEDI', '400.0', 'adet_agirlik');
INSERT INTO variant_attributes (variant_id, attr_key, attr_value, group_key) VALUES (65, 'KOLI_AGIRLIGI', '19,2 kg.', 'adet_agirlik');
INSERT INTO product_variants (id, product_id, variant_code, sort_order) VALUES (66, 55, 'SKP-A/120-M14', 66);
INSERT INTO variant_attributes (variant_id, attr_key, attr_value, group_key) VALUES (66, 'KABLO_KESITI', '120', 'kunye_filtre');
INSERT INTO variant_attributes (variant_id, attr_key, attr_value, group_key) VALUES (66, 'CIVATA', 'M14', 'kunye_filtre');
INSERT INTO variant_attributes (variant_id, attr_key, attr_value, group_key) VALUES (66, 'd1', '14.5', 'boyut');
INSERT INTO variant_attributes (variant_id, attr_key, attr_value, group_key) VALUES (66, 'd4', '18', 'boyut');
INSERT INTO variant_attributes (variant_id, attr_key, attr_value, group_key) VALUES (66, 'a', '30', 'boyut');
INSERT INTO variant_attributes (variant_id, attr_key, attr_value, group_key) VALUES (66, 'd2', '14.5', 'boyut');
INSERT INTO variant_attributes (variant_id, attr_key, attr_value, group_key) VALUES (66, 'b', '27', 'boyut');
INSERT INTO variant_attributes (variant_id, attr_key, attr_value, group_key) VALUES (66, 'c1', '14', 'boyut');
INSERT INTO variant_attributes (variant_id, attr_key, attr_value, group_key) VALUES (66, 'c2', '14', 'boyut');
INSERT INTO variant_attributes (variant_id, attr_key, attr_value, group_key) VALUES (66, 'L', '50.5', 'boyut');
INSERT INTO variant_attributes (variant_id, attr_key, attr_value, group_key) VALUES (66, 'KUTU_ADEDI', '50', 'adet_agirlik');
INSERT INTO variant_attributes (variant_id, attr_key, attr_value, group_key) VALUES (66, 'KUTU_AGIRLIGI', '~2,3 kg.', 'adet_agirlik');
INSERT INTO variant_attributes (variant_id, attr_key, attr_value, group_key) VALUES (66, 'KOLI_ADEDI', '400.0', 'adet_agirlik');
INSERT INTO variant_attributes (variant_id, attr_key, attr_value, group_key) VALUES (66, 'KOLI_AGIRLIGI', '18,4 kg.', 'adet_agirlik');
INSERT INTO product_variants (id, product_id, variant_code, sort_order) VALUES (67, 55, 'SKP-A/120-M16', 67);
INSERT INTO variant_attributes (variant_id, attr_key, attr_value, group_key) VALUES (67, 'KABLO_KESITI', '120', 'kunye_filtre');
INSERT INTO variant_attributes (variant_id, attr_key, attr_value, group_key) VALUES (67, 'CIVATA', 'M16', 'kunye_filtre');
INSERT INTO variant_attributes (variant_id, attr_key, attr_value, group_key) VALUES (67, 'd1', '14.5', 'boyut');
INSERT INTO variant_attributes (variant_id, attr_key, attr_value, group_key) VALUES (67, 'd4', '18', 'boyut');
INSERT INTO variant_attributes (variant_id, attr_key, attr_value, group_key) VALUES (67, 'a', '30', 'boyut');
INSERT INTO variant_attributes (variant_id, attr_key, attr_value, group_key) VALUES (67, 'd2', '16.5', 'boyut');
INSERT INTO variant_attributes (variant_id, attr_key, attr_value, group_key) VALUES (67, 'b', '27', 'boyut');
INSERT INTO variant_attributes (variant_id, attr_key, attr_value, group_key) VALUES (67, 'c1', '14', 'boyut');
INSERT INTO variant_attributes (variant_id, attr_key, attr_value, group_key) VALUES (67, 'c2', '14', 'boyut');
INSERT INTO variant_attributes (variant_id, attr_key, attr_value, group_key) VALUES (67, 'L', '50.5', 'boyut');
INSERT INTO variant_attributes (variant_id, attr_key, attr_value, group_key) VALUES (67, 'KUTU_ADEDI', '50', 'adet_agirlik');
INSERT INTO variant_attributes (variant_id, attr_key, attr_value, group_key) VALUES (67, 'KUTU_AGIRLIGI', '~2,3 kg.', 'adet_agirlik');
INSERT INTO variant_attributes (variant_id, attr_key, attr_value, group_key) VALUES (67, 'KOLI_ADEDI', '400.0', 'adet_agirlik');
INSERT INTO variant_attributes (variant_id, attr_key, attr_value, group_key) VALUES (67, 'KOLI_AGIRLIGI', '18,4 kg.', 'adet_agirlik');
INSERT INTO product_variants (id, product_id, variant_code, sort_order) VALUES (68, 55, 'SKP-A/150-M08', 68);
INSERT INTO variant_attributes (variant_id, attr_key, attr_value, group_key) VALUES (68, 'KABLO_KESITI', '150', 'kunye_filtre');
INSERT INTO variant_attributes (variant_id, attr_key, attr_value, group_key) VALUES (68, 'CIVATA', 'M8', 'kunye_filtre');
INSERT INTO variant_attributes (variant_id, attr_key, attr_value, group_key) VALUES (68, 'd1', '16.5', 'boyut');
INSERT INTO variant_attributes (variant_id, attr_key, attr_value, group_key) VALUES (68, 'd4', '21', 'boyut');
INSERT INTO variant_attributes (variant_id, attr_key, attr_value, group_key) VALUES (68, 'a', '31.5', 'boyut');
INSERT INTO variant_attributes (variant_id, attr_key, attr_value, group_key) VALUES (68, 'd2', '8.5', 'boyut');
INSERT INTO variant_attributes (variant_id, attr_key, attr_value, group_key) VALUES (68, 'b', '30.5', 'boyut');
INSERT INTO variant_attributes (variant_id, attr_key, attr_value, group_key) VALUES (68, 'c1', '14', 'boyut');
INSERT INTO variant_attributes (variant_id, attr_key, attr_value, group_key) VALUES (68, 'c2', '14', 'boyut');
INSERT INTO variant_attributes (variant_id, attr_key, attr_value, group_key) VALUES (68, 'L', '54.5', 'boyut');
INSERT INTO variant_attributes (variant_id, attr_key, attr_value, group_key) VALUES (68, 'KUTU_ADEDI', '30', 'adet_agirlik');
INSERT INTO variant_attributes (variant_id, attr_key, attr_value, group_key) VALUES (68, 'KUTU_AGIRLIGI', '~2,4 kg.', 'adet_agirlik');
INSERT INTO variant_attributes (variant_id, attr_key, attr_value, group_key) VALUES (68, 'KOLI_ADEDI', '240.0', 'adet_agirlik');
INSERT INTO variant_attributes (variant_id, attr_key, attr_value, group_key) VALUES (68, 'KOLI_AGIRLIGI', '19,2 kg.', 'adet_agirlik');
INSERT INTO product_variants (id, product_id, variant_code, sort_order) VALUES (69, 55, 'SKP-A/150-M10', 69);
INSERT INTO variant_attributes (variant_id, attr_key, attr_value, group_key) VALUES (69, 'KABLO_KESITI', '150', 'kunye_filtre');
INSERT INTO variant_attributes (variant_id, attr_key, attr_value, group_key) VALUES (69, 'CIVATA', 'M10', 'kunye_filtre');
INSERT INTO variant_attributes (variant_id, attr_key, attr_value, group_key) VALUES (69, 'd1', '16.5', 'boyut');
INSERT INTO variant_attributes (variant_id, attr_key, attr_value, group_key) VALUES (69, 'd4', '21', 'boyut');
INSERT INTO variant_attributes (variant_id, attr_key, attr_value, group_key) VALUES (69, 'a', '31.5', 'boyut');
INSERT INTO variant_attributes (variant_id, attr_key, attr_value, group_key) VALUES (69, 'd2', '10.5', 'boyut');
INSERT INTO variant_attributes (variant_id, attr_key, attr_value, group_key) VALUES (69, 'b', '30.5', 'boyut');
INSERT INTO variant_attributes (variant_id, attr_key, attr_value, group_key) VALUES (69, 'c1', '14', 'boyut');
INSERT INTO variant_attributes (variant_id, attr_key, attr_value, group_key) VALUES (69, 'c2', '14', 'boyut');
INSERT INTO variant_attributes (variant_id, attr_key, attr_value, group_key) VALUES (69, 'L', '54.5', 'boyut');
INSERT INTO variant_attributes (variant_id, attr_key, attr_value, group_key) VALUES (69, 'KUTU_ADEDI', '30', 'adet_agirlik');
INSERT INTO variant_attributes (variant_id, attr_key, attr_value, group_key) VALUES (69, 'KUTU_AGIRLIGI', '~2,4 kg.', 'adet_agirlik');
INSERT INTO variant_attributes (variant_id, attr_key, attr_value, group_key) VALUES (69, 'KOLI_ADEDI', '240.0', 'adet_agirlik');
INSERT INTO variant_attributes (variant_id, attr_key, attr_value, group_key) VALUES (69, 'KOLI_AGIRLIGI', '19,2 kg.', 'adet_agirlik');
INSERT INTO product_variants (id, product_id, variant_code, sort_order) VALUES (70, 55, 'SKP-A/150-M12/SD', 70);
INSERT INTO variant_attributes (variant_id, attr_key, attr_value, group_key) VALUES (70, 'KABLO_KESITI', '150', 'kunye_filtre');
INSERT INTO variant_attributes (variant_id, attr_key, attr_value, group_key) VALUES (70, 'CIVATA', 'M12', 'kunye_filtre');
INSERT INTO variant_attributes (variant_id, attr_key, attr_value, group_key) VALUES (70, 'd1', '16.5', 'boyut');
INSERT INTO variant_attributes (variant_id, attr_key, attr_value, group_key) VALUES (70, 'd4', '21', 'boyut');
INSERT INTO variant_attributes (variant_id, attr_key, attr_value, group_key) VALUES (70, 'a', '31.5', 'boyut');
INSERT INTO variant_attributes (variant_id, attr_key, attr_value, group_key) VALUES (70, 'd2', '13', 'boyut');
INSERT INTO variant_attributes (variant_id, attr_key, attr_value, group_key) VALUES (70, 'b', '30.5', 'boyut');
INSERT INTO variant_attributes (variant_id, attr_key, attr_value, group_key) VALUES (70, 'c1', '15', 'boyut');
INSERT INTO variant_attributes (variant_id, attr_key, attr_value, group_key) VALUES (70, 'c2', '15', 'boyut');
INSERT INTO variant_attributes (variant_id, attr_key, attr_value, group_key) VALUES (70, 'L', '54.5', 'boyut');
INSERT INTO variant_attributes (variant_id, attr_key, attr_value, group_key) VALUES (70, 'KUTU_ADEDI', '30', 'adet_agirlik');
INSERT INTO variant_attributes (variant_id, attr_key, attr_value, group_key) VALUES (70, 'KUTU_AGIRLIGI', '~2,3 kg.', 'adet_agirlik');
INSERT INTO variant_attributes (variant_id, attr_key, attr_value, group_key) VALUES (70, 'KOLI_ADEDI', '240.0', 'adet_agirlik');
INSERT INTO variant_attributes (variant_id, attr_key, attr_value, group_key) VALUES (70, 'KOLI_AGIRLIGI', '18,4 kg.', 'adet_agirlik');
INSERT INTO product_variants (id, product_id, variant_code, sort_order) VALUES (71, 55, 'SKP-A/150-M14', 71);
INSERT INTO variant_attributes (variant_id, attr_key, attr_value, group_key) VALUES (71, 'KABLO_KESITI', '150', 'kunye_filtre');
INSERT INTO variant_attributes (variant_id, attr_key, attr_value, group_key) VALUES (71, 'CIVATA', 'M14', 'kunye_filtre');
INSERT INTO variant_attributes (variant_id, attr_key, attr_value, group_key) VALUES (71, 'd1', '16.5', 'boyut');
INSERT INTO variant_attributes (variant_id, attr_key, attr_value, group_key) VALUES (71, 'd4', '21', 'boyut');
INSERT INTO variant_attributes (variant_id, attr_key, attr_value, group_key) VALUES (71, 'a', '31.5', 'boyut');
INSERT INTO variant_attributes (variant_id, attr_key, attr_value, group_key) VALUES (71, 'd2', '14.5', 'boyut');
INSERT INTO variant_attributes (variant_id, attr_key, attr_value, group_key) VALUES (71, 'b', '30.5', 'boyut');
INSERT INTO variant_attributes (variant_id, attr_key, attr_value, group_key) VALUES (71, 'c1', '15', 'boyut');
INSERT INTO variant_attributes (variant_id, attr_key, attr_value, group_key) VALUES (71, 'c2', '15', 'boyut');
INSERT INTO variant_attributes (variant_id, attr_key, attr_value, group_key) VALUES (71, 'L', '54.5', 'boyut');
INSERT INTO variant_attributes (variant_id, attr_key, attr_value, group_key) VALUES (71, 'KUTU_ADEDI', '30', 'adet_agirlik');
INSERT INTO variant_attributes (variant_id, attr_key, attr_value, group_key) VALUES (71, 'KUTU_AGIRLIGI', '~2,3 kg.', 'adet_agirlik');
INSERT INTO variant_attributes (variant_id, attr_key, attr_value, group_key) VALUES (71, 'KOLI_ADEDI', '240.0', 'adet_agirlik');
INSERT INTO variant_attributes (variant_id, attr_key, attr_value, group_key) VALUES (71, 'KOLI_AGIRLIGI', '18,4 kg.', 'adet_agirlik');
INSERT INTO product_variants (id, product_id, variant_code, sort_order) VALUES (72, 55, 'SKP-A/150-M16', 72);
INSERT INTO variant_attributes (variant_id, attr_key, attr_value, group_key) VALUES (72, 'KABLO_KESITI', '150', 'kunye_filtre');
INSERT INTO variant_attributes (variant_id, attr_key, attr_value, group_key) VALUES (72, 'CIVATA', 'M16', 'kunye_filtre');
INSERT INTO variant_attributes (variant_id, attr_key, attr_value, group_key) VALUES (72, 'd1', '16.5', 'boyut');
INSERT INTO variant_attributes (variant_id, attr_key, attr_value, group_key) VALUES (72, 'd4', '21', 'boyut');
INSERT INTO variant_attributes (variant_id, attr_key, attr_value, group_key) VALUES (72, 'a', '31.5', 'boyut');
INSERT INTO variant_attributes (variant_id, attr_key, attr_value, group_key) VALUES (72, 'd2', '16.5', 'boyut');
INSERT INTO variant_attributes (variant_id, attr_key, attr_value, group_key) VALUES (72, 'b', '30.5', 'boyut');
INSERT INTO variant_attributes (variant_id, attr_key, attr_value, group_key) VALUES (72, 'c1', '15', 'boyut');
INSERT INTO variant_attributes (variant_id, attr_key, attr_value, group_key) VALUES (72, 'c2', '15', 'boyut');
INSERT INTO variant_attributes (variant_id, attr_key, attr_value, group_key) VALUES (72, 'L', '54.5', 'boyut');
INSERT INTO variant_attributes (variant_id, attr_key, attr_value, group_key) VALUES (72, 'KUTU_ADEDI', '30', 'adet_agirlik');
INSERT INTO variant_attributes (variant_id, attr_key, attr_value, group_key) VALUES (72, 'KUTU_AGIRLIGI', '~2,2 kg.', 'adet_agirlik');
INSERT INTO variant_attributes (variant_id, attr_key, attr_value, group_key) VALUES (72, 'KOLI_ADEDI', '240.0', 'adet_agirlik');
INSERT INTO variant_attributes (variant_id, attr_key, attr_value, group_key) VALUES (72, 'KOLI_AGIRLIGI', '17,6 kg.', 'adet_agirlik');
INSERT INTO product_variants (id, product_id, variant_code, sort_order) VALUES (73, 55, 'SKP-A/150-M20', 73);
INSERT INTO variant_attributes (variant_id, attr_key, attr_value, group_key) VALUES (73, 'KABLO_KESITI', '150', 'kunye_filtre');
INSERT INTO variant_attributes (variant_id, attr_key, attr_value, group_key) VALUES (73, 'CIVATA', 'M20', 'kunye_filtre');
INSERT INTO variant_attributes (variant_id, attr_key, attr_value, group_key) VALUES (73, 'd1', '16.5', 'boyut');
INSERT INTO variant_attributes (variant_id, attr_key, attr_value, group_key) VALUES (73, 'd4', '21', 'boyut');
INSERT INTO variant_attributes (variant_id, attr_key, attr_value, group_key) VALUES (73, 'a', '31.5', 'boyut');
INSERT INTO variant_attributes (variant_id, attr_key, attr_value, group_key) VALUES (73, 'd2', '21', 'boyut');
INSERT INTO variant_attributes (variant_id, attr_key, attr_value, group_key) VALUES (73, 'b', '30.5', 'boyut');
INSERT INTO variant_attributes (variant_id, attr_key, attr_value, group_key) VALUES (73, 'c1', '15', 'boyut');
INSERT INTO variant_attributes (variant_id, attr_key, attr_value, group_key) VALUES (73, 'c2', '15', 'boyut');
INSERT INTO variant_attributes (variant_id, attr_key, attr_value, group_key) VALUES (73, 'L', '54.5', 'boyut');
INSERT INTO variant_attributes (variant_id, attr_key, attr_value, group_key) VALUES (73, 'KUTU_ADEDI', '30', 'adet_agirlik');
INSERT INTO variant_attributes (variant_id, attr_key, attr_value, group_key) VALUES (73, 'KUTU_AGIRLIGI', '~2,1 kg.', 'adet_agirlik');
INSERT INTO variant_attributes (variant_id, attr_key, attr_value, group_key) VALUES (73, 'KOLI_ADEDI', '240.0', 'adet_agirlik');
INSERT INTO variant_attributes (variant_id, attr_key, attr_value, group_key) VALUES (73, 'KOLI_AGIRLIGI', '16,8 kg.', 'adet_agirlik');
INSERT INTO product_variants (id, product_id, variant_code, sort_order) VALUES (74, 55, 'SKP-A/185-M10', 74);
INSERT INTO variant_attributes (variant_id, attr_key, attr_value, group_key) VALUES (74, 'KABLO_KESITI', '185', 'kunye_filtre');
INSERT INTO variant_attributes (variant_id, attr_key, attr_value, group_key) VALUES (74, 'CIVATA', 'M10', 'kunye_filtre');
INSERT INTO variant_attributes (variant_id, attr_key, attr_value, group_key) VALUES (74, 'd1', '18.5', 'boyut');
INSERT INTO variant_attributes (variant_id, attr_key, attr_value, group_key) VALUES (74, 'd4', '23', 'boyut');
INSERT INTO variant_attributes (variant_id, attr_key, attr_value, group_key) VALUES (74, 'a', '34.5', 'boyut');
INSERT INTO variant_attributes (variant_id, attr_key, attr_value, group_key) VALUES (74, 'd2', '10.5', 'boyut');
INSERT INTO variant_attributes (variant_id, attr_key, attr_value, group_key) VALUES (74, 'b', '33.5', 'boyut');
INSERT INTO variant_attributes (variant_id, attr_key, attr_value, group_key) VALUES (74, 'c1', '16', 'boyut');
INSERT INTO variant_attributes (variant_id, attr_key, attr_value, group_key) VALUES (74, 'c2', '16', 'boyut');
INSERT INTO variant_attributes (variant_id, attr_key, attr_value, group_key) VALUES (74, 'L', '61', 'boyut');
INSERT INTO variant_attributes (variant_id, attr_key, attr_value, group_key) VALUES (74, 'KUTU_ADEDI', '20', 'adet_agirlik');
INSERT INTO variant_attributes (variant_id, attr_key, attr_value, group_key) VALUES (74, 'KUTU_AGIRLIGI', '~1,9 kg.', 'adet_agirlik');
INSERT INTO variant_attributes (variant_id, attr_key, attr_value, group_key) VALUES (74, 'KOLI_ADEDI', '160.0', 'adet_agirlik');
INSERT INTO variant_attributes (variant_id, attr_key, attr_value, group_key) VALUES (74, 'KOLI_AGIRLIGI', '15,2 kg.', 'adet_agirlik');
INSERT INTO product_variants (id, product_id, variant_code, sort_order) VALUES (75, 55, 'SKP-A/185-M12/SD', 75);
INSERT INTO variant_attributes (variant_id, attr_key, attr_value, group_key) VALUES (75, 'KABLO_KESITI', '185', 'kunye_filtre');
INSERT INTO variant_attributes (variant_id, attr_key, attr_value, group_key) VALUES (75, 'CIVATA', 'M12', 'kunye_filtre');
INSERT INTO variant_attributes (variant_id, attr_key, attr_value, group_key) VALUES (75, 'd1', '18.5', 'boyut');
INSERT INTO variant_attributes (variant_id, attr_key, attr_value, group_key) VALUES (75, 'd4', '23', 'boyut');
INSERT INTO variant_attributes (variant_id, attr_key, attr_value, group_key) VALUES (75, 'a', '34.5', 'boyut');
INSERT INTO variant_attributes (variant_id, attr_key, attr_value, group_key) VALUES (75, 'd2', '13', 'boyut');
INSERT INTO variant_attributes (variant_id, attr_key, attr_value, group_key) VALUES (75, 'b', '33.5', 'boyut');
INSERT INTO variant_attributes (variant_id, attr_key, attr_value, group_key) VALUES (75, 'c1', '16', 'boyut');
INSERT INTO variant_attributes (variant_id, attr_key, attr_value, group_key) VALUES (75, 'c2', '16', 'boyut');
INSERT INTO variant_attributes (variant_id, attr_key, attr_value, group_key) VALUES (75, 'L', '61', 'boyut');
INSERT INTO variant_attributes (variant_id, attr_key, attr_value, group_key) VALUES (75, 'KUTU_ADEDI', '20', 'adet_agirlik');
INSERT INTO variant_attributes (variant_id, attr_key, attr_value, group_key) VALUES (75, 'KUTU_AGIRLIGI', '~1,9 kg.', 'adet_agirlik');
INSERT INTO variant_attributes (variant_id, attr_key, attr_value, group_key) VALUES (75, 'KOLI_ADEDI', '160.0', 'adet_agirlik');
INSERT INTO variant_attributes (variant_id, attr_key, attr_value, group_key) VALUES (75, 'KOLI_AGIRLIGI', '15,2 kg.', 'adet_agirlik');
INSERT INTO product_variants (id, product_id, variant_code, sort_order) VALUES (76, 55, 'SKP-A/185-M14', 76);
INSERT INTO variant_attributes (variant_id, attr_key, attr_value, group_key) VALUES (76, 'KABLO_KESITI', '185', 'kunye_filtre');
INSERT INTO variant_attributes (variant_id, attr_key, attr_value, group_key) VALUES (76, 'CIVATA', 'M14', 'kunye_filtre');
INSERT INTO variant_attributes (variant_id, attr_key, attr_value, group_key) VALUES (76, 'd1', '18.5', 'boyut');
INSERT INTO variant_attributes (variant_id, attr_key, attr_value, group_key) VALUES (76, 'd4', '23', 'boyut');
INSERT INTO variant_attributes (variant_id, attr_key, attr_value, group_key) VALUES (76, 'a', '34.5', 'boyut');
INSERT INTO variant_attributes (variant_id, attr_key, attr_value, group_key) VALUES (76, 'd2', '14.5', 'boyut');
INSERT INTO variant_attributes (variant_id, attr_key, attr_value, group_key) VALUES (76, 'b', '33.5', 'boyut');
INSERT INTO variant_attributes (variant_id, attr_key, attr_value, group_key) VALUES (76, 'c1', '16', 'boyut');
INSERT INTO variant_attributes (variant_id, attr_key, attr_value, group_key) VALUES (76, 'c2', '16', 'boyut');
INSERT INTO variant_attributes (variant_id, attr_key, attr_value, group_key) VALUES (76, 'L', '61', 'boyut');
INSERT INTO variant_attributes (variant_id, attr_key, attr_value, group_key) VALUES (76, 'KUTU_ADEDI', '20', 'adet_agirlik');
INSERT INTO variant_attributes (variant_id, attr_key, attr_value, group_key) VALUES (76, 'KUTU_AGIRLIGI', '~1,8 kg.', 'adet_agirlik');
INSERT INTO variant_attributes (variant_id, attr_key, attr_value, group_key) VALUES (76, 'KOLI_ADEDI', '160.0', 'adet_agirlik');
INSERT INTO variant_attributes (variant_id, attr_key, attr_value, group_key) VALUES (76, 'KOLI_AGIRLIGI', '14,4 kg.', 'adet_agirlik');
INSERT INTO product_variants (id, product_id, variant_code, sort_order) VALUES (77, 55, 'SKP-A/185-M16', 77);
INSERT INTO variant_attributes (variant_id, attr_key, attr_value, group_key) VALUES (77, 'KABLO_KESITI', '185', 'kunye_filtre');
INSERT INTO variant_attributes (variant_id, attr_key, attr_value, group_key) VALUES (77, 'CIVATA', 'M16', 'kunye_filtre');
INSERT INTO variant_attributes (variant_id, attr_key, attr_value, group_key) VALUES (77, 'd1', '18.5', 'boyut');
INSERT INTO variant_attributes (variant_id, attr_key, attr_value, group_key) VALUES (77, 'd4', '23', 'boyut');
INSERT INTO variant_attributes (variant_id, attr_key, attr_value, group_key) VALUES (77, 'a', '34.5', 'boyut');
INSERT INTO variant_attributes (variant_id, attr_key, attr_value, group_key) VALUES (77, 'd2', '16.5', 'boyut');
INSERT INTO variant_attributes (variant_id, attr_key, attr_value, group_key) VALUES (77, 'b', '33.5', 'boyut');
INSERT INTO variant_attributes (variant_id, attr_key, attr_value, group_key) VALUES (77, 'c1', '16', 'boyut');
INSERT INTO variant_attributes (variant_id, attr_key, attr_value, group_key) VALUES (77, 'c2', '16', 'boyut');
INSERT INTO variant_attributes (variant_id, attr_key, attr_value, group_key) VALUES (77, 'L', '61', 'boyut');
INSERT INTO variant_attributes (variant_id, attr_key, attr_value, group_key) VALUES (77, 'KUTU_ADEDI', '20', 'adet_agirlik');
INSERT INTO variant_attributes (variant_id, attr_key, attr_value, group_key) VALUES (77, 'KUTU_AGIRLIGI', '~1,8 kg.', 'adet_agirlik');
INSERT INTO variant_attributes (variant_id, attr_key, attr_value, group_key) VALUES (77, 'KOLI_ADEDI', '160.0', 'adet_agirlik');
INSERT INTO variant_attributes (variant_id, attr_key, attr_value, group_key) VALUES (77, 'KOLI_AGIRLIGI', '14,4 kg.', 'adet_agirlik');
INSERT INTO product_variants (id, product_id, variant_code, sort_order) VALUES (78, 55, 'SKP-A/185-M20', 78);
INSERT INTO variant_attributes (variant_id, attr_key, attr_value, group_key) VALUES (78, 'KABLO_KESITI', '185', 'kunye_filtre');
INSERT INTO variant_attributes (variant_id, attr_key, attr_value, group_key) VALUES (78, 'CIVATA', 'M20', 'kunye_filtre');
INSERT INTO variant_attributes (variant_id, attr_key, attr_value, group_key) VALUES (78, 'd1', '18.5', 'boyut');
INSERT INTO variant_attributes (variant_id, attr_key, attr_value, group_key) VALUES (78, 'd4', '23', 'boyut');
INSERT INTO variant_attributes (variant_id, attr_key, attr_value, group_key) VALUES (78, 'a', '34.5', 'boyut');
INSERT INTO variant_attributes (variant_id, attr_key, attr_value, group_key) VALUES (78, 'd2', '21', 'boyut');
INSERT INTO variant_attributes (variant_id, attr_key, attr_value, group_key) VALUES (78, 'b', '33.5', 'boyut');
INSERT INTO variant_attributes (variant_id, attr_key, attr_value, group_key) VALUES (78, 'c1', '16', 'boyut');
INSERT INTO variant_attributes (variant_id, attr_key, attr_value, group_key) VALUES (78, 'c2', '16', 'boyut');
INSERT INTO variant_attributes (variant_id, attr_key, attr_value, group_key) VALUES (78, 'L', '61', 'boyut');
INSERT INTO variant_attributes (variant_id, attr_key, attr_value, group_key) VALUES (78, 'KUTU_ADEDI', '20', 'adet_agirlik');
INSERT INTO variant_attributes (variant_id, attr_key, attr_value, group_key) VALUES (78, 'KUTU_AGIRLIGI', '~1,7 kg.', 'adet_agirlik');
INSERT INTO variant_attributes (variant_id, attr_key, attr_value, group_key) VALUES (78, 'KOLI_ADEDI', '160.0', 'adet_agirlik');
INSERT INTO variant_attributes (variant_id, attr_key, attr_value, group_key) VALUES (78, 'KOLI_AGIRLIGI', '13,6 kg.', 'adet_agirlik');
INSERT INTO product_variants (id, product_id, variant_code, sort_order) VALUES (79, 55, 'SKP-A/240-M10', 79);
INSERT INTO variant_attributes (variant_id, attr_key, attr_value, group_key) VALUES (79, 'KABLO_KESITI', '240', 'kunye_filtre');
INSERT INTO variant_attributes (variant_id, attr_key, attr_value, group_key) VALUES (79, 'CIVATA', 'M10', 'kunye_filtre');
INSERT INTO variant_attributes (variant_id, attr_key, attr_value, group_key) VALUES (79, 'd1', '21', 'boyut');
INSERT INTO variant_attributes (variant_id, attr_key, attr_value, group_key) VALUES (79, 'd4', '26', 'boyut');
INSERT INTO variant_attributes (variant_id, attr_key, attr_value, group_key) VALUES (79, 'a', '39', 'boyut');
INSERT INTO variant_attributes (variant_id, attr_key, attr_value, group_key) VALUES (79, 'd2', '10.5', 'boyut');
INSERT INTO variant_attributes (variant_id, attr_key, attr_value, group_key) VALUES (79, 'b', '38', 'boyut');
INSERT INTO variant_attributes (variant_id, attr_key, attr_value, group_key) VALUES (79, 'c1', '16.5', 'boyut');
INSERT INTO variant_attributes (variant_id, attr_key, attr_value, group_key) VALUES (79, 'c2', '16.5', 'boyut');
INSERT INTO variant_attributes (variant_id, attr_key, attr_value, group_key) VALUES (79, 'L', '65.5', 'boyut');
INSERT INTO variant_attributes (variant_id, attr_key, attr_value, group_key) VALUES (79, 'KUTU_ADEDI', '20', 'adet_agirlik');
INSERT INTO variant_attributes (variant_id, attr_key, attr_value, group_key) VALUES (79, 'KUTU_AGIRLIGI', '~2,5 kg.', 'adet_agirlik');
INSERT INTO variant_attributes (variant_id, attr_key, attr_value, group_key) VALUES (79, 'KOLI_ADEDI', '160.0', 'adet_agirlik');
INSERT INTO variant_attributes (variant_id, attr_key, attr_value, group_key) VALUES (79, 'KOLI_AGIRLIGI', '20,0 kg.', 'adet_agirlik');
INSERT INTO product_variants (id, product_id, variant_code, sort_order) VALUES (80, 55, 'SKP-A/240-M12/SD', 80);
INSERT INTO variant_attributes (variant_id, attr_key, attr_value, group_key) VALUES (80, 'KABLO_KESITI', '240', 'kunye_filtre');
INSERT INTO variant_attributes (variant_id, attr_key, attr_value, group_key) VALUES (80, 'CIVATA', 'M12', 'kunye_filtre');
INSERT INTO variant_attributes (variant_id, attr_key, attr_value, group_key) VALUES (80, 'd1', '21', 'boyut');
INSERT INTO variant_attributes (variant_id, attr_key, attr_value, group_key) VALUES (80, 'd4', '26', 'boyut');
INSERT INTO variant_attributes (variant_id, attr_key, attr_value, group_key) VALUES (80, 'a', '39', 'boyut');
INSERT INTO variant_attributes (variant_id, attr_key, attr_value, group_key) VALUES (80, 'd2', '13', 'boyut');
INSERT INTO variant_attributes (variant_id, attr_key, attr_value, group_key) VALUES (80, 'b', '38', 'boyut');
INSERT INTO variant_attributes (variant_id, attr_key, attr_value, group_key) VALUES (80, 'c1', '16.5', 'boyut');
INSERT INTO variant_attributes (variant_id, attr_key, attr_value, group_key) VALUES (80, 'c2', '16.5', 'boyut');
INSERT INTO variant_attributes (variant_id, attr_key, attr_value, group_key) VALUES (80, 'L', '65.5', 'boyut');
INSERT INTO variant_attributes (variant_id, attr_key, attr_value, group_key) VALUES (80, 'KUTU_ADEDI', '20', 'adet_agirlik');
INSERT INTO variant_attributes (variant_id, attr_key, attr_value, group_key) VALUES (80, 'KUTU_AGIRLIGI', '~2,5 kg.', 'adet_agirlik');
INSERT INTO variant_attributes (variant_id, attr_key, attr_value, group_key) VALUES (80, 'KOLI_ADEDI', '160.0', 'adet_agirlik');
INSERT INTO variant_attributes (variant_id, attr_key, attr_value, group_key) VALUES (80, 'KOLI_AGIRLIGI', '20,0 kg.', 'adet_agirlik');
INSERT INTO product_variants (id, product_id, variant_code, sort_order) VALUES (81, 55, 'SKP-A/240-M14', 81);
INSERT INTO variant_attributes (variant_id, attr_key, attr_value, group_key) VALUES (81, 'KABLO_KESITI', '240', 'kunye_filtre');
INSERT INTO variant_attributes (variant_id, attr_key, attr_value, group_key) VALUES (81, 'CIVATA', 'M14', 'kunye_filtre');
INSERT INTO variant_attributes (variant_id, attr_key, attr_value, group_key) VALUES (81, 'd1', '21', 'boyut');
INSERT INTO variant_attributes (variant_id, attr_key, attr_value, group_key) VALUES (81, 'd4', '26', 'boyut');
INSERT INTO variant_attributes (variant_id, attr_key, attr_value, group_key) VALUES (81, 'a', '39', 'boyut');
INSERT INTO variant_attributes (variant_id, attr_key, attr_value, group_key) VALUES (81, 'd2', '14.5', 'boyut');
INSERT INTO variant_attributes (variant_id, attr_key, attr_value, group_key) VALUES (81, 'b', '38', 'boyut');
INSERT INTO variant_attributes (variant_id, attr_key, attr_value, group_key) VALUES (81, 'c1', '16.5', 'boyut');
INSERT INTO variant_attributes (variant_id, attr_key, attr_value, group_key) VALUES (81, 'c2', '16.5', 'boyut');
INSERT INTO variant_attributes (variant_id, attr_key, attr_value, group_key) VALUES (81, 'L', '65.5', 'boyut');
INSERT INTO variant_attributes (variant_id, attr_key, attr_value, group_key) VALUES (81, 'KUTU_ADEDI', '20', 'adet_agirlik');
INSERT INTO variant_attributes (variant_id, attr_key, attr_value, group_key) VALUES (81, 'KUTU_AGIRLIGI', '~2,5 kg.', 'adet_agirlik');
INSERT INTO variant_attributes (variant_id, attr_key, attr_value, group_key) VALUES (81, 'KOLI_ADEDI', '160.0', 'adet_agirlik');
INSERT INTO variant_attributes (variant_id, attr_key, attr_value, group_key) VALUES (81, 'KOLI_AGIRLIGI', '20,0 kg.', 'adet_agirlik');
INSERT INTO product_variants (id, product_id, variant_code, sort_order) VALUES (82, 55, 'SKP-A/240-M16', 82);
INSERT INTO variant_attributes (variant_id, attr_key, attr_value, group_key) VALUES (82, 'KABLO_KESITI', '240', 'kunye_filtre');
INSERT INTO variant_attributes (variant_id, attr_key, attr_value, group_key) VALUES (82, 'CIVATA', 'M16', 'kunye_filtre');
INSERT INTO variant_attributes (variant_id, attr_key, attr_value, group_key) VALUES (82, 'd1', '21', 'boyut');
INSERT INTO variant_attributes (variant_id, attr_key, attr_value, group_key) VALUES (82, 'd4', '26', 'boyut');
INSERT INTO variant_attributes (variant_id, attr_key, attr_value, group_key) VALUES (82, 'a', '39', 'boyut');
INSERT INTO variant_attributes (variant_id, attr_key, attr_value, group_key) VALUES (82, 'd2', '16.5', 'boyut');
INSERT INTO variant_attributes (variant_id, attr_key, attr_value, group_key) VALUES (82, 'b', '38', 'boyut');
INSERT INTO variant_attributes (variant_id, attr_key, attr_value, group_key) VALUES (82, 'c1', '16.5', 'boyut');
INSERT INTO variant_attributes (variant_id, attr_key, attr_value, group_key) VALUES (82, 'c2', '16.5', 'boyut');
INSERT INTO variant_attributes (variant_id, attr_key, attr_value, group_key) VALUES (82, 'L', '65.5', 'boyut');
INSERT INTO variant_attributes (variant_id, attr_key, attr_value, group_key) VALUES (82, 'KUTU_ADEDI', '20', 'adet_agirlik');
INSERT INTO variant_attributes (variant_id, attr_key, attr_value, group_key) VALUES (82, 'KUTU_AGIRLIGI', '~2,4 kg.', 'adet_agirlik');
INSERT INTO variant_attributes (variant_id, attr_key, attr_value, group_key) VALUES (82, 'KOLI_ADEDI', '160.0', 'adet_agirlik');
INSERT INTO variant_attributes (variant_id, attr_key, attr_value, group_key) VALUES (82, 'KOLI_AGIRLIGI', '19,2 kg.', 'adet_agirlik');
INSERT INTO product_variants (id, product_id, variant_code, sort_order) VALUES (83, 55, 'SKP-A/240-M20', 83);
INSERT INTO variant_attributes (variant_id, attr_key, attr_value, group_key) VALUES (83, 'KABLO_KESITI', '240', 'kunye_filtre');
INSERT INTO variant_attributes (variant_id, attr_key, attr_value, group_key) VALUES (83, 'CIVATA', 'M20', 'kunye_filtre');
INSERT INTO variant_attributes (variant_id, attr_key, attr_value, group_key) VALUES (83, 'd1', '21', 'boyut');
INSERT INTO variant_attributes (variant_id, attr_key, attr_value, group_key) VALUES (83, 'd4', '26', 'boyut');
INSERT INTO variant_attributes (variant_id, attr_key, attr_value, group_key) VALUES (83, 'a', '39', 'boyut');
INSERT INTO variant_attributes (variant_id, attr_key, attr_value, group_key) VALUES (83, 'd2', '21', 'boyut');
INSERT INTO variant_attributes (variant_id, attr_key, attr_value, group_key) VALUES (83, 'b', '38', 'boyut');
INSERT INTO variant_attributes (variant_id, attr_key, attr_value, group_key) VALUES (83, 'c1', '16.5', 'boyut');
INSERT INTO variant_attributes (variant_id, attr_key, attr_value, group_key) VALUES (83, 'c2', '16.5', 'boyut');
INSERT INTO variant_attributes (variant_id, attr_key, attr_value, group_key) VALUES (83, 'L', '65.5', 'boyut');
INSERT INTO variant_attributes (variant_id, attr_key, attr_value, group_key) VALUES (83, 'KUTU_ADEDI', '20', 'adet_agirlik');
INSERT INTO variant_attributes (variant_id, attr_key, attr_value, group_key) VALUES (83, 'KUTU_AGIRLIGI', '~2,4 kg.', 'adet_agirlik');
INSERT INTO variant_attributes (variant_id, attr_key, attr_value, group_key) VALUES (83, 'KOLI_ADEDI', '160.0', 'adet_agirlik');
INSERT INTO variant_attributes (variant_id, attr_key, attr_value, group_key) VALUES (83, 'KOLI_AGIRLIGI', '19,2 kg.', 'adet_agirlik');
INSERT INTO product_variants (id, product_id, variant_code, sort_order) VALUES (84, 55, 'SKP-A/300-M12', 84);
INSERT INTO variant_attributes (variant_id, attr_key, attr_value, group_key) VALUES (84, 'KABLO_KESITI', '300', 'kunye_filtre');
INSERT INTO variant_attributes (variant_id, attr_key, attr_value, group_key) VALUES (84, 'CIVATA', 'M12', 'kunye_filtre');
INSERT INTO variant_attributes (variant_id, attr_key, attr_value, group_key) VALUES (84, 'd1', '23.5', 'boyut');
INSERT INTO variant_attributes (variant_id, attr_key, attr_value, group_key) VALUES (84, 'd4', '28.5', 'boyut');
INSERT INTO variant_attributes (variant_id, attr_key, attr_value, group_key) VALUES (84, 'a', '42.5', 'boyut');
INSERT INTO variant_attributes (variant_id, attr_key, attr_value, group_key) VALUES (84, 'd2', '13', 'boyut');
INSERT INTO variant_attributes (variant_id, attr_key, attr_value, group_key) VALUES (84, 'b', '42', 'boyut');
INSERT INTO variant_attributes (variant_id, attr_key, attr_value, group_key) VALUES (84, 'c1', '19', 'boyut');
INSERT INTO variant_attributes (variant_id, attr_key, attr_value, group_key) VALUES (84, 'c2', '22', 'boyut');
INSERT INTO variant_attributes (variant_id, attr_key, attr_value, group_key) VALUES (84, 'L', '77', 'boyut');
INSERT INTO variant_attributes (variant_id, attr_key, attr_value, group_key) VALUES (84, 'KUTU_ADEDI', '16', 'adet_agirlik');
INSERT INTO variant_attributes (variant_id, attr_key, attr_value, group_key) VALUES (84, 'KUTU_AGIRLIGI', '~2,8 kg.', 'adet_agirlik');
INSERT INTO variant_attributes (variant_id, attr_key, attr_value, group_key) VALUES (84, 'KOLI_ADEDI', '128.0', 'adet_agirlik');
INSERT INTO variant_attributes (variant_id, attr_key, attr_value, group_key) VALUES (84, 'KOLI_AGIRLIGI', '22,4 kg.', 'adet_agirlik');
INSERT INTO product_variants (id, product_id, variant_code, sort_order) VALUES (85, 55, 'SKP-A/300-M14', 85);
INSERT INTO variant_attributes (variant_id, attr_key, attr_value, group_key) VALUES (85, 'KABLO_KESITI', '300', 'kunye_filtre');
INSERT INTO variant_attributes (variant_id, attr_key, attr_value, group_key) VALUES (85, 'CIVATA', 'M14', 'kunye_filtre');
INSERT INTO variant_attributes (variant_id, attr_key, attr_value, group_key) VALUES (85, 'd1', '23.5', 'boyut');
INSERT INTO variant_attributes (variant_id, attr_key, attr_value, group_key) VALUES (85, 'd4', '28.5', 'boyut');
INSERT INTO variant_attributes (variant_id, attr_key, attr_value, group_key) VALUES (85, 'a', '42.5', 'boyut');
INSERT INTO variant_attributes (variant_id, attr_key, attr_value, group_key) VALUES (85, 'd2', '15', 'boyut');
INSERT INTO variant_attributes (variant_id, attr_key, attr_value, group_key) VALUES (85, 'b', '42', 'boyut');
INSERT INTO variant_attributes (variant_id, attr_key, attr_value, group_key) VALUES (85, 'c1', '19', 'boyut');
INSERT INTO variant_attributes (variant_id, attr_key, attr_value, group_key) VALUES (85, 'c2', '22', 'boyut');
INSERT INTO variant_attributes (variant_id, attr_key, attr_value, group_key) VALUES (85, 'L', '77', 'boyut');
INSERT INTO variant_attributes (variant_id, attr_key, attr_value, group_key) VALUES (85, 'KUTU_ADEDI', '16', 'adet_agirlik');
INSERT INTO variant_attributes (variant_id, attr_key, attr_value, group_key) VALUES (85, 'KUTU_AGIRLIGI', '~2,8 kg.', 'adet_agirlik');
INSERT INTO variant_attributes (variant_id, attr_key, attr_value, group_key) VALUES (85, 'KOLI_ADEDI', '128.0', 'adet_agirlik');
INSERT INTO variant_attributes (variant_id, attr_key, attr_value, group_key) VALUES (85, 'KOLI_AGIRLIGI', '22,4 kg.', 'adet_agirlik');
INSERT INTO product_variants (id, product_id, variant_code, sort_order) VALUES (86, 55, 'SKP-A/300-M16/SD', 86);
INSERT INTO variant_attributes (variant_id, attr_key, attr_value, group_key) VALUES (86, 'KABLO_KESITI', '300', 'kunye_filtre');
INSERT INTO variant_attributes (variant_id, attr_key, attr_value, group_key) VALUES (86, 'CIVATA', 'M16', 'kunye_filtre');
INSERT INTO variant_attributes (variant_id, attr_key, attr_value, group_key) VALUES (86, 'd1', '23.5', 'boyut');
INSERT INTO variant_attributes (variant_id, attr_key, attr_value, group_key) VALUES (86, 'd4', '28.5', 'boyut');
INSERT INTO variant_attributes (variant_id, attr_key, attr_value, group_key) VALUES (86, 'a', '42.5', 'boyut');
INSERT INTO variant_attributes (variant_id, attr_key, attr_value, group_key) VALUES (86, 'd2', '17', 'boyut');
INSERT INTO variant_attributes (variant_id, attr_key, attr_value, group_key) VALUES (86, 'b', '42', 'boyut');
INSERT INTO variant_attributes (variant_id, attr_key, attr_value, group_key) VALUES (86, 'c1', '19', 'boyut');
INSERT INTO variant_attributes (variant_id, attr_key, attr_value, group_key) VALUES (86, 'c2', '22', 'boyut');
INSERT INTO variant_attributes (variant_id, attr_key, attr_value, group_key) VALUES (86, 'L', '77', 'boyut');
INSERT INTO variant_attributes (variant_id, attr_key, attr_value, group_key) VALUES (86, 'KUTU_ADEDI', '16', 'adet_agirlik');
INSERT INTO variant_attributes (variant_id, attr_key, attr_value, group_key) VALUES (86, 'KUTU_AGIRLIGI', '~2,8 kg.', 'adet_agirlik');
INSERT INTO variant_attributes (variant_id, attr_key, attr_value, group_key) VALUES (86, 'KOLI_ADEDI', '128.0', 'adet_agirlik');
INSERT INTO variant_attributes (variant_id, attr_key, attr_value, group_key) VALUES (86, 'KOLI_AGIRLIGI', '22,4 kg.', 'adet_agirlik');
INSERT INTO product_variants (id, product_id, variant_code, sort_order) VALUES (87, 55, 'SKP-A/300-M20', 87);
INSERT INTO variant_attributes (variant_id, attr_key, attr_value, group_key) VALUES (87, 'KABLO_KESITI', '300', 'kunye_filtre');
INSERT INTO variant_attributes (variant_id, attr_key, attr_value, group_key) VALUES (87, 'CIVATA', 'M20', 'kunye_filtre');
INSERT INTO variant_attributes (variant_id, attr_key, attr_value, group_key) VALUES (87, 'd1', '23.5', 'boyut');
INSERT INTO variant_attributes (variant_id, attr_key, attr_value, group_key) VALUES (87, 'd4', '28.5', 'boyut');
INSERT INTO variant_attributes (variant_id, attr_key, attr_value, group_key) VALUES (87, 'a', '42.5', 'boyut');
INSERT INTO variant_attributes (variant_id, attr_key, attr_value, group_key) VALUES (87, 'd2', '21', 'boyut');
INSERT INTO variant_attributes (variant_id, attr_key, attr_value, group_key) VALUES (87, 'b', '42', 'boyut');
INSERT INTO variant_attributes (variant_id, attr_key, attr_value, group_key) VALUES (87, 'c1', '19', 'boyut');
INSERT INTO variant_attributes (variant_id, attr_key, attr_value, group_key) VALUES (87, 'c2', '22', 'boyut');
INSERT INTO variant_attributes (variant_id, attr_key, attr_value, group_key) VALUES (87, 'L', '77', 'boyut');
INSERT INTO variant_attributes (variant_id, attr_key, attr_value, group_key) VALUES (87, 'KUTU_ADEDI', '16', 'adet_agirlik');